location_id,city,state,country,geo_risk_score
0,Loni,Assam,India,0.435
1,Raurkela Industrial Township,Tripura,India,0.659
2,Kirari Suleman Nagar,Manipur,India,0.323
3,Aurangabad,Andhra Pradesh,India,0.178
4,Tadepalligudem,Tamil Nadu,India,0.652
5,Saharanpur,Arunachal Pradesh,India,0.31
6,Motihari,Maharashtra,India,0.229
7,Tiruchirappalli,Haryana,India,0.094
8,Haldia,West Bengal,India,0.221
9,Sultan Pur Majra,Rajasthan,India,0.36
10,Raipur,Karnataka,India,0.428
11,Bhiwandi,Karnataka,India,0.371
12,Mahbubnagar,Bihar,India,0.398
13,Delhi,Chhattisgarh,India,0.343
14,Tadipatri,Gujarat,India,0.235
15,Eluru,Tripura,India,0.227
16,Srinagar,Assam,India,0.686
17,Ballia,Arunachal Pradesh,India,0.115
18,Panvel,Sikkim,India,0.189
19,Thoothukudi,Arunachal Pradesh,India,0.074
20,Bhagalpur,West Bengal,India,0.563
21,Pondicherry,Arunachal Pradesh,India,0.059
22,Bareilly,Madhya Pradesh,India,0.22
23,Ranchi,Telangana,India,0.189
24,Panvel,Nagaland,India,0.255
25,Jamalpur,Gujarat,India,0.321
26,Karnal,Tamil Nadu,India,0.192
27,Raipur,Gujarat,India,0.103
28,Kozhikode,Sikkim,India,0.393
29,Jehanabad,Meghalaya,India,0.101
30,Hapur,West Bengal,India,0.413
31,Raurkela Industrial Township,Arunachal Pradesh,India,0.686
32,Darbhanga,Uttarakhand,India,0.436
33,Serampore,Tripura,India,0.307
34,Hazaribagh,Gujarat,India,0.008
35,Bidhannagar,Assam,India,0.498
36,Dehradun,Manipur,India,0.506
37,Bellary,Madhya Pradesh,India,0.185
38,Sasaram,Sikkim,India,0.46
39,Serampore,Rajasthan,India,0.342
40,Danapur,Karnataka,India,0.206
41,Gurgaon,Haryana,India,0.642
42,Katihar,Punjab,India,0.217
43,Faridabad,Haryana,India,0.318
44,Imphal,Meghalaya,India,0.12
45,Bharatpur,Uttarakhand,India,0.311
46,Guntur,Karnataka,India,0.183
47,Proddatur,Kerala,India,0.379
48,Rajkot,Nagaland,India,0.274
49,Vasai-Virar,Madhya Pradesh,India,0.247
50,Phusro,Haryana,India,0.401
51,Dibrugarh,Gujarat,India,0.459
52,Shivpuri,West Bengal,India,0.139
53,Mirzapur,Gujarat,India,0.466
54,Vijayanagaram,Telangana,India,0.289
55,Satna,Odisha,India,0.078
56,Proddatur,West Bengal,India,0.43
57,Bally,Sikkim,India,0.272
58,Ongole,Odisha,India,0.401
59,Phagwara,Sikkim,India,0.377
60,Bardhaman,Arunachal Pradesh,India,0.213
61,Baranagar,Assam,India,0.08
62,Berhampore,Nagaland,India,0.419
63,Kottayam,Andhra Pradesh,India,0.08
64,Saharanpur,Meghalaya,India,0.297
65,Yamunanagar,Bihar,India,0.42
66,Panvel,Tripura,India,0.293
67,Anantapur,Mizoram,India,0.2
68,Unnao,Maharashtra,India,0.29
69,Jamalpur,Uttarakhand,India,0.176
70,Kozhikode,Gujarat,India,0.177
71,Kozhikode,Assam,India,0.131
72,Agartala,Chhattisgarh,India,0.225
73,Kadapa,Uttarakhand,India,0.082
74,Bhalswa Jahangir Pur,Uttarakhand,India,0.229
75,Arrah,Kerala,India,0.428
76,Amroha,Assam,India,0.526
77,Tirunelveli,Nagaland,India,0.184
78,Aligarh,Nagaland,India,0.199
79,Proddatur,Karnataka,India,0.117
80,Machilipatnam,Andhra Pradesh,India,0.293
81,Darbhanga,Madhya Pradesh,India,0.007
82,Pondicherry,Tripura,India,0.18
83,Yamunanagar,Odisha,India,0.329
84,Ajmer,Nagaland,India,0.075
85,Moradabad,Tamil Nadu,India,0.19
86,Chapra,Tamil Nadu,India,0.276
87,Rajpur Sonarpur,West Bengal,India,0.116
88,Aurangabad,Nagaland,India,0.098
89,Karimnagar,Uttarakhand,India,0.46
90,Nandyal,Punjab,India,0.305
91,New Delhi,Telangana,India,0.122
92,Karawal Nagar,Tripura,India,0.465
93,Miryalaguda,Bihar,India,0.211
94,Gwalior,Meghalaya,India,0.288
95,Hapur,Haryana,India,0.244
96,Shahjahanpur,Odisha,India,0.208
97,Uluberia,Punjab,India,0.159
98,Muzaffarpur,Karnataka,India,0.057
99,Kamarhati,Karnataka,India,0.444
100,Hajipur,Uttar Pradesh,India,0.389
101,Loni,Sikkim,India,0.083
102,Rampur,Uttarakhand,India,0.099
103,Mahbubnagar,Manipur,India,0.125
104,Morena,Telangana,India,0.041
105,South Dumdum,Himachal Pradesh,India,0.3
106,Hosur,Jharkhand,India,0.163
107,Latur,Madhya Pradesh,India,0.61
108,Ranchi,Assam,India,0.026
109,Maheshtala,Rajasthan,India,0.157
110,Karawal Nagar,Nagaland,India,0.075
111,Danapur,Karnataka,India,0.663
112,Suryapet,Uttar Pradesh,India,0.293
113,Miryalaguda,Karnataka,India,0.285
114,Thrissur,Assam,India,0.316
115,Bhimavaram,Tamil Nadu,India,0.289
116,Ambattur,Jharkhand,India,0.355
117,Tiruvottiyur,Chhattisgarh,India,0.18
118,Nangloi Jat,West Bengal,India,0.435
119,Purnia,Rajasthan,India,0.323
120,Coimbatore,Karnataka,India,0.165
121,Nagercoil,Tamil Nadu,India,0.179
122,Purnia,West Bengal,India,0.231
123,Shimoga,Gujarat,India,0.286
124,Pallavaram,Meghalaya,India,0.237
125,Moradabad,Kerala,India,0.223
126,Anand,Uttar Pradesh,India,0.217
127,Jamshedpur,Rajasthan,India,0.294
128,Morbi,Arunachal Pradesh,India,0.609
129,Rajkot,Rajasthan,India,0.544
130,Nadiad,Odisha,India,0.163
131,Jalandhar,Mizoram,India,0.335
132,Madhyamgram,Odisha,India,0.342
133,Anantapuram,Sikkim,India,0.609
134,Navi Mumbai,Uttar Pradesh,India,0.596
135,Jalna,Jharkhand,India,0.328
136,Gulbarga,West Bengal,India,0.54
137,Maheshtala,Tripura,India,0.258
138,Jorhat,Meghalaya,India,0.478
139,Dharmavaram,Mizoram,India,0.321
140,Ramagundam,Chhattisgarh,India,0.322
141,Guntur,Arunachal Pradesh,India,0.436
142,Bellary,Punjab,India,0.371
143,Narasaraopet,Assam,India,0.23
144,Kolkata,Haryana,India,0.388
145,Davanagere,Arunachal Pradesh,India,0.461
146,Asansol,Andhra Pradesh,India,0.517
147,Anantapuram,Tripura,India,0.163
148,Aurangabad,Jharkhand,India,0.085
149,Surendranagar Dudhrej,Uttarakhand,India,0.445
150,Danapur,West Bengal,India,0.471
151,Tirupati,Himachal Pradesh,India,0.451
152,Patna,Sikkim,India,0.2
153,Guna,Meghalaya,India,0.523
154,Thiruvananthapuram,Uttarakhand,India,0.035
155,Chennai,Andhra Pradesh,India,0.2
156,Unnao,Mizoram,India,0.375
157,Agra,Uttar Pradesh,India,0.166
158,Bathinda,Madhya Pradesh,India,0.335
159,Guntur,Haryana,India,0.341
160,Suryapet,Karnataka,India,0.677
161,Tiruchirappalli,Bihar,India,0.429
162,Shahjahanpur,Himachal Pradesh,India,0.659
163,Dindigul,Bihar,India,0.405
164,Guntur,Gujarat,India,0.452
165,Raurkela Industrial Township,West Bengal,India,0.206
166,Mumbai,Assam,India,0.3
167,Kulti,Sikkim,India,0.082
168,Kadapa,Bihar,India,0.391
169,Muzaffarpur,Jharkhand,India,0.464
170,Durg,Meghalaya,India,0.167
171,Nellore,West Bengal,India,0.166
172,Thanjavur,West Bengal,India,0.488
173,Rewa,Chhattisgarh,India,0.28
174,Kalyan-Dombivli,Maharashtra,India,0.301
175,Tezpur,Gujarat,India,0.214
176,Madurai,Punjab,India,0.19
177,Deoghar,Mizoram,India,0.321
178,Adoni,Haryana,India,0.176
179,Dindigul,Mizoram,India,0.49
180,Udupi,Punjab,India,0.522
181,Saharsa,Assam,India,0.328
182,Asansol,Uttar Pradesh,India,0.217
183,Chandigarh,Sikkim,India,0.512
184,Rourkela,Jharkhand,India,0.24
185,Aligarh,Tripura,India,0.104
186,Raiganj,Gujarat,India,0.144
187,Ballia,Himachal Pradesh,India,0.326
188,Aligarh,Assam,India,0.181
189,Saharanpur,Tripura,India,0.466
190,Orai,Telangana,India,0.216
191,Bhavnagar,Andhra Pradesh,India,0.121
192,Bareilly,Odisha,India,0.31
193,Gurgaon,Chhattisgarh,India,0.209
194,Hyderabad,Andhra Pradesh,India,0.686
195,Dindigul,Haryana,India,0.161
196,Chandrapur,Telangana,India,0.195
197,Kanpur,Tamil Nadu,India,0.09
198,Ghaziabad,Odisha,India,0.776
199,Khammam,Uttar Pradesh,India,0.424
200,Medininagar,Maharashtra,India,0.27
201,Nanded,Meghalaya,India,0.38
202,Hyderabad,Tripura,India,0.174
203,Ahmednagar,Uttarakhand,India,0.211
204,Asansol,Tamil Nadu,India,0.148
205,Motihari,Uttarakhand,India,0.352
206,Bhubaneswar,Mizoram,India,0.09
207,Jehanabad,Karnataka,India,0.284
208,Karnal,Bihar,India,0.128
209,Buxar,Tripura,India,0.252
210,Rampur,Karnataka,India,0.147
211,Raichur,Haryana,India,0.097
212,Gandhidham,Himachal Pradesh,India,0.151
213,Jabalpur,Karnataka,India,0.285
214,Morbi,Sikkim,India,0.437
215,Kolhapur,Himachal Pradesh,India,0.454
216,Bhiwandi,Meghalaya,India,0.148
217,Bongaigaon,Goa,India,0.779
218,Rajahmundry,Chhattisgarh,India,0.69
219,Ujjain,Odisha,India,0.469
220,Silchar,Madhya Pradesh,India,0.024
221,Bikaner,Punjab,India,0.246
222,Shivpuri,Andhra Pradesh,India,0.264
223,Delhi,Meghalaya,India,0.257
224,Nandyal,Mizoram,India,0.371
225,Saharanpur,Arunachal Pradesh,India,0.261
226,Davanagere,Karnataka,India,0.346
227,Kirari Suleman Nagar,Mizoram,India,0.311
228,Thrissur,Karnataka,India,0.089
229,Agartala,Assam,India,0.108
230,Panchkula,Jharkhand,India,0.28
231,Navi Mumbai,Uttar Pradesh,India,0.384
232,Aurangabad,Tamil Nadu,India,0.583
233,Raebareli,Kerala,India,0.11
234,Jaunpur,Tamil Nadu,India,0.377
235,Udaipur,Chhattisgarh,India,0.516
236,Ratlam,Kerala,India,0.392
237,Vellore,Tripura,India,0.395
238,Munger,Maharashtra,India,0.272
239,Panvel,Gujarat,India,0.194
240,Bhilwara,Maharashtra,India,0.357
241,Kishanganj,Assam,India,0.147
242,Latur,Odisha,India,0.053
243,Machilipatnam,Madhya Pradesh,India,0.377
244,Thiruvananthapuram,Chhattisgarh,India,0.433
245,Khammam,Goa,India,0.352
246,Tumkur,Meghalaya,India,0.498
247,Hosur,Nagaland,India,0.135
248,Satna,Meghalaya,India,0.282
249,Darbhanga,Jharkhand,India,0.634
250,Mira-Bhayandar,Assam,India,0.044
251,Tirunelveli,Uttarakhand,India,0.263
252,Satna,Gujarat,India,0.438
253,Bikaner,Andhra Pradesh,India,0.235
254,Bhind,Gujarat,India,0.218
255,Dindigul,Kerala,India,0.07
256,Durgapur,Sikkim,India,0.364
257,Jamshedpur,Nagaland,India,0.367
258,Kavali,Mizoram,India,0.197
259,Phusro,Jharkhand,India,0.022
260,Uluberia,Jharkhand,India,0.663
261,Coimbatore,Meghalaya,India,0.246
262,Mau,Jharkhand,India,0.24
263,Tiruvottiyur,Sikkim,India,0.503
264,Uluberia,Andhra Pradesh,India,0.389
265,Nangloi Jat,West Bengal,India,0.046
266,Raipur,Rajasthan,India,0.129
267,Guntur,Uttarakhand,India,0.258
268,Aligarh,Meghalaya,India,0.409
269,Ambattur,Karnataka,India,0.179
270,Mumbai,Haryana,India,0.372
271,Farrukhabad,Sikkim,India,0.029
272,Bhind,West Bengal,India,0.423
273,Amravati,Chhattisgarh,India,0.364
274,Gudivada,Goa,India,0.065
275,Jamnagar,Arunachal Pradesh,India,0.166
276,Thoothukudi,Odisha,India,0.086
277,Moradabad,Punjab,India,0.13
278,Dhanbad,Tripura,India,0.057
279,Chennai,Arunachal Pradesh,India,0.365
280,Faridabad,Punjab,India,0.23
281,Mehsana,Madhya Pradesh,India,0.223
282,Miryalaguda,Arunachal Pradesh,India,0.055
283,Proddatur,Rajasthan,India,0.147
284,Gaya,Arunachal Pradesh,India,0.062
285,Dibrugarh,Karnataka,India,0.216
286,Bokaro,Sikkim,India,0.189
287,Rampur,Nagaland,India,0.322
288,Bilaspur,Chhattisgarh,India,0.652
289,Chennai,Odisha,India,0.388
290,Nellore,Telangana,India,0.113
291,Rewa,Jharkhand,India,0.228
292,Jehanabad,West Bengal,India,0.187
293,Jehanabad,Telangana,India,0.406
294,Purnia,Haryana,India,0.399
295,Nadiad,Gujarat,India,0.295
296,Pimpri-Chinchwad,Bihar,India,0.394
297,Ramgarh,Haryana,India,0.056
298,Ambarnath,Gujarat,India,0.226
299,Mehsana,Rajasthan,India,0.009
300,Amravati,Jharkhand,India,0.236
301,Bhalswa Jahangir Pur,Uttar Pradesh,India,0.64
302,Jamshedpur,Jharkhand,India,0.185
303,Loni,Uttarakhand,India,0.493
304,Gurgaon,Karnataka,India,0.163
305,Bihar Sharif,Himachal Pradesh,India,0.353
306,Jhansi,Assam,India,0.183
307,Sangli-Miraj & Kupwad,Jharkhand,India,0.316
308,Amroha,Mizoram,India,0.174
309,Bhalswa Jahangir Pur,Mizoram,India,0.283
310,Bhind,Rajasthan,India,0.256
311,Bhimavaram,Haryana,India,0.268
312,Thane,Haryana,India,0.437
313,Bhiwani,Gujarat,India,0.482
314,Panipat,Assam,India,0.569
315,Nadiad,West Bengal,India,0.458
316,Arrah,Chhattisgarh,India,0.329
317,Alwar,Himachal Pradesh,India,0.186
318,Tadipatri,Telangana,India,0.404
319,Ghaziabad,Gujarat,India,0.443
320,Morbi,Bihar,India,0.253
321,Bhind,Assam,India,0.49
322,Begusarai,Gujarat,India,0.383
323,Katni,Himachal Pradesh,India,0.078
324,Loni,Arunachal Pradesh,India,0.069
325,Nashik,Chhattisgarh,India,0.247
326,Hajipur,Gujarat,India,0.288
327,Eluru,Manipur,India,0.385
328,Panihati,Madhya Pradesh,India,0.159
329,Jalgaon,Bihar,India,0.139
330,Secunderabad,Maharashtra,India,0.047
331,Suryapet,Himachal Pradesh,India,0.35
332,Mirzapur,Arunachal Pradesh,India,0.146
333,Guntakal,West Bengal,India,0.025
334,Warangal,West Bengal,India,0.131
335,Amroha,Gujarat,India,0.558
336,Shimoga,Madhya Pradesh,India,0.444
337,Ballia,Arunachal Pradesh,India,0.336
338,Khandwa,West Bengal,India,0.393
339,Sonipat,Maharashtra,India,0.305
340,Karimnagar,Rajasthan,India,0.153
341,Sasaram,Maharashtra,India,0.283
342,Jamshedpur,Karnataka,India,0.392
343,Dindigul,Punjab,India,0.559
344,Faridabad,Uttarakhand,India,0.38
345,Gurgaon,Meghalaya,India,0.346
346,Kochi,Punjab,India,0.242
347,Avadi,Punjab,India,0.104
348,Visakhapatnam,Assam,India,0.325
349,Thoothukudi,Telangana,India,0.282
350,Buxar,Uttarakhand,India,0.092
351,Tirupati,West Bengal,India,0.193
352,Khammam,Punjab,India,0.104
353,Kolhapur,Tamil Nadu,India,0.184
354,Sambalpur,Rajasthan,India,0.194
355,Nellore,Andhra Pradesh,India,0.306
356,Shivpuri,Arunachal Pradesh,India,0.343
357,Ongole,Tripura,India,0.322
358,Silchar,Tamil Nadu,India,0.311
359,Durg,Bihar,India,0.105
360,Jorhat,Meghalaya,India,0.144
361,Alwar,Bihar,India,0.045
362,Korba,Tamil Nadu,India,0.241
363,Eluru,Andhra Pradesh,India,0.448
364,Morbi,Mizoram,India,0.262
365,Tinsukia,Jharkhand,India,0.254
366,Bardhaman,Manipur,India,0.395
367,Sambhal,Rajasthan,India,0.446
368,Kalyan-Dombivli,Tripura,India,0.28
369,Moradabad,Odisha,India,0.239
370,Satara,Goa,India,0.122
371,Muzaffarpur,Andhra Pradesh,India,0.301
372,Rampur,Karnataka,India,0.301
373,Berhampore,Sikkim,India,0.463
374,Morena,Manipur,India,0.208
375,Adoni,Manipur,India,0.18
376,Bellary,Manipur,India,0.316
377,Loni,Punjab,India,0.143
378,Madanapalle,Himachal Pradesh,India,0.312
379,Hindupur,Uttarakhand,India,0.147
380,Jammu,Karnataka,India,0.278
381,Vadodara,Himachal Pradesh,India,0.493
382,Nizamabad,Tamil Nadu,India,0.179
383,Machilipatnam,Manipur,India,0.324
384,Buxar,Uttarakhand,India,0.201
385,Imphal,Himachal Pradesh,India,0.204
386,Bahraich,Sikkim,India,0.433
387,Panchkula,Maharashtra,India,0.197
388,Ramgarh,Assam,India,0.153
389,Eluru,Arunachal Pradesh,India,0.571
390,Kharagpur,Odisha,India,0.04
391,Miryalaguda,Haryana,India,0.428
392,Mehsana,Bihar,India,0.294
393,Gangtok,Haryana,India,0.304
394,Gopalpur,Madhya Pradesh,India,0.351
395,Dhule,Odisha,India,0.274
396,Kakinada,Manipur,India,0.201
397,Suryapet,Tamil Nadu,India,0.376
398,Kanpur,Punjab,India,0.521
399,Berhampur,Punjab,India,0.461
400,Berhampore,Uttarakhand,India,0.17
401,Mumbai,Goa,India,0.256
402,Nangloi Jat,Andhra Pradesh,India,0.266
403,Bhiwandi,Haryana,India,0.328
404,Amaravati,Rajasthan,India,0.027
405,Durgapur,Assam,India,0.548
406,Jaipur,Mizoram,India,0.087
407,Bhagalpur,Tripura,India,0.266
408,Proddatur,Maharashtra,India,0.456
409,Suryapet,Maharashtra,India,0.465
410,Lucknow,Jharkhand,India,0.531
411,Davanagere,Sikkim,India,0.242
412,Moradabad,Chhattisgarh,India,0.596
413,Bilaspur,Uttarakhand,India,0.375
414,Belgaum,Jharkhand,India,0.32
415,Khora ,Andhra Pradesh,India,0.277
416,Proddatur,Andhra Pradesh,India,0.088
417,Srikakulam,Manipur,India,0.306
418,Rajahmundry,Sikkim,India,0.489
419,Hapur,Rajasthan,India,0.096
420,Hubli–Dharwad,Gujarat,India,0.057
421,Madurai,Himachal Pradesh,India,0.018
422,Imphal,Tamil Nadu,India,0.212
423,Madanapalle,Tamil Nadu,India,0.329
424,Ranchi,West Bengal,India,0.177
425,Thiruvananthapuram,Bihar,India,0.68
426,Panipat,Rajasthan,India,0.071
427,Bidar,Chhattisgarh,India,0.571
428,Sikar,Karnataka,India,0.389
429,Dewas,Sikkim,India,0.386
430,Jamnagar,Rajasthan,India,0.493
431,Mysore,Gujarat,India,0.244
432,Kumbakonam,Chhattisgarh,India,0.442
433,Udupi,Mizoram,India,0.11
434,Munger,Meghalaya,India,0.449
435,Anand,Manipur,India,0.313
436,Tiruvottiyur,Mizoram,India,0.333
437,Serampore,Andhra Pradesh,India,0.335
438,Medininagar,Kerala,India,0.039
439,Arrah,Jharkhand,India,0.513
440,Varanasi,Gujarat,India,0.039
441,Mysore,Assam,India,0.385
442,Jalandhar,Maharashtra,India,0.25
443,Singrauli,Himachal Pradesh,India,0.294
444,Hospet,Madhya Pradesh,India,0.332
445,Ulhasnagar,Assam,India,0.227
446,Kalyan-Dombivli,West Bengal,India,0.315
447,Farrukhabad,Meghalaya,India,0.362
448,Kochi,Assam,India,0.177
449,Danapur,Tripura,India,0.068
450,Medininagar,Sikkim,India,0.18
451,Udupi,Karnataka,India,0.092
452,Vellore,Uttar Pradesh,India,0.394
453,Moradabad,Gujarat,India,0.142
454,Ambarnath,Telangana,India,0.269
455,Phagwara,Punjab,India,0.428
456,Pali,Uttarakhand,India,0.251
457,Jaunpur,Meghalaya,India,0.203
458,Kavali,Arunachal Pradesh,India,0.17
459,Bareilly,Goa,India,0.023
460,Udupi,Punjab,India,0.175
461,Avadi,Jharkhand,India,0.156
462,Dindigul,Chhattisgarh,India,0.333
463,Burhanpur,Uttarakhand,India,0.102
464,Raebareli,Manipur,India,0.289
465,Gulbarga,Telangana,India,0.507
466,Baranagar,Goa,India,0.525
467,Ghaziabad,Arunachal Pradesh,India,0.179
468,Shahjahanpur,Meghalaya,India,0.23
469,Jalna,Gujarat,India,0.209
470,Karnal,West Bengal,India,0.284
471,Kochi,Rajasthan,India,0.185
472,Bidar,Arunachal Pradesh,India,0.246
473,Muzaffarnagar,Rajasthan,India,0.235
474,Indore,Bihar,India,0.233
475,Shivpuri,Punjab,India,0.302
476,Sultan Pur Majra,Tamil Nadu,India,0.612
477,Bharatpur,Gujarat,India,0.373
478,Belgaum,Chhattisgarh,India,0.401
479,Vijayanagaram,Telangana,India,0.235
480,Eluru,Kerala,India,0.538
481,Bidar,Assam,India,0.613
482,Burhanpur,Madhya Pradesh,India,0.279
483,Suryapet,Uttar Pradesh,India,0.572
484,Bihar Sharif,Tamil Nadu,India,0.231
485,Gulbarga,Goa,India,0.245
486,Bellary,Andhra Pradesh,India,0.109
487,Ambattur,Arunachal Pradesh,India,0.231
488,Nagaon,Madhya Pradesh,India,0.08
489,Jabalpur,Tamil Nadu,India,0.149
490,Bhatpara,Mizoram,India,0.291
491,Katihar,West Bengal,India,0.061
492,Darbhanga,Telangana,India,0.255
493,Kadapa,Jharkhand,India,0.148
494,Bidhannagar,Tripura,India,0.251
495,Ambala,Tripura,India,0.035
496,Kollam,Madhya Pradesh,India,0.169
497,Bhiwandi,Kerala,India,0.373
498,Orai,Mizoram,India,0.134
499,Ranchi,Andhra Pradesh,India,0.306
500,Chandrapur,Gujarat,India,0.418
501,Junagadh,Chhattisgarh,India,0.613
502,Katihar,Punjab,India,0.428
503,Rampur,Assam,India,0.24
504,Rewa,West Bengal,India,0.259
505,Asansol,Tripura,India,0.535
506,Nellore,Andhra Pradesh,India,0.481
507,Hubli–Dharwad,Chhattisgarh,India,0.406
508,Durg,Himachal Pradesh,India,0.136
509,Kota,Maharashtra,India,0.252
510,Burhanpur,Andhra Pradesh,India,0.165
511,Aizawl,Tripura,India,0.462
512,Bikaner,Jharkhand,India,0.317
513,Kirari Suleman Nagar,Sikkim,India,0.164
514,Kozhikode,Sikkim,India,0.262
515,Asansol,Chhattisgarh,India,0.139
516,Jodhpur,Sikkim,India,0.385
517,Mira-Bhayandar,Manipur,India,0.504
518,Ghaziabad,Haryana,India,0.34
519,Mira-Bhayandar,Nagaland,India,0.279
520,Vijayawada,Andhra Pradesh,India,0.295
521,Mau,Punjab,India,0.522
522,Kota,Mizoram,India,0.296
523,Proddatur,Jharkhand,India,0.652
524,Hubli–Dharwad,Andhra Pradesh,India,0.12
525,Pune,Arunachal Pradesh,India,0.815
526,Pune,Himachal Pradesh,India,0.549
527,Munger,West Bengal,India,0.317
528,Berhampore,Mizoram,India,0.462
529,Tumkur,Arunachal Pradesh,India,0.202
530,Rohtak,Tamil Nadu,India,0.196
531,Shimla,Mizoram,India,0.415
532,Hyderabad,Uttar Pradesh,India,0.302
533,Thane,Karnataka,India,0.122
534,Ballia,Chhattisgarh,India,0.209
535,Aizawl,Manipur,India,0.387
536,Imphal,Himachal Pradesh,India,0.327
537,Bhagalpur,Punjab,India,0.177
538,Ranchi,Manipur,India,0.353
539,Alwar,Gujarat,India,0.346
540,Dehri,Kerala,India,0.474
541,Ozhukarai,Punjab,India,0.127
542,Hindupur,Himachal Pradesh,India,0.327
543,Agartala,Telangana,India,0.336
544,Patiala,Karnataka,India,0.565
545,Proddatur,Jharkhand,India,0.17
546,Parbhani,Odisha,India,0.398
547,Amravati,Sikkim,India,0.192
548,Saharanpur,Punjab,India,0.274
549,South Dumdum,Uttar Pradesh,India,0.045
550,Kumbakonam,Gujarat,India,0.147
551,Ahmedabad,Kerala,India,0.066
552,Hajipur,Tripura,India,0.473
553,Chinsurah,Telangana,India,0.287
554,Narasaraopet,Gujarat,India,0.252
555,Ratlam,Kerala,India,0.751
556,Sagar,Assam,India,0.287
557,Chinsurah,Maharashtra,India,0.398
558,Dindigul,Maharashtra,India,0.73
559,Phagwara,Uttar Pradesh,India,0.463
560,Pune,Andhra Pradesh,India,0.236
561,Haldia,Rajasthan,India,0.494
562,Bidar,Andhra Pradesh,India,0.098
563,Bareilly,Tripura,India,0.327
564,Jodhpur,Tamil Nadu,India,0.234
565,Meerut,Himachal Pradesh,India,0.286
566,Bathinda,Karnataka,India,0.306
567,Serampore,Meghalaya,India,0.292
568,Shivpuri,West Bengal,India,0.214
569,Chandrapur,Meghalaya,India,0.162
570,Salem,Haryana,India,0.268
571,Gandhinagar,Telangana,India,0.334
572,Gangtok,Manipur,India,0.338
573,Hubli–Dharwad,Punjab,India,0.076
574,Sagar,Uttar Pradesh,India,0.088
575,Pali,Rajasthan,India,0.671
576,Anantapuram,Arunachal Pradesh,India,0.278
577,Amaravati,Bihar,India,0.315
578,Kollam,Telangana,India,0.011
579,Kakinada,Maharashtra,India,0.315
580,Ahmednagar,Meghalaya,India,0.014
581,Chapra,Bihar,India,0.072
582,Tadepalligudem,Sikkim,India,0.279
583,Ballia,Mizoram,India,0.486
584,Jalandhar,Nagaland,India,0.449
585,Thiruvananthapuram,Mizoram,India,0.585
586,Sikar,Chhattisgarh,India,0.345
587,Deoghar,Kerala,India,0.41
588,Davanagere,Sikkim,India,0.236
589,Indore,Maharashtra,India,0.593
590,Pune,Uttar Pradesh,India,0.139
591,Mangalore,West Bengal,India,0.225
592,Farrukhabad,Rajasthan,India,0.479
593,Bongaigaon,Tripura,India,0.193
594,Pallavaram,Tripura,India,0.152
595,Karnal,West Bengal,India,0.28
596,Ulhasnagar,Mizoram,India,0.072
597,Katihar,Tripura,India,0.236
598,Surat,Punjab,India,0.163
599,Bhusawal,Mizoram,India,0.256
600,Begusarai,Kerala,India,0.422
601,Sikar,Rajasthan,India,0.039
602,Raichur,Telangana,India,0.18
603,Darbhanga,Nagaland,India,0.385
604,Kolkata,Kerala,India,0.2
605,Saharanpur,Goa,India,0.166
606,Giridih,Goa,India,0.171
607,Bikaner,Meghalaya,India,0.22
608,Surendranagar Dudhrej,Maharashtra,India,0.204
609,Tumkur,Himachal Pradesh,India,0.329
610,Anantapuram,Nagaland,India,0.256
611,Kottayam,Karnataka,India,0.212
612,Adoni,Manipur,India,0.444
613,Khandwa,Manipur,India,0.573
614,Khora ,Punjab,India,0.466
615,Guntur,Assam,India,0.327
616,Secunderabad,Gujarat,India,0.308
617,Unnao,Bihar,India,0.26
618,Rampur,Uttar Pradesh,India,0.183
619,Avadi,Tripura,India,0.297
620,Katni,Karnataka,India,0.174
621,Muzaffarnagar,Himachal Pradesh,India,0.274
622,Jabalpur,Rajasthan,India,0.459
623,Ozhukarai,Goa,India,0.399
624,Sasaram,West Bengal,India,0.053
625,Kochi,Uttarakhand,India,0.2
626,South Dumdum,Tamil Nadu,India,0.112
627,Ichalkaranji,Assam,India,0.325
628,Madhyamgram,Himachal Pradesh,India,0.489
629,Dhule,Sikkim,India,0.416
630,Jamalpur,Meghalaya,India,0.59
631,Dehradun,Maharashtra,India,0.117
632,Imphal,Manipur,India,0.217
633,Ludhiana,Uttarakhand,India,0.752
634,Meerut,Himachal Pradesh,India,0.295
635,Ulhasnagar,Meghalaya,India,0.434
636,Aurangabad,Kerala,India,0.591
637,Madhyamgram,Uttar Pradesh,India,0.166
638,Karawal Nagar,Rajasthan,India,0.188
639,Alwar,Gujarat,India,0.512
640,Kota,Jharkhand,India,0.638
641,Raebareli,Mizoram,India,0.267
642,Gaya,West Bengal,India,0.173
643,Narasaraopet,Uttarakhand,India,0.091
644,Bahraich,Odisha,India,0.308
645,Gwalior,Sikkim,India,0.406
646,Indore,Manipur,India,0.181
647,Madanapalle,Andhra Pradesh,India,0.379
648,Gulbarga,Madhya Pradesh,India,0.132
649,Tezpur,Punjab,India,0.63
650,Tadipatri,Goa,India,0.211
651,Kharagpur,Punjab,India,0.234
652,Nagercoil,Meghalaya,India,0.207
653,Jaipur,Bihar,India,0.171
654,Bhatpara,Telangana,India,0.502
655,Guntur,Himachal Pradesh,India,0.37
656,Danapur,Odisha,India,0.301
657,Ballia,Manipur,India,0.377
658,Thoothukudi,Mizoram,India,0.21
659,Pondicherry,Manipur,India,0.156
660,Tinsukia,Jharkhand,India,0.207
661,Bharatpur,Chhattisgarh,India,0.085
662,Arrah,Punjab,India,0.135
663,Gandhidham,Uttarakhand,India,0.578
664,Kavali,Nagaland,India,0.136
665,Farrukhabad,Madhya Pradesh,India,0.134
666,Amroha,Himachal Pradesh,India,0.426
667,Sikar,Nagaland,India,0.2
668,Pali,Tripura,India,0.211
669,Begusarai,Madhya Pradesh,India,0.115
670,Kakinada,Manipur,India,0.422
671,Aligarh,Chhattisgarh,India,0.179
672,Gangtok,Assam,India,0.39
673,Secunderabad,Punjab,India,0.509
674,Aligarh,Arunachal Pradesh,India,0.066
675,Sikar,Bihar,India,0.225
676,Ramgarh,Himachal Pradesh,India,0.642
677,Chennai,Andhra Pradesh,India,0.542
678,Guna,Rajasthan,India,0.025
679,Pimpri-Chinchwad,Tripura,India,0.334
680,Satna,Chhattisgarh,India,0.223
681,Yamunanagar,Gujarat,India,0.236
682,Serampore,Karnataka,India,0.217
683,Bhubaneswar,Uttarakhand,India,0.433
684,Amravati,Uttarakhand,India,0.212
685,Bikaner,Himachal Pradesh,India,0.288
686,Amritsar,Tripura,India,0.167
687,Rajkot,Assam,India,0.105
688,Saharanpur,Sikkim,India,0.124
689,Jodhpur,Himachal Pradesh,India,0.181
690,Thane,Himachal Pradesh,India,0.191
691,Jehanabad,Tamil Nadu,India,0.344
692,Silchar,Meghalaya,India,0.37
693,Dewas,Uttarakhand,India,0.524
694,Dewas,Telangana,India,0.191
695,Avadi,Maharashtra,India,0.612
696,Kulti,Mizoram,India,0.4
697,Karaikudi,Kerala,India,0.381
698,Parbhani,Arunachal Pradesh,India,0.243
699,Kochi,Bihar,India,0.4
700,Tadipatri,Sikkim,India,0.412
701,Purnia,Himachal Pradesh,India,0.171
702,Ajmer,Uttarakhand,India,0.131
703,Gorakhpur,Karnataka,India,0.046
704,Ulhasnagar,Bihar,India,0.292
705,Mathura,Meghalaya,India,0.432
706,Ghaziabad,Meghalaya,India,0.118
707,Thanjavur,Kerala,India,0.179
708,Proddatur,Tripura,India,0.366
709,Kollam,Telangana,India,0.046
710,Miryalaguda,Uttarakhand,India,0.606
711,Visakhapatnam,Odisha,India,0.08
712,Orai,Chhattisgarh,India,0.366
713,Surendranagar Dudhrej,West Bengal,India,0.009
714,Bhilai,Andhra Pradesh,India,0.427
715,Ranchi,Meghalaya,India,0.281
716,Akola,Assam,India,0.049
717,Ozhukarai,Manipur,India,0.331
718,Dibrugarh,West Bengal,India,0.111
719,Aligarh,Andhra Pradesh,India,0.298
720,Nagercoil,Mizoram,India,0.109
721,Allahabad,Kerala,India,0.462
722,Bongaigaon,Tripura,India,0.588
723,Satara,West Bengal,India,0.412
724,Kanpur,Himachal Pradesh,India,0.251
725,Tadepalligudem,West Bengal,India,0.546
726,Kurnool,Mizoram,India,0.322
727,Bhagalpur,Chhattisgarh,India,0.759
728,Vellore,Punjab,India,0.195
729,Shivpuri,Himachal Pradesh,India,0.17
730,Salem,Odisha,India,0.218
731,Malegaon,Uttar Pradesh,India,0.39
732,Bhubaneswar,Uttarakhand,India,0.108
733,Nagaon,Tripura,India,0.27
734,Allahabad,Gujarat,India,0.105
735,Sasaram,Himachal Pradesh,India,0.322
736,Baranagar,Punjab,India,0.052
737,Pondicherry,Maharashtra,India,0.031
738,Serampore,Odisha,India,0.227
739,Meerut,Manipur,India,0.034
740,Mau,Chhattisgarh,India,0.361
741,Belgaum,Uttar Pradesh,India,0.496
742,Jammu,Uttar Pradesh,India,0.408
743,Rajkot,Mizoram,India,0.563
744,Gandhinagar,Andhra Pradesh,India,0.178
745,Siwan,Himachal Pradesh,India,0.127
746,Sambalpur,Karnataka,India,0.404
747,Mango,West Bengal,India,0.304
748,Gandhinagar,Goa,India,0.612
749,Hapur,Uttar Pradesh,India,0.185
750,Mehsana,Rajasthan,India,0.199
751,Guntur,Punjab,India,0.574
752,Bilaspur,Jharkhand,India,0.432
753,Sri Ganganagar,Karnataka,India,0.109
754,Pudukkottai,Kerala,India,0.247
755,Akola,Bihar,India,0.306
756,Giridih,Chhattisgarh,India,0.112
757,Kharagpur,Tripura,India,0.482
758,Rewa,Rajasthan,India,0.306
759,Mira-Bhayandar,Chhattisgarh,India,0.264
760,Gudivada,Sikkim,India,0.224
761,Kanpur,Meghalaya,India,0.521
762,Kolhapur,Sikkim,India,0.115
763,Anantapuram,Goa,India,0.059
764,Proddatur,Jharkhand,India,0.121
765,Amaravati,Bihar,India,0.431
766,Bhimavaram,Odisha,India,0.174
767,Mehsana,Maharashtra,India,0.259
768,New Delhi,Haryana,India,0.265
769,Kishanganj,Nagaland,India,0.6
770,Davanagere,Arunachal Pradesh,India,0.555
771,Lucknow,West Bengal,India,0.352
772,Jamshedpur,Tamil Nadu,India,0.437
773,Ghaziabad,Himachal Pradesh,India,0.636
774,Nangloi Jat,Nagaland,India,0.058
775,Karnal,Manipur,India,0.072
776,Tumkur,Gujarat,India,0.556
777,Latur,Uttarakhand,India,0.617
778,Bidhannagar,Punjab,India,0.181
779,Asansol,Arunachal Pradesh,India,0.261
780,Sambhal,Arunachal Pradesh,India,0.152
781,Mysore,Gujarat,India,0.467
782,Bhubaneswar,Madhya Pradesh,India,0.331
783,Pune,Uttarakhand,India,0.413
784,Darbhanga,Bihar,India,0.462
785,Baranagar,Kerala,India,0.128
786,Dibrugarh,Assam,India,0.244
787,Gudivada,Manipur,India,0.372
788,Kalyan-Dombivli,Haryana,India,0.636
789,Chapra,Arunachal Pradesh,India,0.283
790,Bettiah,Arunachal Pradesh,India,0.073
791,Raurkela Industrial Township,Punjab,India,0.23
792,Udaipur,Madhya Pradesh,India,0.092
793,Cuttack,Punjab,India,0.225
794,Bhiwani,Haryana,India,0.279
795,Guntur,Karnataka,India,0.061
796,Bhatpara,Andhra Pradesh,India,0.538
797,Shahjahanpur,Kerala,India,0.308
798,Durg,Arunachal Pradesh,India,0.123
799,Jamshedpur,Chhattisgarh,India,0.141
800,Pallavaram,Uttar Pradesh,India,0.096
801,Rourkela,Maharashtra,India,0.517
802,Vijayawada,Arunachal Pradesh,India,0.08
803,Gurgaon,Odisha,India,0.168
804,Imphal,Manipur,India,0.164
805,Bathinda,Madhya Pradesh,India,0.045
806,Kulti,Uttar Pradesh,India,0.277
807,Coimbatore,Chhattisgarh,India,0.045
808,Haridwar,Haryana,India,0.289
809,Firozabad,Odisha,India,0.165
810,Surat,Tripura,India,0.566
811,Jalgaon,Bihar,India,0.427
812,Rajpur Sonarpur,Jharkhand,India,0.246
813,Kochi,Goa,India,0.006
814,Rourkela,Manipur,India,0.502
815,Sonipat,Goa,India,0.067
816,Nanded,West Bengal,India,0.249
817,Vellore,Sikkim,India,0.175
818,Secunderabad,Chhattisgarh,India,0.202
819,Gaya,Rajasthan,India,0.316
820,Patna,Himachal Pradesh,India,0.042
821,Guwahati,Jharkhand,India,0.207
822,Raipur,Mizoram,India,0.233
823,Raiganj,Mizoram,India,0.678
824,Munger,West Bengal,India,0.226
825,Noida,Manipur,India,0.284
826,Gulbarga,Meghalaya,India,0.096
827,Sonipat,Tamil Nadu,India,0.135
828,Amravati,Tamil Nadu,India,0.31
829,Bhalswa Jahangir Pur,Assam,India,0.149
830,Varanasi,Nagaland,India,0.265
831,Tirupati,Madhya Pradesh,India,0.175
832,Adoni,Uttar Pradesh,India,0.432
833,Jabalpur,Maharashtra,India,0.09
834,Tumkur,Haryana,India,0.69
835,Bidhannagar,Tripura,India,0.604
836,Bhusawal,Gujarat,India,0.278
837,Pudukkottai,Madhya Pradesh,India,0.174
838,Chinsurah,Gujarat,India,0.186
839,Bhatpara,Mizoram,India,0.764
840,Siwan,West Bengal,India,0.3
841,Firozabad,Sikkim,India,0.108
842,Jammu,West Bengal,India,0.454
843,Motihari,Madhya Pradesh,India,0.345
844,Firozabad,Gujarat,India,0.62
845,Varanasi,Bihar,India,0.331
846,Noida,Andhra Pradesh,India,0.245
847,Karaikudi,Meghalaya,India,0.224
848,Meerut,Uttar Pradesh,India,0.062
849,Kollam,Himachal Pradesh,India,0.223
850,Tenali,Himachal Pradesh,India,0.02
851,Tirunelveli,Haryana,India,0.27
852,Uluberia,Uttar Pradesh,India,0.216
853,Gaya,Nagaland,India,0.278
854,Rajahmundry,Madhya Pradesh,India,0.31
855,Bokaro,Tamil Nadu,India,0.082
856,Noida,Madhya Pradesh,India,0.321
857,Ulhasnagar,Chhattisgarh,India,0.612
858,Berhampore,Chhattisgarh,India,0.405
859,Yamunanagar,Goa,India,0.27
860,Bhavnagar,Sikkim,India,0.142
861,Farrukhabad,Himachal Pradesh,India,0.494
862,Vijayawada,Nagaland,India,0.217
863,Gudivada,Uttarakhand,India,0.339
864,Jalgaon,Punjab,India,0.616
865,Ramagundam,Madhya Pradesh,India,0.39
866,Haldia,Haryana,India,0.128
867,Sangli-Miraj & Kupwad,Gujarat,India,0.372
868,Siliguri,Rajasthan,India,0.193
869,Firozabad,Nagaland,India,0.347
870,Saharsa,Andhra Pradesh,India,0.3
871,Ramgarh,Madhya Pradesh,India,0.462
872,South Dumdum,Punjab,India,0.047
873,Sagar,Assam,India,0.096
874,Eluru,Gujarat,India,0.459
875,Kottayam,Andhra Pradesh,India,0.264
876,Yamunanagar,Mizoram,India,0.218
877,Kirari Suleman Nagar,Tamil Nadu,India,0.204
878,Bhilai,Mizoram,India,0.3
879,Chandrapur,Manipur,India,0.637
880,Mahbubnagar,West Bengal,India,0.171
881,Mangalore,Odisha,India,0.221
882,Bhavnagar,West Bengal,India,0.414
883,Danapur,Nagaland,India,0.303
884,Agartala,Rajasthan,India,0.154
885,Moradabad,Haryana,India,0.137
886,Patna,Telangana,India,0.43
887,Darbhanga,Jharkhand,India,0.567
888,Yamunanagar,Chhattisgarh,India,0.416
889,Siwan,Himachal Pradesh,India,0.104
890,Ongole,Maharashtra,India,0.04
891,Dehradun,Tripura,India,0.386
892,Shahjahanpur,Telangana,India,0.143
893,Mau,Nagaland,India,0.215
894,Ghaziabad,Telangana,India,0.637
895,Lucknow,Bihar,India,0.306
896,Nadiad,Punjab,India,0.406
897,Bhatpara,Meghalaya,India,0.531
898,Mango,Uttar Pradesh,India,0.558
899,North Dumdum,Assam,India,0.398
900,Kumbakonam,Uttarakhand,India,0.184
901,Ongole,Assam,India,0.335
902,Thrissur,Karnataka,India,0.304
903,Gangtok,Goa,India,0.307
904,Panvel,Kerala,India,0.468
905,Bidar,Maharashtra,India,0.114
906,Sagar,Maharashtra,India,0.177
907,North Dumdum,Uttarakhand,India,0.388
908,Junagadh,Rajasthan,India,0.25
909,Khandwa,Manipur,India,0.232
910,Kishanganj,Chhattisgarh,India,0.282
911,Morena,Maharashtra,India,0.398
912,Jehanabad,Uttarakhand,India,0.273
913,Maheshtala,Odisha,India,0.187
914,Hapur,Kerala,India,0.288
915,Barasat,Tripura,India,0.115
916,Arrah,Himachal Pradesh,India,0.228
917,Bhagalpur,Telangana,India,0.145
918,Thrissur,Manipur,India,0.094
919,Serampore,Uttar Pradesh,India,0.452
920,Erode,Uttarakhand,India,0.065
921,Kottayam,Rajasthan,India,0.588
922,Rewa,Madhya Pradesh,India,0.026
923,Nizamabad,Sikkim,India,0.2
924,Kanpur,Karnataka,India,0.181
925,Meerut,Rajasthan,India,0.372
926,Hapur,Telangana,India,0.235
927,Saharsa,Karnataka,India,0.174
928,Thoothukudi,Assam,India,0.606
929,Aurangabad,Mizoram,India,0.075
930,Karimnagar,Odisha,India,0.301
931,Danapur,Goa,India,0.315
932,Thiruvananthapuram,Punjab,India,0.537
933,New Delhi,Manipur,India,0.276
934,Salem,Uttar Pradesh,India,0.387
935,Mau,Nagaland,India,0.135
936,Hyderabad,Himachal Pradesh,India,0.116
937,Bhubaneswar,Bihar,India,0.395
938,Chapra,Arunachal Pradesh,India,0.246
939,Khora ,Uttarakhand,India,0.212
940,Bijapur,Uttar Pradesh,India,0.332
941,Tenali,Odisha,India,0.22
942,Bettiah,Arunachal Pradesh,India,0.237
943,Secunderabad,Maharashtra,India,0.158
944,Kollam,Karnataka,India,0.441
945,Gangtok,Assam,India,0.308
946,Panvel,Telangana,India,0.126
947,Farrukhabad,Arunachal Pradesh,India,0.223
948,Mira-Bhayandar,Karnataka,India,0.116
949,Bhubaneswar,Mizoram,India,0.464
950,Katni,Kerala,India,0.188
951,Shivpuri,Telangana,India,0.472
952,Berhampore,Chhattisgarh,India,0.269
953,Anantapur,Telangana,India,0.157
954,Gudivada,Maharashtra,India,0.237
955,Junagadh,Meghalaya,India,0.54
956,Guntakal,West Bengal,India,0.446
957,Buxar,Sikkim,India,0.105
958,Thanjavur,Kerala,India,0.186
959,Bhiwandi,Manipur,India,0.315
960,Sangli-Miraj & Kupwad,Chhattisgarh,India,0.295
961,Gwalior,Meghalaya,India,0.109
962,Hajipur,Punjab,India,0.168
963,Udupi,Haryana,India,0.166
964,Rajkot,Meghalaya,India,0.416
965,Allahabad,Jharkhand,India,0.061
966,Ahmedabad,Andhra Pradesh,India,0.277
967,Pondicherry,Sikkim,India,0.158
968,Rajpur Sonarpur,Gujarat,India,0.379
969,Amroha,Punjab,India,0.173
970,Pimpri-Chinchwad,Meghalaya,India,0.283
971,Jalandhar,Rajasthan,India,0.103
972,Ambattur,Uttarakhand,India,0.202
973,Amroha,Mizoram,India,0.307
974,Hapur,West Bengal,India,0.401
975,Salem,Chhattisgarh,India,0.317
976,Mathura,Tripura,India,0.171
977,Delhi,Meghalaya,India,0.684
978,Sri Ganganagar,Arunachal Pradesh,India,0.204
979,Gandhidham,Manipur,India,0.285
980,Tiruvottiyur,Mizoram,India,0.194
981,Madhyamgram,Bihar,India,0.262
982,Hubli–Dharwad,Andhra Pradesh,India,0.256
983,Hazaribagh,Assam,India,0.257
984,Tumkur,Bihar,India,0.163
985,New Delhi,Telangana,India,0.582
986,Asansol,Haryana,India,0.096
987,Ramgarh,Andhra Pradesh,India,0.376
988,Bhusawal,Tripura,India,0.444
989,Munger,West Bengal,India,0.099
990,Shimoga,Kerala,India,0.319
991,Udupi,Sikkim,India,0.14
992,Madanapalle,Punjab,India,0.193
993,Aizawl,Manipur,India,0.303
994,Ahmednagar,Mizoram,India,0.35
995,Akola,Tamil Nadu,India,0.049
996,Proddatur,Tamil Nadu,India,0.556
997,Adoni,Madhya Pradesh,India,0.2
998,Sri Ganganagar,Bihar,India,0.378
999,Sangli-Miraj & Kupwad,Arunachal Pradesh,India,0.29
1000,Sonipat,Karnataka,India,0.287
1001,Ghaziabad,Himachal Pradesh,India,0.368
1002,Uluberia,West Bengal,India,0.499
1003,Anantapur,Maharashtra,India,0.396
1004,Fatehpur,Uttar Pradesh,India,0.183
1005,Ramagundam,Tamil Nadu,India,0.219
1006,Anantapur,Sikkim,India,0.095
1007,Bhind,Himachal Pradesh,India,0.482
1008,Jalgaon,Chhattisgarh,India,0.464
1009,Bardhaman,Odisha,India,0.167
1010,Madhyamgram,Tripura,India,0.362
1011,Udaipur,Mizoram,India,0.202
1012,Aurangabad,Manipur,India,0.201
1013,Kalyan-Dombivli,Haryana,India,0.17
1014,Raichur,Odisha,India,0.026
1015,Raurkela Industrial Township,Tripura,India,0.414
1016,Bhilwara,Gujarat,India,0.338
1017,Rajkot,Chhattisgarh,India,0.302
1018,Ahmednagar,West Bengal,India,0.348
1019,Singrauli,Telangana,India,0.366
1020,Amroha,Nagaland,India,0.33
1021,Hazaribagh,Odisha,India,0.209
1022,Nagercoil,Manipur,India,0.231
1023,Tadepalligudem,Odisha,India,0.206
1024,Ghaziabad,Rajasthan,India,0.144
1025,Ujjain,West Bengal,India,0.281
1026,Junagadh,Punjab,India,0.282
1027,Howrah,Punjab,India,0.156
1028,Pondicherry,Goa,India,0.248
1029,Aurangabad,Meghalaya,India,0.282
1030,Jalna,Meghalaya,India,0.356
1031,Aurangabad,Uttar Pradesh,India,0.222
1032,Unnao,Sikkim,India,0.401
1033,Nangloi Jat,Uttarakhand,India,0.07
1034,Hospet,Mizoram,India,0.116
1035,Phagwara,Haryana,India,0.374
1036,Gulbarga,Karnataka,India,0.773
1037,Vijayanagaram,Haryana,India,0.614
1038,Chapra,Andhra Pradesh,India,0.377
1039,Mehsana,Telangana,India,0.214
1040,Muzaffarpur,Bihar,India,0.504
1041,Chandigarh,Uttar Pradesh,India,0.357
1042,Kollam,Nagaland,India,0.516
1043,Shivpuri,Odisha,India,0.464
1044,Chittoor,Madhya Pradesh,India,0.305
1045,Udupi,Mizoram,India,0.446
1046,Gudivada,Meghalaya,India,0.128
1047,Sonipat,Meghalaya,India,0.261
1048,Jhansi,Gujarat,India,0.702
1049,Moradabad,Meghalaya,India,0.224
1050,Surendranagar Dudhrej,West Bengal,India,0.101
1051,Agra,Karnataka,India,0.046
1052,Shimla,Uttarakhand,India,0.337
1053,Bellary,Chhattisgarh,India,0.14
1054,Srinagar,Chhattisgarh,India,0.721
1055,Secunderabad,Mizoram,India,0.53
1056,Hyderabad,Meghalaya,India,0.136
1057,Udaipur,Tripura,India,0.414
1058,Ballia,Assam,India,0.053
1059,Hajipur,Rajasthan,India,0.116
1060,Sambhal,Andhra Pradesh,India,0.084
1061,Ludhiana,Uttar Pradesh,India,0.241
1062,Patiala,Manipur,India,0.214
1063,Jammu,Maharashtra,India,0.095
1064,Dehradun,Jharkhand,India,0.274
1065,Indore,Assam,India,0.209
1066,Panvel,Tamil Nadu,India,0.118
1067,Vellore,Karnataka,India,0.361
1068,Vellore,Haryana,India,0.311
1069,Muzaffarpur,Andhra Pradesh,India,0.162
1070,Rampur,Sikkim,India,0.082
1071,Erode,West Bengal,India,0.734
1072,Sultan Pur Majra,Goa,India,0.175
1073,Sasaram,Madhya Pradesh,India,0.369
1074,Tirunelveli,Assam,India,0.239
1075,Uluberia,Haryana,India,0.012
1076,Bokaro,Nagaland,India,0.134
1077,Aizawl,Nagaland,India,0.232
1078,Shimla,Gujarat,India,0.25
1079,Erode,Nagaland,India,0.121
1080,Narasaraopet,Sikkim,India,0.447
1081,Ujjain,Assam,India,0.563
1082,Sasaram,Chhattisgarh,India,0.369
1083,Hosur,Himachal Pradesh,India,0.318
1084,Faridabad,Kerala,India,0.203
1085,Meerut,Haryana,India,0.072
1086,Guna,Jharkhand,India,0.42
1087,Varanasi,Maharashtra,India,0.061
1088,Ballia,Sikkim,India,0.069
1089,Hindupur,Chhattisgarh,India,0.441
1090,Saharanpur,Chhattisgarh,India,0.371
1091,Gandhinagar,Chhattisgarh,India,0.374
1092,Rourkela,Meghalaya,India,0.461
1093,Thanjavur,Telangana,India,0.394
1094,Bidar,Madhya Pradesh,India,0.192
1095,Tiruchirappalli,Bihar,India,0.144
1096,Mangalore,Sikkim,India,0.174
1097,Gopalpur,Gujarat,India,0.135
1098,Pali,Punjab,India,0.223
1099,Ballia,Chhattisgarh,India,0.113
1100,Pondicherry,Meghalaya,India,0.393
1101,Kadapa,Nagaland,India,0.198
1102,Pallavaram,Maharashtra,India,0.202
1103,Panvel,Madhya Pradesh,India,0.019
1104,Chandigarh,Madhya Pradesh,India,0.174
1105,Srikakulam,Nagaland,India,0.458
1106,Jodhpur,Chhattisgarh,India,0.113
1107,Davanagere,Tamil Nadu,India,0.043
1108,Ramgarh,West Bengal,India,0.279
1109,Chapra,Jharkhand,India,0.335
1110,Singrauli,Manipur,India,0.554
1111,Bhubaneswar,Tripura,India,0.226
1112,Chandigarh,Gujarat,India,0.087
1113,Delhi,Haryana,India,0.804
1114,Nagaon,Sikkim,India,0.165
1115,Amaravati,Odisha,India,0.351
1116,Khammam,Nagaland,India,0.537
1117,Davanagere,Kerala,India,0.52
1118,Eluru,Chhattisgarh,India,0.151
1119,Gangtok,Tripura,India,0.157
1120,Rajkot,Kerala,India,0.128
1121,Kota,Bihar,India,0.223
1122,Ambattur,Tripura,India,0.351
1123,Bokaro,Nagaland,India,0.355
1124,Amroha,Punjab,India,0.618
1125,Hosur,Uttarakhand,India,0.084
1126,Bhatpara,Nagaland,India,0.212
1127,Hyderabad,Bihar,India,0.151
1128,Bihar Sharif,Haryana,India,0.121
1129,Karimnagar,Tamil Nadu,India,0.317
1130,Hospet,Uttar Pradesh,India,0.117
1131,Aurangabad,Rajasthan,India,0.207
1132,Kanpur,Jharkhand,India,0.119
1133,Jorhat,Odisha,India,0.368
1134,Raebareli,Andhra Pradesh,India,0.146
1135,Amravati,West Bengal,India,0.394
1136,Siliguri,Tripura,India,0.173
1137,Nandyal,Manipur,India,0.235
1138,Bijapur,Mizoram,India,0.379
1139,Amritsar,Odisha,India,0.218
1140,Saharanpur,Telangana,India,0.459
1141,Fatehpur,Odisha,India,0.476
1142,Malda,Goa,India,0.193
1143,Siliguri,Tripura,India,0.303
1144,Dindigul,Mizoram,India,0.355
1145,Gulbarga,Goa,India,0.342
1146,Mango,West Bengal,India,0.205
1147,Davanagere,Punjab,India,0.395
1148,Jalandhar,Nagaland,India,0.354
1149,Gwalior,Karnataka,India,0.331
1150,Jaunpur,Odisha,India,0.297
1151,Sambalpur,Kerala,India,0.108
1152,Jalna,Jharkhand,India,0.401
1153,Mehsana,Kerala,India,0.297
1154,Panchkula,Haryana,India,0.348
1155,Asansol,Assam,India,0.465
1156,Belgaum,Assam,India,0.465
1157,Mahbubnagar,Maharashtra,India,0.174
1158,Allahabad,Uttar Pradesh,India,0.305
1159,Malda,Punjab,India,0.152
1160,Amritsar,Sikkim,India,0.457
1161,Eluru,Uttar Pradesh,India,0.098
1162,Bally,Meghalaya,India,0.285
1163,Jamalpur,Karnataka,India,0.431
1164,Morena,Uttar Pradesh,India,0.53
1165,Noida,Punjab,India,0.552
1166,Bhavnagar,Meghalaya,India,0.353
1167,Sambhal,Sikkim,India,0.083
1168,Rajpur Sonarpur,Kerala,India,0.598
1169,Thiruvananthapuram,Bihar,India,0.342
1170,Kadapa,Jharkhand,India,0.128
1171,Loni,Arunachal Pradesh,India,0.041
1172,Sirsa,Chhattisgarh,India,0.268
1173,Fatehpur,Andhra Pradesh,India,0.379
1174,Delhi,Kerala,India,0.32
1175,Sangli-Miraj & Kupwad,Andhra Pradesh,India,0.362
1176,Raipur,Haryana,India,0.464
1177,Madanapalle,Telangana,India,0.252
1178,Mau,Telangana,India,0.349
1179,Karawal Nagar,Madhya Pradesh,India,0.079
1180,Panchkula,Goa,India,0.276
1181,Khandwa,Nagaland,India,0.131
1182,Haldia,West Bengal,India,0.096
1183,Morena,Sikkim,India,0.324
1184,Kalyan-Dombivli,Goa,India,0.454
1185,Mirzapur,Bihar,India,0.388
1186,Jaipur,Kerala,India,0.03
1187,Tiruppur,Goa,India,0.392
1188,Thrissur,Sikkim,India,0.553
1189,Sangli-Miraj & Kupwad,Maharashtra,India,0.369
1190,Rourkela,Chhattisgarh,India,0.392
1191,Jhansi,Meghalaya,India,0.573
1192,Bidhannagar,Goa,India,0.303
1193,Faridabad,Tripura,India,0.268
1194,Tenali,Mizoram,India,0.224
1195,Siliguri,Tamil Nadu,India,0.436
1196,Kadapa,Arunachal Pradesh,India,0.25
1197,Rampur,Rajasthan,India,0.129
1198,Thanjavur,Andhra Pradesh,India,0.475
1199,Patiala,Tripura,India,0.08
1200,Bihar Sharif,Goa,India,0.118
1201,Dhanbad,Nagaland,India,0.238
1202,Raipur,Tamil Nadu,India,0.522
1203,Jabalpur,Chhattisgarh,India,0.51
1204,Guntakal,Uttarakhand,India,0.254
1205,Nangloi Jat,Odisha,India,0.329
1206,Nagpur,Karnataka,India,0.178
1207,Chittoor,Himachal Pradesh,India,0.176
1208,Bulandshahr,Gujarat,India,0.073
1209,Durgapur,Himachal Pradesh,India,0.488
1210,Ahmedabad,Arunachal Pradesh,India,0.135
1211,Saharsa,Assam,India,0.174
1212,Medininagar,Uttar Pradesh,India,0.225
1213,Mira-Bhayandar,Bihar,India,0.262
1214,Dehri,Chhattisgarh,India,0.237
1215,Bhusawal,Chhattisgarh,India,0.187
1216,Rajkot,Tamil Nadu,India,0.357
1217,Rourkela,Madhya Pradesh,India,0.268
1218,South Dumdum,Odisha,India,0.299
1219,Bellary,Goa,India,0.577
1220,Ahmedabad,Haryana,India,0.547
1221,Dharmavaram,Madhya Pradesh,India,0.247
1222,Ambattur,Telangana,India,0.32
1223,Amravati,Odisha,India,0.052
1224,Ghaziabad,Manipur,India,0.611
1225,Bijapur,Sikkim,India,0.539
1226,Machilipatnam,Arunachal Pradesh,India,0.15
1227,Udaipur,Madhya Pradesh,India,0.203
1228,Parbhani,Telangana,India,0.212
1229,Yamunanagar,Sikkim,India,0.178
1230,Tiruvottiyur,Tamil Nadu,India,0.143
1231,Karaikudi,Andhra Pradesh,India,0.61
1232,Guwahati,Manipur,India,0.322
1233,Sagar,Meghalaya,India,0.263
1234,Bellary,Uttar Pradesh,India,0.243
1235,Kadapa,Sikkim,India,0.194
1236,Sikar,Bihar,India,0.162
1237,Purnia,Mizoram,India,0.219
1238,Deoghar,Andhra Pradesh,India,0.325
1239,Kozhikode,Jharkhand,India,0.299
1240,Bhatpara,Telangana,India,0.16
1241,Srikakulam,Bihar,India,0.27
1242,Karaikudi,Chhattisgarh,India,0.155
1243,Bhilwara,Madhya Pradesh,India,0.147
1244,Chandrapur,Nagaland,India,0.368
1245,Pudukkottai,Rajasthan,India,0.128
1246,Machilipatnam,Goa,India,0.301
1247,Junagadh,Uttarakhand,India,0.375
1248,Parbhani,Madhya Pradesh,India,0.272
1249,Dehradun,Maharashtra,India,0.383
1250,Narasaraopet,Nagaland,India,0.065
1251,Rourkela,Andhra Pradesh,India,0.387
1252,Berhampur,Uttarakhand,India,0.528
1253,Satara,Bihar,India,0.505
1254,Surendranagar Dudhrej,Tripura,India,0.52
1255,Karimnagar,West Bengal,India,0.307
1256,Ahmedabad,Assam,India,0.547
1257,Raiganj,Manipur,India,0.296
1258,Bijapur,Goa,India,0.344
1259,Meerut,Bihar,India,0.166
1260,Bhagalpur,Haryana,India,0.593
1261,Faridabad,Jharkhand,India,0.217
1262,Firozabad,West Bengal,India,0.158
1263,Ambarnath,Jharkhand,India,0.096
1264,Rajahmundry,West Bengal,India,0.267
1265,Alappuzha,Bihar,India,0.32
1266,Bhiwani,Arunachal Pradesh,India,0.111
1267,Jehanabad,Tamil Nadu,India,0.201
1268,Muzaffarnagar,Uttarakhand,India,0.224
1269,Jaunpur,Mizoram,India,0.287
1270,Mango,Meghalaya,India,0.146
1271,Gopalpur,Haryana,India,0.3
1272,South Dumdum,Sikkim,India,0.146
1273,Miryalaguda,Tamil Nadu,India,0.13
1274,Udaipur,Uttarakhand,India,0.323
1275,Mangalore,Sikkim,India,0.255
1276,Nellore,Meghalaya,India,0.262
1277,Mangalore,Haryana,India,0.27
1278,Kavali,Himachal Pradesh,India,0.126
1279,Mahbubnagar,Maharashtra,India,0.368
1280,Nellore,Sikkim,India,0.194
1281,Rampur,Goa,India,0.043
1282,Buxar,Punjab,India,0.22
1283,Erode,Kerala,India,0.339
1284,Siwan,Tripura,India,0.362
1285,Lucknow,Odisha,India,0.194
1286,Tadepalligudem,Jharkhand,India,0.334
1287,Jammu,Andhra Pradesh,India,0.318
1288,Sirsa,Uttarakhand,India,0.426
1289,Arrah,Odisha,India,0.307
1290,Bhopal,Kerala,India,0.549
1291,Tirupati,Jharkhand,India,0.111
1292,Nizamabad,Odisha,India,0.363
1293,Bhalswa Jahangir Pur,Maharashtra,India,0.331
1294,Bidhannagar,Gujarat,India,0.075
1295,Jamalpur,Haryana,India,0.244
1296,Mau,Kerala,India,0.17
1297,Bikaner,Uttar Pradesh,India,0.575
1298,Hindupur,Bihar,India,0.517
1299,Hazaribagh,Mizoram,India,0.133
1300,Tumkur,Sikkim,India,0.251
1301,Ongole,Andhra Pradesh,India,0.384
1302,Berhampore,Nagaland,India,0.169
1303,Bhopal,Himachal Pradesh,India,0.359
1304,Aizawl,Karnataka,India,0.674
1305,Morena,Rajasthan,India,0.223
1306,Aizawl,Arunachal Pradesh,India,0.194
1307,Bhagalpur,Odisha,India,0.125
1308,Karawal Nagar,Mizoram,India,0.348
1309,Nangloi Jat,Karnataka,India,0.552
1310,Sangli-Miraj & Kupwad,Manipur,India,0.179
1311,Nellore,Andhra Pradesh,India,0.405
1312,Alwar,Punjab,India,0.341
1313,Firozabad,Rajasthan,India,0.542
1314,Bally,Tripura,India,0.302
1315,Chennai,Andhra Pradesh,India,0.133
1316,Thoothukudi,Bihar,India,0.151
1317,Chennai,Andhra Pradesh,India,0.613
1318,Anantapuram,Andhra Pradesh,India,0.062
1319,Hospet,Sikkim,India,0.263
1320,Shimoga,Kerala,India,0.693
1321,Alwar,Nagaland,India,0.357
1322,Noida,Gujarat,India,0.182
1323,Sangli-Miraj & Kupwad,Kerala,India,0.229
1324,Srinagar,Jharkhand,India,0.242
1325,Srikakulam,Mizoram,India,0.347
1326,Malda,Kerala,India,0.351
1327,Kishanganj,Kerala,India,0.173
1328,Korba,Goa,India,0.31
1329,Burhanpur,Punjab,India,0.123
1330,Tinsukia,Meghalaya,India,0.3
1331,Deoghar,West Bengal,India,0.472
1332,Loni,Manipur,India,0.342
1333,Aurangabad,Haryana,India,0.155
1334,Haridwar,Tamil Nadu,India,0.372
1335,Jamnagar,Maharashtra,India,0.176
1336,Vellore,Bihar,India,0.385
1337,Suryapet,Punjab,India,0.45
1338,Vijayanagaram,Assam,India,0.441
1339,Bhubaneswar,Tamil Nadu,India,0.189
1340,Chapra,Bihar,India,0.34
1341,Amaravati,Mizoram,India,0.31
1342,Bahraich,Uttar Pradesh,India,0.449
1343,Secunderabad,Mizoram,India,0.526
1344,Siliguri,Rajasthan,India,0.055
1345,Ratlam,Assam,India,0.413
1346,Kurnool,Rajasthan,India,0.21
1347,Jodhpur,Andhra Pradesh,India,0.319
1348,Farrukhabad,Sikkim,India,0.069
1349,Tirupati,Tripura,India,0.443
1350,Bettiah,Madhya Pradesh,India,0.476
1351,Allahabad,Tripura,India,0.271
1352,Satna,Jharkhand,India,0.582
1353,Pimpri-Chinchwad,Maharashtra,India,0.17
1354,Nadiad,Madhya Pradesh,India,0.061
1355,Jalgaon,Goa,India,0.521
1356,Mau,Karnataka,India,0.3
1357,Nadiad,Manipur,India,0.433
1358,New Delhi,Kerala,India,0.215
1359,Bijapur,Bihar,India,0.217
1360,Kadapa,Maharashtra,India,0.289
1361,Kanpur,Andhra Pradesh,India,0.609
1362,Ranchi,Nagaland,India,0.36
1363,Ballia,Mizoram,India,0.563
1364,Amravati,Manipur,India,0.104
1365,Amroha,Himachal Pradesh,India,0.209
1366,Bally,Mizoram,India,0.187
1367,Karawal Nagar,Uttar Pradesh,India,0.235
1368,Arrah,Karnataka,India,0.164
1369,Kumbakonam,Haryana,India,0.493
1370,Fatehpur,Goa,India,0.329
1371,Bhind,Rajasthan,India,0.053
1372,Motihari,Punjab,India,0.234
1373,Tiruppur,Assam,India,0.259
1374,Dewas,Odisha,India,0.055
1375,Gangtok,Punjab,India,0.407
1376,Tadipatri,Himachal Pradesh,India,0.369
1377,Guntur,Arunachal Pradesh,India,0.581
1378,Hindupur,Manipur,India,0.509
1379,Sagar,Uttarakhand,India,0.182
1380,Khandwa,Andhra Pradesh,India,0.309
1381,Deoghar,Mizoram,India,0.59
1382,Kamarhati,Himachal Pradesh,India,0.517
1383,Kurnool,Tripura,India,0.179
1384,Panipat,Telangana,India,0.134
1385,Avadi,Maharashtra,India,0.191
1386,Etawah,Tamil Nadu,India,0.328
1387,Rohtak,Himachal Pradesh,India,0.054
1388,Gwalior,Sikkim,India,0.439
1389,Kollam,Nagaland,India,0.316
1390,Ramagundam,Rajasthan,India,0.467
1391,Raurkela Industrial Township,Himachal Pradesh,India,0.166
1392,Shivpuri,Meghalaya,India,0.075
1393,Coimbatore,Chhattisgarh,India,0.169
1394,Kota,Uttarakhand,India,0.132
1395,Amritsar,Chhattisgarh,India,0.371
1396,Jalna,Rajasthan,India,0.18
1397,Madanapalle,Punjab,India,0.162
1398,Ujjain,Bihar,India,0.418
1399,Kakinada,Mizoram,India,0.347
1400,Tiruppur,Assam,India,0.138
1401,Bulandshahr,Uttar Pradesh,India,0.291
1402,Surat,Arunachal Pradesh,India,0.455
1403,Aurangabad,Sikkim,India,0.205
1404,Bangalore,Telangana,India,0.195
1405,Shivpuri,Sikkim,India,0.294
1406,Junagadh,Haryana,India,0.297
1407,Purnia,Odisha,India,0.302
1408,Amravati,Maharashtra,India,0.213
1409,Bardhaman,Kerala,India,0.249
1410,Phusro,Chhattisgarh,India,0.187
1411,Anand,Assam,India,0.449
1412,Bidhannagar,Maharashtra,India,0.418
1413,Dibrugarh,Andhra Pradesh,India,0.299
1414,Phagwara,Gujarat,India,0.257
1415,Panchkula,Arunachal Pradesh,India,0.364
1416,Hyderabad,Haryana,India,0.522
1417,Adoni,Tamil Nadu,India,0.315
1418,Saharanpur,Meghalaya,India,0.337
1419,Kota,Goa,India,0.202
1420,Bikaner,Uttar Pradesh,India,0.174
1421,Raebareli,Manipur,India,0.161
1422,Kochi,Uttar Pradesh,India,0.316
1423,Ratlam,Goa,India,0.216
1424,Hazaribagh,Manipur,India,0.59
1425,Meerut,Odisha,India,0.23
1426,Suryapet,Karnataka,India,0.128
1427,Burhanpur,Haryana,India,0.338
1428,Jalandhar,Meghalaya,India,0.612
1429,Sri Ganganagar,Tamil Nadu,India,0.307
1430,Gwalior,Odisha,India,0.115
1431,Kota,Odisha,India,0.118
1432,Salem,Chhattisgarh,India,0.02
1433,Kozhikode,Nagaland,India,0.395
1434,Aligarh,Telangana,India,0.16
1435,Warangal,Odisha,India,0.439
1436,Alappuzha,Uttarakhand,India,0.511
1437,Nagpur,Assam,India,0.308
1438,Nagercoil,Jharkhand,India,0.147
1439,Surendranagar Dudhrej,Telangana,India,0.145
1440,Madhyamgram,Maharashtra,India,0.051
1441,Secunderabad,Telangana,India,0.317
1442,Saharsa,Bihar,India,0.248
1443,Medininagar,Maharashtra,India,0.122
1444,Kalyan-Dombivli,Nagaland,India,0.188
1445,Gaya,Bihar,India,0.437
1446,Kolhapur,Punjab,India,0.022
1447,Jaipur,Chhattisgarh,India,0.339
1448,Nagaon,Bihar,India,0.127
1449,Kolkata,Uttarakhand,India,0.197
1450,Tadepalligudem,Bihar,India,0.338
1451,Guntur,Karnataka,India,0.114
1452,Hindupur,Bihar,India,0.175
1453,Avadi,Uttarakhand,India,0.5
1454,Hapur,Uttar Pradesh,India,0.155
1455,Aurangabad,Uttar Pradesh,India,0.044
1456,Tiruppur,Odisha,India,0.314
1457,Guntur,Madhya Pradesh,India,0.799
1458,Shimla,Mizoram,India,0.281
1459,Madanapalle,Chhattisgarh,India,0.569
1460,Khandwa,Gujarat,India,0.602
1461,Raiganj,Meghalaya,India,0.236
1462,Raiganj,Nagaland,India,0.415
1463,Katni,Andhra Pradesh,India,0.185
1464,Anantapur,Gujarat,India,0.041
1465,Firozabad,Arunachal Pradesh,India,0.546
1466,Gopalpur,Haryana,India,0.29
1467,Kirari Suleman Nagar,Bihar,India,0.141
1468,Chittoor,Haryana,India,0.388
1469,Pudukkottai,Kerala,India,0.09
1470,Srinagar,Gujarat,India,0.465
1471,Deoghar,Meghalaya,India,0.064
1472,Rourkela,Tamil Nadu,India,0.5
1473,Katihar,Madhya Pradesh,India,0.771
1474,Chinsurah,Andhra Pradesh,India,0.373
1475,Nagpur,Uttar Pradesh,India,0.157
1476,Panihati,Tripura,India,0.284
1477,Bhilai,Goa,India,0.293
1478,Morena,Mizoram,India,0.097
1479,Kharagpur,Goa,India,0.602
1480,Bhind,Himachal Pradesh,India,0.352
1481,Jodhpur,Andhra Pradesh,India,0.49
1482,Bhatpara,Haryana,India,0.469
1483,Rajahmundry,Himachal Pradesh,India,0.202
1484,Sangli-Miraj & Kupwad,Telangana,India,0.536
1485,Suryapet,Goa,India,0.576
1486,Tumkur,Chhattisgarh,India,0.356
1487,Nellore,Himachal Pradesh,India,0.048
1488,Nadiad,Manipur,India,0.117
1489,Loni,Chhattisgarh,India,0.345
1490,Avadi,Assam,India,0.097
1491,Thiruvananthapuram,Manipur,India,0.289
1492,Gorakhpur,Meghalaya,India,0.401
1493,Noida,Madhya Pradesh,India,0.21
1494,Unnao,Punjab,India,0.24
1495,Khandwa,Bihar,India,0.285
1496,Bhagalpur,Tripura,India,0.148
1497,Thoothukudi,Sikkim,India,0.169
1498,Srinagar,Sikkim,India,0.324
1499,Indore,Punjab,India,0.213
1500,Morena,Telangana,India,0.315
1501,Vadodara,Madhya Pradesh,India,0.102
1502,Bangalore,Manipur,India,0.216
1503,Ambattur,Andhra Pradesh,India,0.054
1504,Guntakal,Karnataka,India,0.106
1505,Tirunelveli,West Bengal,India,0.628
1506,Gurgaon,Mizoram,India,0.351
1507,Vasai-Virar,Bihar,India,0.379
1508,Singrauli,West Bengal,India,0.111
1509,Sikar,Tamil Nadu,India,0.493
1510,Indore,Nagaland,India,0.335
1511,Moradabad,Tamil Nadu,India,0.659
1512,Nellore,Bihar,India,0.155
1513,Tadipatri,Kerala,India,0.595
1514,Sultan Pur Majra,Rajasthan,India,0.314
1515,Madurai,Haryana,India,0.151
1516,Warangal,Sikkim,India,0.217
1517,Hazaribagh,Uttarakhand,India,0.626
1518,Lucknow,Maharashtra,India,0.335
1519,Tadepalligudem,Goa,India,0.068
1520,Shahjahanpur,Himachal Pradesh,India,0.084
1521,Tirunelveli,Kerala,India,0.088
1522,Alappuzha,Haryana,India,0.572
1523,Suryapet,Chhattisgarh,India,0.249
1524,Davanagere,Manipur,India,0.065
1525,Motihari,Manipur,India,0.291
1526,Tenali,Tamil Nadu,India,0.167
1527,Tumkur,Assam,India,0.152
1528,Silchar,Tamil Nadu,India,0.181
1529,Maheshtala,Andhra Pradesh,India,0.405
1530,Baranagar,Madhya Pradesh,India,0.379
1531,Haridwar,Mizoram,India,0.186
1532,Loni,Tamil Nadu,India,0.155
1533,Bareilly,Jharkhand,India,0.11
1534,Bongaigaon,Chhattisgarh,India,0.185
1535,Pali,Chhattisgarh,India,0.363
1536,Nashik,Manipur,India,0.522
1537,Bhind,Karnataka,India,0.38
1538,Khandwa,Goa,India,0.512
1539,Lucknow,Goa,India,0.328
1540,Buxar,Sikkim,India,0.644
1541,Raipur,Maharashtra,India,0.658
1542,North Dumdum,Tamil Nadu,India,0.159
1543,Aurangabad,Meghalaya,India,0.402
1544,Morbi,Maharashtra,India,0.427
1545,Tirupati,Manipur,India,0.583
1546,Raipur,Goa,India,0.222
1547,Dindigul,Madhya Pradesh,India,0.167
1548,Hapur,Jharkhand,India,0.322
1549,Darbhanga,Uttar Pradesh,India,0.283
1550,Amravati,Assam,India,0.272
1551,Surat,Tripura,India,0.472
1552,Medininagar,Odisha,India,0.273
1553,Bulandshahr,Nagaland,India,0.195
1554,South Dumdum,Uttarakhand,India,0.144
1555,Chinsurah,Sikkim,India,0.402
1556,Haldia,Gujarat,India,0.572
1557,Shahjahanpur,Assam,India,0.457
1558,Sirsa,Uttarakhand,India,0.207
1559,Medininagar,Manipur,India,0.377
1560,Alwar,Himachal Pradesh,India,0.514
1561,Morena,Nagaland,India,0.65
1562,Bharatpur,Madhya Pradesh,India,0.337
1563,Mau,Uttarakhand,India,0.443
1564,Khammam,Manipur,India,0.359
1565,Ahmedabad,Jharkhand,India,0.242
1566,Kamarhati,Goa,India,0.437
1567,Jamnagar,Karnataka,India,0.454
1568,Thrissur,Arunachal Pradesh,India,0.317
1569,Bhusawal,Tamil Nadu,India,0.345
1570,Surat,Meghalaya,India,0.291
1571,Ramgarh,Andhra Pradesh,India,0.534
1572,Panchkula,Odisha,India,0.053
1573,Rourkela,Nagaland,India,0.326
1574,Agartala,Bihar,India,0.512
1575,Guna,Mizoram,India,0.512
1576,Srinagar,Haryana,India,0.331
1577,Jaipur,Sikkim,India,0.576
1578,Gorakhpur,Manipur,India,0.286
1579,Panchkula,Rajasthan,India,0.175
1580,Ramgarh,Tripura,India,0.028
1581,Raebareli,Telangana,India,0.566
1582,Kalyan-Dombivli,Manipur,India,0.072
1583,New Delhi,Uttarakhand,India,0.15
1584,Moradabad,Uttarakhand,India,0.545
1585,Kamarhati,Goa,India,0.284
1586,Tiruppur,Chhattisgarh,India,0.527
1587,Junagadh,Arunachal Pradesh,India,0.295
1588,Chennai,Haryana,India,0.146
1589,Gopalpur,Himachal Pradesh,India,0.113
1590,Lucknow,Sikkim,India,0.262
1591,Secunderabad,Uttarakhand,India,0.078
1592,Gaya,Jharkhand,India,0.152
1593,Amritsar,Telangana,India,0.172
1594,Coimbatore,Himachal Pradesh,India,0.503
1595,Narasaraopet,Himachal Pradesh,India,0.738
1596,Nashik,Andhra Pradesh,India,0.555
1597,Nagercoil,Telangana,India,0.24
1598,Naihati,Himachal Pradesh,India,0.174
1599,Panchkula,Manipur,India,0.049
1600,Tadepalligudem,Tripura,India,0.082
1601,Morena,Goa,India,0.205
1602,Ujjain,Assam,India,0.58
1603,Faridabad,Gujarat,India,0.402
1604,Bardhaman,Tripura,India,0.213
1605,Morena,Rajasthan,India,0.27
1606,New Delhi,Uttar Pradesh,India,0.348
1607,Anantapur,Telangana,India,0.272
1608,Agra,Uttar Pradesh,India,0.482
1609,Aurangabad,Madhya Pradesh,India,0.211
1610,Navi Mumbai,Telangana,India,0.416
1611,Nandyal,Goa,India,0.291
1612,Madurai,Bihar,India,0.314
1613,Akola,Uttarakhand,India,0.26
1614,Secunderabad,Rajasthan,India,0.356
1615,Maheshtala,Gujarat,India,0.124
1616,Vijayanagaram,Madhya Pradesh,India,0.181
1617,Satna,Goa,India,0.176
1618,Solapur,Jharkhand,India,0.026
1619,Thanjavur,Gujarat,India,0.34
1620,Ongole,Goa,India,0.423
1621,Pudukkottai,Andhra Pradesh,India,0.408
1622,Jalandhar,Telangana,India,0.47
1623,Khammam,Uttarakhand,India,0.649
1624,Ghaziabad,Himachal Pradesh,India,0.544
1625,Rourkela,Rajasthan,India,0.204
1626,Pudukkottai,Tripura,India,0.299
1627,Madanapalle,Jharkhand,India,0.133
1628,Bhatpara,Rajasthan,India,0.688
1629,Aizawl,Chhattisgarh,India,0.015
1630,Tumkur,Uttar Pradesh,India,0.145
1631,Srinagar,Kerala,India,0.238
1632,Shivpuri,Telangana,India,0.134
1633,Haridwar,Maharashtra,India,0.224
1634,Udupi,Arunachal Pradesh,India,0.477
1635,Yamunanagar,Uttar Pradesh,India,0.493
1636,Jaipur,Gujarat,India,0.471
1637,Chapra,Maharashtra,India,0.165
1638,Machilipatnam,Goa,India,0.209
1639,Bhimavaram,Punjab,India,0.506
1640,Alappuzha,Kerala,India,0.217
1641,Ramagundam,Manipur,India,0.653
1642,Malegaon,Nagaland,India,0.162
1643,Sirsa,Meghalaya,India,0.324
1644,Giridih,Meghalaya,India,0.098
1645,Rajpur Sonarpur,Manipur,India,0.122
1646,Madanapalle,Telangana,India,0.005
1647,Fatehpur,Arunachal Pradesh,India,0.263
1648,Gangtok,Nagaland,India,0.17
1649,Bathinda,Chhattisgarh,India,0.157
1650,Kota,Meghalaya,India,0.061
1651,Bhavnagar,Chhattisgarh,India,0.372
1652,Panipat,Uttar Pradesh,India,0.404
1653,Nandyal,Meghalaya,India,0.647
1654,Kumbakonam,Tripura,India,0.535
1655,Nagpur,Bihar,India,0.372
1656,Vijayawada,Punjab,India,0.461
1657,Thane,Assam,India,0.178
1658,Guntur,Chhattisgarh,India,0.153
1659,Maheshtala,Assam,India,0.372
1660,Siliguri,Goa,India,0.41
1661,Warangal,Uttar Pradesh,India,0.161
1662,Lucknow,Arunachal Pradesh,India,0.338
1663,Kanpur,Odisha,India,0.35
1664,Srinagar,Kerala,India,0.381
1665,Kumbakonam,Sikkim,India,0.344
1666,North Dumdum,Telangana,India,0.179
1667,Bhubaneswar,Bihar,India,0.218
1668,Khammam,West Bengal,India,0.675
1669,Bhusawal,Odisha,India,0.197
1670,Madurai,Goa,India,0.251
1671,Guntakal,Tripura,India,0.196
1672,Miryalaguda,Mizoram,India,0.554
1673,Muzaffarnagar,Kerala,India,0.322
1674,Salem,Uttar Pradesh,India,0.169
1675,Aurangabad,Telangana,India,0.387
1676,Proddatur,Nagaland,India,0.691
1677,Tenali,Uttar Pradesh,India,0.265
1678,Gaya,Arunachal Pradesh,India,0.171
1679,Singrauli,Manipur,India,0.15
1680,Gangtok,Uttar Pradesh,India,0.114
1681,Erode,Maharashtra,India,0.035
1682,Durgapur,Punjab,India,0.289
1683,Agartala,Rajasthan,India,0.412
1684,Surendranagar Dudhrej,West Bengal,India,0.37
1685,Ramgarh,Jharkhand,India,0.466
1686,Rohtak,Uttar Pradesh,India,0.112
1687,Chennai,Gujarat,India,0.468
1688,Firozabad,Nagaland,India,0.259
1689,Amravati,Assam,India,0.16
1690,Machilipatnam,Tripura,India,0.261
1691,Silchar,Telangana,India,0.537
1692,Katihar,Andhra Pradesh,India,0.324
1693,Nangloi Jat,Meghalaya,India,0.223
1694,Bhilwara,Punjab,India,0.157
1695,Bhiwani,West Bengal,India,0.124
1696,Khandwa,Karnataka,India,0.38
1697,Nandyal,Andhra Pradesh,India,0.218
1698,Tiruppur,Arunachal Pradesh,India,0.378
1699,Gurgaon,Telangana,India,0.043
1700,Pali,Goa,India,0.285
1701,Thrissur,Tamil Nadu,India,0.201
1702,Rewa,Uttar Pradesh,India,0.425
1703,North Dumdum,Assam,India,0.377
1704,Kurnool,Tripura,India,0.232
1705,Tiruppur,Meghalaya,India,0.306
1706,Ramgarh,Himachal Pradesh,India,0.276
1707,Madanapalle,Meghalaya,India,0.155
1708,Gulbarga,Punjab,India,0.561
1709,Parbhani,Arunachal Pradesh,India,0.505
1710,Sri Ganganagar,Mizoram,India,0.331
1711,Unnao,Chhattisgarh,India,0.129
1712,Jamnagar,Chhattisgarh,India,0.125
1713,Mango,Nagaland,India,0.107
1714,Etawah,Karnataka,India,0.209
1715,Allahabad,Tripura,India,0.087
1716,Machilipatnam,Assam,India,0.083
1717,Shahjahanpur,Uttar Pradesh,India,0.025
1718,Arrah,Manipur,India,0.013
1719,Indore,Rajasthan,India,0.415
1720,Bhiwandi,Jharkhand,India,0.1
1721,Hyderabad,Nagaland,India,0.135
1722,Malegaon,Maharashtra,India,0.458
1723,Gulbarga,Andhra Pradesh,India,0.143
1724,Khora ,Bihar,India,0.542
1725,Rampur,Punjab,India,0.251
1726,Bhatpara,Chhattisgarh,India,0.508
1727,Mathura,Punjab,India,0.251
1728,Bijapur,Gujarat,India,0.386
1729,Siliguri,Himachal Pradesh,India,0.247
1730,Guntur,Tripura,India,0.527
1731,Hospet,Punjab,India,0.189
1732,Karaikudi,Rajasthan,India,0.235
1733,Kochi,Jharkhand,India,0.215
1734,Gudivada,West Bengal,India,0.304
1735,Bhalswa Jahangir Pur,Uttarakhand,India,0.226
1736,Mathura,Telangana,India,0.247
1737,Navi Mumbai,Rajasthan,India,0.583
1738,Bareilly,Mizoram,India,0.176
1739,Phagwara,Bihar,India,0.548
1740,Tadipatri,Assam,India,0.314
1741,Thiruvananthapuram,Sikkim,India,0.506
1742,Muzaffarpur,Uttarakhand,India,0.206
1743,Bhind,West Bengal,India,0.247
1744,Indore,Tripura,India,0.225
1745,Kumbakonam,Rajasthan,India,0.231
1746,Jorhat,Gujarat,India,0.374
1747,Bally,Rajasthan,India,0.324
1748,Siliguri,Punjab,India,0.169
1749,Bahraich,Karnataka,India,0.239
1750,Morbi,Tripura,India,0.147
1751,Anand,Mizoram,India,0.104
1752,Agartala,Tripura,India,0.56
1753,Hyderabad,Himachal Pradesh,India,0.606
1754,Bhubaneswar,Haryana,India,0.175
1755,Narasaraopet,Tamil Nadu,India,0.496
1756,Tadepalligudem,Himachal Pradesh,India,0.335
1757,Tiruchirappalli,Maharashtra,India,0.205
1758,Panchkula,Manipur,India,0.548
1759,Vijayawada,Sikkim,India,0.297
1760,Gangtok,Assam,India,0.197
1761,Nanded,Bihar,India,0.07
1762,Ahmednagar,Manipur,India,0.361
1763,South Dumdum,Uttarakhand,India,0.364
1764,Sikar,Himachal Pradesh,India,0.265
1765,Varanasi,Nagaland,India,0.005
1766,Bellary,Haryana,India,0.269
1767,Ahmednagar,Andhra Pradesh,India,0.259
1768,Jamnagar,Odisha,India,0.186
1769,Phagwara,Nagaland,India,0.449
1770,Panvel,Jharkhand,India,0.429
1771,Bulandshahr,Haryana,India,0.385
1772,Anantapur,Tripura,India,0.075
1773,Jhansi,Tamil Nadu,India,0.438
1774,Kharagpur,Madhya Pradesh,India,0.327
1775,Khammam,Arunachal Pradesh,India,0.364
1776,Shahjahanpur,Tripura,India,0.396
1777,Bongaigaon,Jharkhand,India,0.312
1778,Eluru,Uttar Pradesh,India,0.294
1779,Bilaspur,Maharashtra,India,0.159
1780,Madanapalle,Bihar,India,0.236
1781,Machilipatnam,Goa,India,0.598
1782,Karimnagar,Manipur,India,0.101
1783,Vellore,Jharkhand,India,0.153
1784,Nadiad,Gujarat,India,0.196
1785,Karnal,Sikkim,India,0.466
1786,Salem,Assam,India,0.281
1787,Berhampore,Himachal Pradesh,India,0.306
1788,Gurgaon,Uttarakhand,India,0.078
1789,Srinagar,Tamil Nadu,India,0.104
1790,Bidar,Haryana,India,0.16
1791,Bidhannagar,Uttar Pradesh,India,0.037
1792,Meerut,Rajasthan,India,0.309
1793,Motihari,Madhya Pradesh,India,0.195
1794,Ahmednagar,Madhya Pradesh,India,0.432
1795,Anand,Rajasthan,India,0.462
1796,Karawal Nagar,Rajasthan,India,0.45
1797,Pallavaram,Meghalaya,India,0.286
1798,Malegaon,West Bengal,India,0.237
1799,Navi Mumbai,Meghalaya,India,0.131
1800,Etawah,Tripura,India,0.317
1801,Guwahati,Manipur,India,0.332
1802,Chandigarh,Goa,India,0.184
1803,Gangtok,Odisha,India,0.36
1804,Mysore,Manipur,India,0.212
1805,Unnao,West Bengal,India,0.463
1806,Parbhani,Mizoram,India,0.176
1807,Thrissur,Chhattisgarh,India,0.287
1808,Surat,Uttarakhand,India,0.538
1809,Yamunanagar,Nagaland,India,0.172
1810,Nellore,Tamil Nadu,India,0.448
1811,Shivpuri,Sikkim,India,0.531
1812,Thiruvananthapuram,Madhya Pradesh,India,0.192
1813,Siliguri,Telangana,India,0.157
1814,Ranchi,Maharashtra,India,0.227
1815,Rajkot,Manipur,India,0.116
1816,Udupi,Nagaland,India,0.15
1817,Alappuzha,West Bengal,India,0.08
1818,Ratlam,Kerala,India,0.53
1819,Panvel,Sikkim,India,0.514
1820,Pondicherry,Telangana,India,0.23
1821,Bettiah,Kerala,India,0.123
1822,Bhind,Meghalaya,India,0.156
1823,Aligarh,Bihar,India,0.44
1824,Madanapalle,Kerala,India,0.291
1825,Narasaraopet,Chhattisgarh,India,0.216
1826,Kharagpur,Rajasthan,India,0.434
1827,Tadepalligudem,Nagaland,India,0.312
1828,South Dumdum,Tamil Nadu,India,0.41
1829,Shimoga,Bihar,India,0.281
1830,Panchkula,Goa,India,0.282
1831,Jaipur,Meghalaya,India,0.223
1832,Kharagpur,Rajasthan,India,0.165
1833,Hajipur,Nagaland,India,0.153
1834,Dibrugarh,Andhra Pradesh,India,0.425
1835,Malegaon,Assam,India,0.086
1836,Ichalkaranji,Rajasthan,India,0.252
1837,Bihar Sharif,Kerala,India,0.081
1838,Bongaigaon,Mizoram,India,0.155
1839,Muzaffarnagar,Uttar Pradesh,India,0.259
1840,Jaipur,Mizoram,India,0.557
1841,Cuttack,Maharashtra,India,0.264
1842,Rohtak,Assam,India,0.085
1843,Warangal,Sikkim,India,0.716
1844,Yamunanagar,Haryana,India,0.376
1845,Davanagere,Chhattisgarh,India,0.506
1846,Alwar,Punjab,India,0.251
1847,Rajpur Sonarpur,Uttar Pradesh,India,0.291
1848,Nadiad,West Bengal,India,0.469
1849,Ambattur,Odisha,India,0.549
1850,Kishanganj,Bihar,India,0.531
1851,Kottayam,Bihar,India,0.298
1852,Faridabad,Jharkhand,India,0.551
1853,Jamshedpur,Karnataka,India,0.133
1854,Gudivada,Karnataka,India,0.192
1855,Satna,Sikkim,India,0.239
1856,Raebareli,Rajasthan,India,0.397
1857,Jamshedpur,Arunachal Pradesh,India,0.188
1858,Bhatpara,Nagaland,India,0.602
1859,Pondicherry,Maharashtra,India,0.219
1860,Jabalpur,Sikkim,India,0.238
1861,Amaravati,Odisha,India,0.396
1862,Chinsurah,Bihar,India,0.162
1863,Proddatur,Tamil Nadu,India,0.605
1864,Bhalswa Jahangir Pur,Mizoram,India,0.185
1865,Jamnagar,Uttar Pradesh,India,0.347
1866,Bhagalpur,Maharashtra,India,0.586
1867,Indore,Manipur,India,0.344
1868,Shahjahanpur,Uttarakhand,India,0.437
1869,Pondicherry,Odisha,India,0.093
1870,Suryapet,Kerala,India,0.317
1871,Ludhiana,Himachal Pradesh,India,0.308
1872,Nagpur,Himachal Pradesh,India,0.293
1873,Dehri,Kerala,India,0.184
1874,Medininagar,Karnataka,India,0.291
1875,Parbhani,Maharashtra,India,0.184
1876,Bhalswa Jahangir Pur,Uttarakhand,India,0.012
1877,Ongole,Assam,India,0.354
1878,Anantapur,Sikkim,India,0.169
1879,Amroha,Tripura,India,0.216
1880,Malegaon,Gujarat,India,0.406
1881,Sambhal,Arunachal Pradesh,India,0.101
1882,Munger,Goa,India,0.16
1883,Jalgaon,Arunachal Pradesh,India,0.239
1884,Ambarnath,Tripura,India,0.159
1885,Khora ,Bihar,India,0.269
1886,Tumkur,Goa,India,0.352
1887,Bangalore,Tamil Nadu,India,0.24
1888,Aurangabad,Assam,India,0.211
1889,Junagadh,Telangana,India,0.232
1890,Tiruppur,Kerala,India,0.147
1891,Haridwar,Chhattisgarh,India,0.426
1892,Warangal,Andhra Pradesh,India,0.265
1893,Tirupati,Telangana,India,0.083
1894,Hubli–Dharwad,Himachal Pradesh,India,0.527
1895,Motihari,Telangana,India,0.263
1896,Miryalaguda,Assam,India,0.073
1897,Sri Ganganagar,Gujarat,India,0.374
1898,Bhimavaram,Gujarat,India,0.325
1899,Bhatpara,Meghalaya,India,0.476
1900,Tadipatri,Odisha,India,0.255
1901,Tiruppur,Bihar,India,0.412
1902,Ramagundam,Punjab,India,0.392
1903,Ulhasnagar,Goa,India,0.355
1904,Anantapur,Arunachal Pradesh,India,0.223
1905,Ujjain,Meghalaya,India,0.015
1906,Alwar,Jharkhand,India,0.557
1907,South Dumdum,Jharkhand,India,0.12
1908,Bally,Kerala,India,0.307
1909,Hajipur,Chhattisgarh,India,0.326
1910,Aurangabad,Meghalaya,India,0.309
1911,Ballia,Goa,India,0.123
1912,Mahbubnagar,Himachal Pradesh,India,0.176
1913,Purnia,Sikkim,India,0.102
1914,Thiruvananthapuram,Manipur,India,0.415
1915,Gopalpur,Punjab,India,0.222
1916,Khammam,Chhattisgarh,India,0.395
1917,Ramagundam,Andhra Pradesh,India,0.134
1918,Nagercoil,Goa,India,0.132
1919,Unnao,Gujarat,India,0.104
1920,Baranagar,Manipur,India,0.349
1921,Bhind,Karnataka,India,0.437
1922,Delhi,Manipur,India,0.069
1923,Naihati,Kerala,India,0.143
1924,Arrah,Jharkhand,India,0.302
1925,Chapra,Nagaland,India,0.285
1926,Belgaum,Kerala,India,0.097
1927,Guwahati,Telangana,India,0.026
1928,Bhatpara,Assam,India,0.301
1929,Bhilai,Uttarakhand,India,0.467
1930,Gurgaon,Kerala,India,0.395
1931,Jalandhar,Manipur,India,0.041
1932,Mysore,Sikkim,India,0.233
1933,Rajpur Sonarpur,Manipur,India,0.235
1934,Ahmednagar,Assam,India,0.469
1935,Anantapur,Kerala,India,0.614
1936,Tumkur,Chhattisgarh,India,0.171
1937,Kolkata,Karnataka,India,0.135
1938,Mirzapur,Sikkim,India,0.288
1939,Mathura,Goa,India,0.114
1940,Surat,Tripura,India,0.594
1941,Gandhidham,Haryana,India,0.026
1942,Kirari Suleman Nagar,Gujarat,India,0.302
1943,Bharatpur,Bihar,India,0.409
1944,Kakinada,Gujarat,India,0.607
1945,Deoghar,Karnataka,India,0.217
1946,Navi Mumbai,Himachal Pradesh,India,0.113
1947,Anantapuram,Uttar Pradesh,India,0.232
1948,Aurangabad,Sikkim,India,0.27
1949,Panchkula,Assam,India,0.136
1950,Bardhaman,Uttar Pradesh,India,0.656
1951,Kottayam,West Bengal,India,0.244
1952,Jaunpur,Mizoram,India,0.481
1953,Serampore,Uttar Pradesh,India,0.591
1954,Ahmednagar,Gujarat,India,0.261
1955,Ulhasnagar,Haryana,India,0.081
1956,Nangloi Jat,Karnataka,India,0.425
1957,Burhanpur,Assam,India,0.197
1958,Guntur,Uttarakhand,India,0.043
1959,Katni,Nagaland,India,0.081
1960,Rampur,Assam,India,0.444
1961,Khora ,Madhya Pradesh,India,0.613
1962,Karimnagar,Nagaland,India,0.354
1963,Rourkela,Tamil Nadu,India,0.525
1964,Jamnagar,Rajasthan,India,0.077
1965,Miryalaguda,Rajasthan,India,0.12
1966,Hajipur,Karnataka,India,0.332
1967,Mira-Bhayandar,Chhattisgarh,India,0.43
1968,Morbi,Gujarat,India,0.374
1969,Gandhinagar,Nagaland,India,0.147
1970,Agartala,Meghalaya,India,0.233
1971,Asansol,Chhattisgarh,India,0.809
1972,Alappuzha,Telangana,India,0.282
1973,Mumbai,Rajasthan,India,0.308
1974,Gaya,Maharashtra,India,0.136
1975,Anand,Chhattisgarh,India,0.052
1976,Shahjahanpur,Maharashtra,India,0.317
1977,Jalna,Assam,India,0.091
1978,Bhalswa Jahangir Pur,Telangana,India,0.243
1979,Moradabad,Karnataka,India,0.223
1980,Mysore,Rajasthan,India,0.18
1981,Munger,Jharkhand,India,0.075
1982,Madanapalle,Sikkim,India,0.257
1983,Jalandhar,Jharkhand,India,0.261
1984,Tinsukia,Sikkim,India,0.042
1985,Sri Ganganagar,Telangana,India,0.261
1986,Bahraich,Manipur,India,0.239
1987,Bidar,Karnataka,India,0.461
1988,Ramgarh,Arunachal Pradesh,India,0.248
1989,Jalandhar,Maharashtra,India,0.31
1990,Khandwa,Odisha,India,0.491
1991,Proddatur,Bihar,India,0.092
1992,Katihar,Chhattisgarh,India,0.187
1993,Malda,Goa,India,0.195
1994,Kavali,Himachal Pradesh,India,0.306
1995,Kozhikode,Arunachal Pradesh,India,0.432
1996,Cuttack,Jharkhand,India,0.235
1997,Thane,Kerala,India,0.255
1998,Yamunanagar,Tripura,India,0.065
1999,Aurangabad,Jharkhand,India,0.093
2000,Kumbakonam,Bihar,India,0.376
2001,Kottayam,Nagaland,India,0.561
2002,Bhusawal,Andhra Pradesh,India,0.627
2003,Khandwa,Uttarakhand,India,0.375
2004,Madanapalle,Madhya Pradesh,India,0.599
2005,Purnia,Tripura,India,0.514
2006,Maheshtala,Arunachal Pradesh,India,0.064
2007,Mehsana,Jharkhand,India,0.312
2008,Bidar,Chhattisgarh,India,0.175
2009,Kurnool,Nagaland,India,0.448
2010,Amroha,Maharashtra,India,0.602
2011,Bhiwani,Haryana,India,0.413
2012,Karnal,Andhra Pradesh,India,0.44
2013,Ichalkaranji,Tamil Nadu,India,0.188
2014,Coimbatore,Bihar,India,0.307
2015,Gopalpur,Arunachal Pradesh,India,0.391
2016,Meerut,Goa,India,0.504
2017,Shahjahanpur,Odisha,India,0.096
2018,Saharsa,Sikkim,India,0.315
2019,Berhampur,Manipur,India,0.592
2020,Khandwa,Bihar,India,0.183
2021,Dehri,Kerala,India,0.101
2022,Thane,Rajasthan,India,0.364
2023,Srikakulam,Nagaland,India,0.13
2024,Bhopal,Sikkim,India,0.462
2025,Bathinda,Telangana,India,0.113
2026,Kakinada,West Bengal,India,0.141
2027,Bhind,Bihar,India,0.281
2028,Raebareli,Himachal Pradesh,India,0.098
2029,Gulbarga,Madhya Pradesh,India,0.399
2030,Shivpuri,Himachal Pradesh,India,0.523
2031,Gopalpur,Tamil Nadu,India,0.273
2032,Suryapet,Goa,India,0.758
2033,Vadodara,Meghalaya,India,0.189
2034,Hapur,Meghalaya,India,0.118
2035,Srinagar,Uttar Pradesh,India,0.444
2036,Kota,Assam,India,0.053
2037,Gorakhpur,Chhattisgarh,India,0.275
2038,Ajmer,Uttar Pradesh,India,0.333
2039,Sasaram,Arunachal Pradesh,India,0.262
2040,Dehri,West Bengal,India,0.201
2041,Machilipatnam,Manipur,India,0.574
2042,Patna,Odisha,India,0.344
2043,Dehradun,Kerala,India,0.304
2044,Ghaziabad,Punjab,India,0.071
2045,Erode,Bihar,India,0.301
2046,Purnia,Uttar Pradesh,India,0.281
2047,Ozhukarai,Haryana,India,0.599
2048,Chandigarh,Maharashtra,India,0.036
2049,Dehri,Goa,India,0.159
2050,Bangalore,Odisha,India,0.488
2051,Hyderabad,Kerala,India,0.364
2052,Dibrugarh,Assam,India,0.601
2053,Gudivada,Tamil Nadu,India,0.338
2054,Bhiwandi,Nagaland,India,0.336
2055,Begusarai,Odisha,India,0.397
2056,Hosur,Chhattisgarh,India,0.347
2057,Dewas,Uttarakhand,India,0.542
2058,Aligarh,Mizoram,India,0.067
2059,Gandhinagar,Meghalaya,India,0.187
2060,Panvel,Tripura,India,0.567
2061,Coimbatore,Uttarakhand,India,0.649
2062,Sultan Pur Majra,Maharashtra,India,0.069
2063,Firozabad,Tamil Nadu,India,0.544
2064,Darbhanga,Uttarakhand,India,0.031
2065,Haridwar,Kerala,India,0.152
2066,Orai,Meghalaya,India,0.452
2067,Hajipur,Haryana,India,0.415
2068,Siwan,Haryana,India,0.508
2069,Cuttack,Gujarat,India,0.311
2070,Haldia,Haryana,India,0.443
2071,Surendranagar Dudhrej,Goa,India,0.605
2072,Dhule,Assam,India,0.096
2073,Bangalore,Sikkim,India,0.128
2074,Chinsurah,Jharkhand,India,0.081
2075,Bhilwara,Telangana,India,0.138
2076,Udupi,Sikkim,India,0.25
2077,Bhind,Madhya Pradesh,India,0.084
2078,Lucknow,Tamil Nadu,India,0.4
2079,Udupi,Manipur,India,0.45
2080,Silchar,Bihar,India,0.402
2081,Bokaro,Uttar Pradesh,India,0.305
2082,Nagaon,West Bengal,India,0.336
2083,Secunderabad,Assam,India,0.365
2084,Berhampur,Manipur,India,0.395
2085,Pudukkottai,Tripura,India,0.337
2086,Shivpuri,Tripura,India,0.086
2087,Mysore,Arunachal Pradesh,India,0.377
2088,Sasaram,Nagaland,India,0.258
2089,Vasai-Virar,Arunachal Pradesh,India,0.205
2090,Shimla,Gujarat,India,0.369
2091,Morbi,Rajasthan,India,0.094
2092,Chandigarh,Madhya Pradesh,India,0.492
2093,Bhubaneswar,Telangana,India,0.01
2094,Sambhal,Karnataka,India,0.57
2095,Vadodara,Assam,India,0.412
2096,Sirsa,Uttarakhand,India,0.44
2097,Thiruvananthapuram,Goa,India,0.329
2098,Madanapalle,Rajasthan,India,0.536
2099,Varanasi,Tripura,India,0.582
2100,Bettiah,Rajasthan,India,0.414
2101,Nellore,Odisha,India,0.083
2102,Tiruppur,Sikkim,India,0.509
2103,Dhanbad,Assam,India,0.323
2104,Khammam,Arunachal Pradesh,India,0.397
2105,Bharatpur,Jharkhand,India,0.388
2106,Gurgaon,Gujarat,India,0.383
2107,Mirzapur,Madhya Pradesh,India,0.227
2108,Sagar,Telangana,India,0.365
2109,Rewa,Himachal Pradesh,India,0.461
2110,Tiruvottiyur,West Bengal,India,0.352
2111,Serampore,West Bengal,India,0.398
2112,Adoni,Andhra Pradesh,India,0.227
2113,Indore,Odisha,India,0.349
2114,Bidhannagar,Mizoram,India,0.218
2115,Pali,Madhya Pradesh,India,0.437
2116,Kharagpur,Tripura,India,0.215
2117,Bharatpur,Meghalaya,India,0.337
2118,Srinagar,Maharashtra,India,0.398
2119,Miryalaguda,Odisha,India,0.259
2120,Bongaigaon,Haryana,India,0.343
2121,Pali,West Bengal,India,0.114
2122,Machilipatnam,Jharkhand,India,0.136
2123,Hospet,Bihar,India,0.41
2124,Bijapur,Madhya Pradesh,India,0.128
2125,Patiala,Odisha,India,0.169
2126,Eluru,Kerala,India,0.188
2127,Chinsurah,Mizoram,India,0.252
2128,Kozhikode,Chhattisgarh,India,0.289
2129,Bhopal,Tamil Nadu,India,0.374
2130,Ambattur,Kerala,India,0.153
2131,Panvel,Telangana,India,0.3
2132,Nanded,Odisha,India,0.241
2133,Aurangabad,Gujarat,India,0.157
2134,Raipur,Sikkim,India,0.015
2135,Faridabad,Goa,India,0.13
2136,Hosur,Andhra Pradesh,India,0.104
2137,Karaikudi,Sikkim,India,0.384
2138,Nagpur,Punjab,India,0.333
2139,Haldia,Odisha,India,0.243
2140,Thane,Tripura,India,0.162
2141,Phagwara,Uttar Pradesh,India,0.356
2142,Sambhal,Punjab,India,0.105
2143,Meerut,Tripura,India,0.289
2144,Kadapa,Madhya Pradesh,India,0.237
2145,Ratlam,Andhra Pradesh,India,0.358
2146,Jorhat,Goa,India,0.183
2147,Malegaon,Himachal Pradesh,India,0.419
2148,Bikaner,Maharashtra,India,0.566
2149,Avadi,Madhya Pradesh,India,0.195
2150,Aurangabad,Tamil Nadu,India,0.268
2151,Fatehpur,Himachal Pradesh,India,0.153
2152,Pali,Bihar,India,0.073
2153,Tumkur,Himachal Pradesh,India,0.248
2154,Secunderabad,Meghalaya,India,0.56
2155,Ongole,Goa,India,0.363
2156,Durg,Madhya Pradesh,India,0.161
2157,Belgaum,West Bengal,India,0.288
2158,Ambattur,Chhattisgarh,India,0.297
2159,Mira-Bhayandar,Manipur,India,0.411
2160,Nagercoil,Nagaland,India,0.219
2161,Bhimavaram,Maharashtra,India,0.18
2162,Bellary,Andhra Pradesh,India,0.111
2163,Hosur,Meghalaya,India,0.352
2164,Nanded,West Bengal,India,0.44
2165,Sambalpur,Sikkim,India,0.467
2166,Bhilai,West Bengal,India,0.361
2167,Guwahati,Nagaland,India,0.074
2168,Moradabad,Odisha,India,0.386
2169,Patiala,Jharkhand,India,0.391
2170,Gandhidham,Jharkhand,India,0.316
2171,Fatehpur,Himachal Pradesh,India,0.372
2172,Agartala,Nagaland,India,0.376
2173,Howrah,Tamil Nadu,India,0.364
2174,Kamarhati,Jharkhand,India,0.267
2175,Ahmedabad,Manipur,India,0.169
2176,Singrauli,Arunachal Pradesh,India,0.388
2177,Thiruvananthapuram,Gujarat,India,0.14
2178,Kolhapur,Himachal Pradesh,India,0.216
2179,Kolkata,Assam,India,0.099
2180,Hapur,Manipur,India,0.3
2181,Raebareli,Maharashtra,India,0.701
2182,Sambalpur,Meghalaya,India,0.426
2183,Shimla,Arunachal Pradesh,India,0.136
2184,Bokaro,Meghalaya,India,0.191
2185,Visakhapatnam,Rajasthan,India,0.345
2186,North Dumdum,Uttarakhand,India,0.279
2187,Kakinada,Kerala,India,0.313
2188,Mangalore,West Bengal,India,0.022
2189,Ulhasnagar,Andhra Pradesh,India,0.321
2190,Ramagundam,Arunachal Pradesh,India,0.349
2191,Jaunpur,Chhattisgarh,India,0.531
2192,Arrah,Andhra Pradesh,India,0.165
2193,Raurkela Industrial Township,Tamil Nadu,India,0.18
2194,Panipat,Telangana,India,0.387
2195,Uluberia,Assam,India,0.085
2196,Ozhukarai,Telangana,India,0.311
2197,Mysore,West Bengal,India,0.303
2198,Munger,Kerala,India,0.263
2199,Ludhiana,Andhra Pradesh,India,0.367
2200,Bhiwani,Andhra Pradesh,India,0.073
2201,Gopalpur,Haryana,India,0.193
2202,Bongaigaon,Andhra Pradesh,India,0.661
2203,Bellary,Jharkhand,India,0.065
2204,Chittoor,Arunachal Pradesh,India,0.229
2205,Bulandshahr,Tripura,India,0.278
2206,Motihari,Nagaland,India,0.237
2207,Bhagalpur,Jharkhand,India,0.348
2208,Mau,Telangana,India,0.252
2209,Allahabad,Goa,India,0.118
2210,Nagaon,Bihar,India,0.11
2211,Sasaram,Arunachal Pradesh,India,0.166
2212,Sambhal,Mizoram,India,0.103
2213,Jalandhar,Nagaland,India,0.117
2214,Bhiwani,Rajasthan,India,0.357
2215,Imphal,Tamil Nadu,India,0.265
2216,Ratlam,Assam,India,0.068
2217,Panchkula,Uttarakhand,India,0.024
2218,Salem,Bihar,India,0.339
2219,Indore,West Bengal,India,0.146
2220,Aurangabad,Bihar,India,0.336
2221,Salem,Madhya Pradesh,India,0.466
2222,Sambalpur,Himachal Pradesh,India,0.244
2223,Surendranagar Dudhrej,Bihar,India,0.144
2224,Thiruvananthapuram,Bihar,India,0.049
2225,Muzaffarnagar,Chhattisgarh,India,0.647
2226,Kulti,Rajasthan,India,0.514
2227,Latur,Nagaland,India,0.083
2228,Lucknow,Haryana,India,0.438
2229,Raebareli,Tamil Nadu,India,0.276
2230,Bardhaman,Bihar,India,0.32
2231,Chennai,Assam,India,0.232
2232,Fatehpur,Telangana,India,0.187
2233,Eluru,Jharkhand,India,0.404
2234,Faridabad,Himachal Pradesh,India,0.292
2235,Mysore,Goa,India,0.133
2236,Ambattur,Chhattisgarh,India,0.271
2237,Ambarnath,Sikkim,India,0.19
2238,Kota,Sikkim,India,0.09
2239,Dhanbad,Tamil Nadu,India,0.216
2240,Dehri,Chhattisgarh,India,0.047
2241,Parbhani,Arunachal Pradesh,India,0.222
2242,Bellary,Jharkhand,India,0.044
2243,Sagar,Uttar Pradesh,India,0.6
2244,Farrukhabad,Karnataka,India,0.462
2245,Faridabad,Tripura,India,0.276
2246,Aligarh,Maharashtra,India,0.251
2247,Thoothukudi,Telangana,India,0.344
2248,Raiganj,Andhra Pradesh,India,0.07
2249,Kishanganj,Nagaland,India,0.305
2250,Aurangabad,Chhattisgarh,India,0.267
2251,Rajpur Sonarpur,Himachal Pradesh,India,0.736
2252,Shivpuri,Tripura,India,0.122
2253,Haldia,Uttarakhand,India,0.088
2254,Nagercoil,Rajasthan,India,0.049
2255,Nagercoil,Himachal Pradesh,India,0.161
2256,Berhampur,Punjab,India,0.121
2257,Jalandhar,Maharashtra,India,0.091
2258,Loni,Madhya Pradesh,India,0.545
2259,Baranagar,Manipur,India,0.093
2260,Gulbarga,Bihar,India,0.603
2261,Ozhukarai,Himachal Pradesh,India,0.589
2262,Darbhanga,Meghalaya,India,0.13
2263,Alappuzha,Kerala,India,0.284
2264,Sultan Pur Majra,Telangana,India,0.46
2265,Davanagere,Tripura,India,0.411
2266,Bhilai,Jharkhand,India,0.188
2267,Jabalpur,Tamil Nadu,India,0.547
2268,Khora ,Odisha,India,0.605
2269,Hospet,Rajasthan,India,0.26
2270,Munger,Goa,India,0.329
2271,Ballia,Haryana,India,0.107
2272,Thiruvananthapuram,Odisha,India,0.49
2273,Bharatpur,Mizoram,India,0.527
2274,Phagwara,Goa,India,0.568
2275,Akola,Odisha,India,0.275
2276,Alwar,Madhya Pradesh,India,0.054
2277,Alappuzha,Maharashtra,India,0.237
2278,Thiruvananthapuram,Sikkim,India,0.223
2279,Surendranagar Dudhrej,Gujarat,India,0.052
2280,Thoothukudi,Karnataka,India,0.312
2281,Dibrugarh,Tamil Nadu,India,0.601
2282,Delhi,West Bengal,India,0.217
2283,Bathinda,Madhya Pradesh,India,0.342
2284,Karnal,West Bengal,India,0.277
2285,Hubli–Dharwad,Tripura,India,0.121
2286,Gorakhpur,Bihar,India,0.313
2287,Sultan Pur Majra,Bihar,India,0.3
2288,Guna,Assam,India,0.306
2289,Tirupati,Tripura,India,0.102
2290,Bathinda,Assam,India,0.463
2291,Dewas,Uttarakhand,India,0.337
2292,Narasaraopet,Goa,India,0.287
2293,Rampur,Andhra Pradesh,India,0.576
2294,Nandyal,Odisha,India,0.458
2295,Chittoor,Tamil Nadu,India,0.129
2296,Patna,Uttar Pradesh,India,0.492
2297,Udupi,Mizoram,India,0.607
2298,Adoni,Tamil Nadu,India,0.219
2299,Suryapet,Uttarakhand,India,0.168
2300,Dehri,Mizoram,India,0.274
2301,Kozhikode,Madhya Pradesh,India,0.133
2302,Berhampore,Punjab,India,0.179
2303,Chapra,Meghalaya,India,0.488
2304,Motihari,Arunachal Pradesh,India,0.224
2305,Vijayawada,Karnataka,India,0.204
2306,Ulhasnagar,Madhya Pradesh,India,0.124
2307,Dharmavaram,Arunachal Pradesh,India,0.375
2308,Thoothukudi,Mizoram,India,0.387
2309,Aurangabad,Haryana,India,0.469
2310,Unnao,Sikkim,India,0.157
2311,Navi Mumbai,Uttarakhand,India,0.21
2312,Vellore,Jharkhand,India,0.469
2313,Jabalpur,Odisha,India,0.074
2314,Jabalpur,Himachal Pradesh,India,0.451
2315,Madanapalle,Mizoram,India,0.477
2316,Darbhanga,Sikkim,India,0.381
2317,Bardhaman,Madhya Pradesh,India,0.12
2318,Madanapalle,Karnataka,India,0.05
2319,Korba,Madhya Pradesh,India,0.695
2320,Mysore,Tripura,India,0.224
2321,Haldia,Rajasthan,India,0.568
2322,Belgaum,Manipur,India,0.295
2323,Kota,Gujarat,India,0.04
2324,Malda,Himachal Pradesh,India,0.169
2325,Patna,Rajasthan,India,0.306
2326,Erode,Maharashtra,India,0.116
2327,Jorhat,Tripura,India,0.066
2328,Mahbubnagar,Haryana,India,0.078
2329,Ajmer,Maharashtra,India,0.164
2330,Thane,Mizoram,India,0.215
2331,Gudivada,Uttarakhand,India,0.331
2332,Panipat,Chhattisgarh,India,0.245
2333,Dehri,Andhra Pradesh,India,0.112
2334,Katni,Telangana,India,0.34
2335,Chittoor,Madhya Pradesh,India,0.199
2336,Bhusawal,Assam,India,0.372
2337,Barasat,Punjab,India,0.555
2338,Dehri,Chhattisgarh,India,0.078
2339,Nagercoil,Meghalaya,India,0.184
2340,Chittoor,Uttarakhand,India,0.073
2341,Vijayanagaram,Chhattisgarh,India,0.231
2342,Bhilai,Tripura,India,0.543
2343,Raipur,Assam,India,0.326
2344,Jalgaon,Uttarakhand,India,0.402
2345,Aurangabad,Haryana,India,0.324
2346,Tirupati,Goa,India,0.108
2347,Gudivada,Bihar,India,0.328
2348,Begusarai,Bihar,India,0.344
2349,Mahbubnagar,Uttarakhand,India,0.356
2350,Thiruvananthapuram,Punjab,India,0.085
2351,Chandigarh,Assam,India,0.286
2352,Kota,Mizoram,India,0.069
2353,Jalandhar,Arunachal Pradesh,India,0.228
2354,Bathinda,Telangana,India,0.384
2355,Jalandhar,Maharashtra,India,0.119
2356,Satara,Karnataka,India,0.112
2357,Sirsa,Sikkim,India,0.103
2358,Bongaigaon,Mizoram,India,0.755
2359,Noida,Meghalaya,India,0.397
2360,Tiruvottiyur,Manipur,India,0.159
2361,Gurgaon,Manipur,India,0.345
2362,Ozhukarai,Maharashtra,India,0.225
2363,Aligarh,Bihar,India,0.445
2364,Bilaspur,Mizoram,India,0.121
2365,Ujjain,Meghalaya,India,0.401
2366,Kharagpur,Chhattisgarh,India,0.178
2367,Sagar,Chhattisgarh,India,0.58
2368,Tadepalligudem,Assam,India,0.175
2369,Karimnagar,Chhattisgarh,India,0.734
2370,Bathinda,Tamil Nadu,India,0.014
2371,Jalgaon,Kerala,India,0.483
2372,Hospet,Mizoram,India,0.398
2373,Madurai,Arunachal Pradesh,India,0.699
2374,Tirunelveli,Maharashtra,India,0.254
2375,Rajahmundry,Manipur,India,0.187
2376,Amaravati,Madhya Pradesh,India,0.137
2377,Tadipatri,Goa,India,0.365
2378,Dhule,Telangana,India,0.561
2379,Parbhani,Goa,India,0.38
2380,Sultan Pur Majra,Kerala,India,0.206
2381,Ramgarh,Goa,India,0.269
2382,Guntur,Maharashtra,India,0.165
2383,South Dumdum,Punjab,India,0.583
2384,Aurangabad,Manipur,India,0.198
2385,Jamalpur,Rajasthan,India,0.036
2386,Tirunelveli,Goa,India,0.109
2387,Kulti,Meghalaya,India,0.545
2388,Jammu,Kerala,India,0.265
2389,Gwalior,Jharkhand,India,0.355
2390,Bongaigaon,Meghalaya,India,0.579
2391,Nashik,Nagaland,India,0.637
2392,Bettiah,Gujarat,India,0.681
2393,Jaunpur,Karnataka,India,0.333
2394,Tiruchirappalli,Madhya Pradesh,India,0.256
2395,Panihati,Nagaland,India,0.654
2396,Pudukkottai,Himachal Pradesh,India,0.351
2397,Jamalpur,Gujarat,India,0.228
2398,Guwahati,Manipur,India,0.094
2399,Gandhinagar,Madhya Pradesh,India,0.365
2400,Dhanbad,Jharkhand,India,0.12
2401,Kollam,Sikkim,India,0.403
2402,Dharmavaram,Assam,India,0.242
2403,Ghaziabad,Nagaland,India,0.246
2404,Udupi,Kerala,India,0.231
2405,Bihar Sharif,Bihar,India,0.266
2406,Dibrugarh,Karnataka,India,0.358
2407,Berhampur,Himachal Pradesh,India,0.068
2408,Karimnagar,Gujarat,India,0.183
2409,Allahabad,Karnataka,India,0.17
2410,Kochi,Nagaland,India,0.256
2411,Farrukhabad,Bihar,India,0.514
2412,Phagwara,Uttarakhand,India,0.282
2413,Loni,Assam,India,0.097
2414,Shimla,Andhra Pradesh,India,0.419
2415,Ulhasnagar,Arunachal Pradesh,India,0.529
2416,Baranagar,Punjab,India,0.437
2417,Giridih,Assam,India,0.489
2418,Muzaffarnagar,Punjab,India,0.352
2419,Shimla,Rajasthan,India,0.137
2420,Chandigarh,Chhattisgarh,India,0.282
2421,Vadodara,Arunachal Pradesh,India,0.271
2422,Kottayam,Rajasthan,India,0.213
2423,Kochi,Goa,India,0.228
2424,Sultan Pur Majra,Uttar Pradesh,India,0.044
2425,Saharsa,Manipur,India,0.281
2426,Chandrapur,Goa,India,0.155
2427,Bhusawal,Sikkim,India,0.433
2428,Navi Mumbai,Jharkhand,India,0.277
2429,Pune,Himachal Pradesh,India,0.202
2430,Jalgaon,Tripura,India,0.565
2431,Panchkula,Meghalaya,India,0.102
2432,Durgapur,Chhattisgarh,India,0.314
2433,Orai,Madhya Pradesh,India,0.195
2434,Bijapur,Mizoram,India,0.422
2435,Durg,Gujarat,India,0.228
2436,Karnal,Goa,India,0.041
2437,Secunderabad,Maharashtra,India,0.396
2438,Madhyamgram,Haryana,India,0.324
2439,Junagadh,Maharashtra,India,0.616
2440,Varanasi,West Bengal,India,0.109
2441,Visakhapatnam,Gujarat,India,0.515
2442,Etawah,Rajasthan,India,0.154
2443,Asansol,West Bengal,India,0.337
2444,Mira-Bhayandar,Chhattisgarh,India,0.174
2445,Karawal Nagar,Mizoram,India,0.283
2446,Mira-Bhayandar,Odisha,India,0.148
2447,Morbi,Uttar Pradesh,India,0.249
2448,Jhansi,Chhattisgarh,India,0.089
2449,Vijayawada,West Bengal,India,0.335
2450,Ratlam,Sikkim,India,0.185
2451,Agra,Mizoram,India,0.252
2452,Mango,Assam,India,0.129
2453,Surendranagar Dudhrej,Haryana,India,0.278
2454,Ghaziabad,Tamil Nadu,India,0.155
2455,Ambala,Maharashtra,India,0.612
2456,Nagpur,Bihar,India,0.031
2457,Etawah,Chhattisgarh,India,0.342
2458,Gandhidham,Madhya Pradesh,India,0.353
2459,Secunderabad,Maharashtra,India,0.043
2460,Dehri,Assam,India,0.373
2461,Shimla,Meghalaya,India,0.109
2462,Durgapur,Kerala,India,0.31
2463,Jalna,Odisha,India,0.05
2464,Mangalore,Tripura,India,0.39
2465,Chennai,Telangana,India,0.06
2466,Chinsurah,West Bengal,India,0.203
2467,Solapur,Andhra Pradesh,India,0.116
2468,Patna,Manipur,India,0.508
2469,Baranagar,Himachal Pradesh,India,0.329
2470,Sultan Pur Majra,Arunachal Pradesh,India,0.26
2471,Ambarnath,Tripura,India,0.529
2472,Bhopal,Kerala,India,0.777
2473,Sultan Pur Majra,Punjab,India,0.277
2474,North Dumdum,Madhya Pradesh,India,0.119
2475,Chittoor,Himachal Pradesh,India,0.064
2476,Rajahmundry,Madhya Pradesh,India,0.315
2477,Aligarh,Karnataka,India,0.527
2478,Kakinada,Rajasthan,India,0.311
2479,Gurgaon,West Bengal,India,0.283
2480,Khandwa,Haryana,India,0.233
2481,Kulti,Bihar,India,0.356
2482,Karaikudi,Odisha,India,0.467
2483,Thoothukudi,Himachal Pradesh,India,0.189
2484,Imphal,Tripura,India,0.109
2485,Vadodara,Bihar,India,0.145
2486,Jhansi,Madhya Pradesh,India,0.166
2487,Tumkur,Maharashtra,India,0.225
2488,Amaravati,Nagaland,India,0.258
2489,Bhalswa Jahangir Pur,Nagaland,India,0.234
2490,Madurai,Chhattisgarh,India,0.282
2491,Salem,Chhattisgarh,India,0.351
2492,Ichalkaranji,Bihar,India,0.174
2493,Bhopal,Nagaland,India,0.509
2494,Guntakal,Tripura,India,0.334
2495,Kalyan-Dombivli,Punjab,India,0.263
2496,Uluberia,Meghalaya,India,0.152
2497,Noida,Rajasthan,India,0.167
2498,Nanded,Chhattisgarh,India,0.025
2499,Jabalpur,Jharkhand,India,0.347
2500,Farrukhabad,Assam,India,0.146
2501,Imphal,Maharashtra,India,0.172
2502,Bhagalpur,Bihar,India,0.413
2503,Sambalpur,Kerala,India,0.092
2504,Malda,Goa,India,0.146
2505,Malda,Goa,India,0.091
2506,Firozabad,Meghalaya,India,0.203
2507,Mumbai,Kerala,India,0.217
2508,Arrah,Karnataka,India,0.309
2509,Guna,Karnataka,India,0.171
2510,Nizamabad,Goa,India,0.268
2511,Chennai,Rajasthan,India,0.088
2512,Bally,Manipur,India,0.309
2513,Pune,Punjab,India,0.425
2514,Tiruvottiyur,Haryana,India,0.108
2515,Tirunelveli,Rajasthan,India,0.194
2516,Bhiwandi,Goa,India,0.241
2517,Begusarai,Madhya Pradesh,India,0.615
2518,Thoothukudi,Odisha,India,0.22
2519,Gandhidham,Nagaland,India,0.033
2520,Bhalswa Jahangir Pur,West Bengal,India,0.364
2521,Sangli-Miraj & Kupwad,Nagaland,India,0.087
2522,Alwar,Tamil Nadu,India,0.074
2523,Karawal Nagar,Tripura,India,0.256
2524,Tiruchirappalli,Tamil Nadu,India,0.272
2525,Sasaram,Himachal Pradesh,India,0.557
2526,Jalgaon,Odisha,India,0.047
2527,Dibrugarh,Bihar,India,0.337
2528,Jaunpur,Rajasthan,India,0.523
2529,Kadapa,Karnataka,India,0.645
2530,Sasaram,Andhra Pradesh,India,0.053
2531,Bhavnagar,Meghalaya,India,0.147
2532,Pallavaram,Himachal Pradesh,India,0.135
2533,Secunderabad,West Bengal,India,0.074
2534,Sri Ganganagar,Punjab,India,0.269
2535,Hajipur,Madhya Pradesh,India,0.17
2536,Lucknow,Assam,India,0.397
2537,Thiruvananthapuram,Uttarakhand,India,0.125
2538,Saharanpur,Uttar Pradesh,India,0.219
2539,Jamnagar,Andhra Pradesh,India,0.263
2540,Saharsa,Punjab,India,0.253
2541,Alappuzha,West Bengal,India,0.248
2542,Hazaribagh,Odisha,India,0.061
2543,Eluru,Manipur,India,0.075
2544,Bhiwandi,Uttar Pradesh,India,0.14
2545,New Delhi,Tamil Nadu,India,0.177
2546,Gurgaon,Maharashtra,India,0.068
2547,Sasaram,Bihar,India,0.113
2548,Noida,Haryana,India,0.439
2549,Nellore,Bihar,India,0.142
2550,Vadodara,Manipur,India,0.211
2551,Hazaribagh,Assam,India,0.135
2552,Gandhidham,Bihar,India,0.186
2553,Jammu,Jharkhand,India,0.289
2554,Jorhat,Bihar,India,0.212
2555,Pali,Arunachal Pradesh,India,0.283
2556,Visakhapatnam,Goa,India,0.068
2557,Junagadh,Himachal Pradesh,India,0.309
2558,Vasai-Virar,Nagaland,India,0.141
2559,Udupi,Bihar,India,0.709
2560,Navi Mumbai,Manipur,India,0.385
2561,Navi Mumbai,Punjab,India,0.112
2562,Begusarai,Nagaland,India,0.542
2563,Mango,Maharashtra,India,0.436
2564,Ambala,West Bengal,India,0.105
2565,Ludhiana,Gujarat,India,0.052
2566,Nagercoil,Mizoram,India,0.35
2567,Surendranagar Dudhrej,Uttarakhand,India,0.615
2568,Jalandhar,Mizoram,India,0.228
2569,Tumkur,Karnataka,India,0.329
2570,Dindigul,Himachal Pradesh,India,0.271
2571,Dharmavaram,Maharashtra,India,0.251
2572,Ramagundam,Odisha,India,0.264
2573,Chandrapur,Jharkhand,India,0.19
2574,Munger,Odisha,India,0.184
2575,Delhi,Kerala,India,0.378
2576,Bettiah,Sikkim,India,0.262
2577,Khora ,Jharkhand,India,0.389
2578,Motihari,Himachal Pradesh,India,0.237
2579,Etawah,Tripura,India,0.352
2580,Cuttack,Odisha,India,0.212
2581,Barasat,Chhattisgarh,India,0.171
2582,Ludhiana,Punjab,India,0.219
2583,Chandigarh,Manipur,India,0.3
2584,Sultan Pur Majra,Madhya Pradesh,India,0.47
2585,Khammam,Kerala,India,0.463
2586,North Dumdum,Kerala,India,0.3
2587,Sambalpur,Tamil Nadu,India,0.146
2588,Hazaribagh,Tripura,India,0.151
2589,Unnao,Maharashtra,India,0.384
2590,Malegaon,Karnataka,India,0.383
2591,Bhimavaram,Chhattisgarh,India,0.129
2592,Aurangabad,Uttar Pradesh,India,0.241
2593,Pune,West Bengal,India,0.169
2594,Allahabad,Odisha,India,0.21
2595,Panchkula,Assam,India,0.473
2596,Raiganj,Uttar Pradesh,India,0.66
2597,Suryapet,Andhra Pradesh,India,0.44
2598,Unnao,Meghalaya,India,0.473
2599,Tiruvottiyur,Odisha,India,0.333
2600,Medininagar,Uttarakhand,India,0.119
2601,Tirupati,Tamil Nadu,India,0.122
2602,Shimoga,Manipur,India,0.381
2603,Unnao,Gujarat,India,0.222
2604,Ichalkaranji,Telangana,India,0.066
2605,Hazaribagh,Punjab,India,0.163
2606,Jodhpur,Uttarakhand,India,0.13
2607,New Delhi,Sikkim,India,0.515
2608,Bhilwara,Punjab,India,0.338
2609,Amritsar,Sikkim,India,0.49
2610,Junagadh,Andhra Pradesh,India,0.268
2611,Noida,Maharashtra,India,0.243
2612,Kolkata,Manipur,India,0.456
2613,Bhalswa Jahangir Pur,Maharashtra,India,0.051
2614,Giridih,Sikkim,India,0.104
2615,Ulhasnagar,Haryana,India,0.221
2616,Amroha,Meghalaya,India,0.218
2617,Sri Ganganagar,Gujarat,India,0.22
2618,Vellore,Goa,India,0.046
2619,Bokaro,Goa,India,0.067
2620,Katihar,Rajasthan,India,0.22
2621,Jaunpur,Manipur,India,0.456
2622,Bharatpur,Andhra Pradesh,India,0.18
2623,Ratlam,Karnataka,India,0.292
2624,Gorakhpur,Andhra Pradesh,India,0.16
2625,Erode,Goa,India,0.092
2626,Ratlam,Andhra Pradesh,India,0.307
2627,Mahbubnagar,Andhra Pradesh,India,0.434
2628,Shimoga,Nagaland,India,0.563
2629,Noida,Punjab,India,0.324
2630,Panvel,Tripura,India,0.082
2631,Giridih,Assam,India,0.2
2632,Korba,Tripura,India,0.371
2633,Ballia,Telangana,India,0.213
2634,Bhopal,Punjab,India,0.1
2635,Tinsukia,Gujarat,India,0.285
2636,South Dumdum,Karnataka,India,0.187
2637,Raichur,Telangana,India,0.247
2638,Ahmedabad,Manipur,India,0.252
2639,Yamunanagar,Gujarat,India,0.499
2640,Ramgarh,Sikkim,India,0.709
2641,Visakhapatnam,Himachal Pradesh,India,0.427
2642,Bulandshahr,Madhya Pradesh,India,0.486
2643,Orai,Sikkim,India,0.349
2644,Warangal,Uttar Pradesh,India,0.19
2645,Kamarhati,Manipur,India,0.524
2646,Sambalpur,Uttar Pradesh,India,0.243
2647,Gandhidham,Uttar Pradesh,India,0.432
2648,Thrissur,Sikkim,India,0.378
2649,Kakinada,Maharashtra,India,0.76
2650,Berhampur,Punjab,India,0.518
2651,Ahmedabad,Tripura,India,0.171
2652,Uluberia,Karnataka,India,0.259
2653,Tenali,Arunachal Pradesh,India,0.183
2654,Thoothukudi,Madhya Pradesh,India,0.575
2655,Kanpur,Chhattisgarh,India,0.273
2656,Singrauli,Manipur,India,0.563
2657,Davanagere,Nagaland,India,0.258
2658,Visakhapatnam,Sikkim,India,0.223
2659,Dibrugarh,Punjab,India,0.254
2660,Tenali,Gujarat,India,0.23
2661,Bhind,Madhya Pradesh,India,0.16
2662,Arrah,Odisha,India,0.199
2663,Vijayanagaram,Uttar Pradesh,India,0.04
2664,Hazaribagh,Chhattisgarh,India,0.523
2665,Guntakal,Sikkim,India,0.297
2666,Karimnagar,Karnataka,India,0.247
2667,Ramagundam,Arunachal Pradesh,India,0.048
2668,Naihati,Meghalaya,India,0.395
2669,Rampur,Meghalaya,India,0.135
2670,Parbhani,Chhattisgarh,India,0.248
2671,Haldia,Mizoram,India,0.363
2672,Alappuzha,Uttarakhand,India,0.288
2673,Jodhpur,Meghalaya,India,0.213
2674,Bellary,Assam,India,0.235
2675,Pune,Gujarat,India,0.334
2676,Akola,Arunachal Pradesh,India,0.451
2677,Baranagar,Kerala,India,0.175
2678,Tiruvottiyur,Andhra Pradesh,India,0.101
2679,Bhiwani,Tripura,India,0.063
2680,Nagercoil,Arunachal Pradesh,India,0.083
2681,Guwahati,Andhra Pradesh,India,0.132
2682,Madanapalle,Haryana,India,0.17
2683,Ramgarh,Mizoram,India,0.209
2684,Dhule,Tripura,India,0.244
2685,Mau,Punjab,India,0.166
2686,Bokaro,Jharkhand,India,0.165
2687,Kochi,Sikkim,India,0.193
2688,Tinsukia,Telangana,India,0.336
2689,Mehsana,Mizoram,India,0.494
2690,Unnao,Maharashtra,India,0.309
2691,Ramgarh,Meghalaya,India,0.111
2692,Kolhapur,Jharkhand,India,0.291
2693,Ludhiana,Gujarat,India,0.4
2694,Hindupur,Punjab,India,0.18
2695,Sonipat,Manipur,India,0.085
2696,Firozabad,Tamil Nadu,India,0.291
2697,Ambattur,Haryana,India,0.346
2698,Raurkela Industrial Township,Madhya Pradesh,India,0.292
2699,Machilipatnam,Jharkhand,India,0.206
2700,Haldia,Kerala,India,0.27
2701,Dewas,Gujarat,India,0.089
2702,Hapur,Rajasthan,India,0.274
2703,Burhanpur,Chhattisgarh,India,0.295
2704,Kavali,Mizoram,India,0.395
2705,Ozhukarai,Meghalaya,India,0.194
2706,Kamarhati,Chhattisgarh,India,0.374
2707,Dibrugarh,Haryana,India,0.361
2708,Dibrugarh,Uttarakhand,India,0.191
2709,Suryapet,Chhattisgarh,India,0.103
2710,Ahmedabad,Punjab,India,0.072
2711,Surendranagar Dudhrej,Uttarakhand,India,0.254
2712,Mathura,Chhattisgarh,India,0.075
2713,Rewa,Bihar,India,0.364
2714,Thiruvananthapuram,Rajasthan,India,0.015
2715,Bikaner,Gujarat,India,0.115
2716,Nanded,Tripura,India,0.284
2717,Rajkot,Manipur,India,0.15
2718,Indore,Gujarat,India,0.177
2719,Chandigarh,Nagaland,India,0.237
2720,Gandhidham,West Bengal,India,0.237
2721,Ramgarh,Tripura,India,0.428
2722,Amritsar,Arunachal Pradesh,India,0.359
2723,Sultan Pur Majra,Arunachal Pradesh,India,0.333
2724,Madanapalle,Karnataka,India,0.114
2725,Amaravati,Chhattisgarh,India,0.191
2726,Raebareli,Bihar,India,0.273
2727,Ramagundam,Haryana,India,0.352
2728,Bahraich,Tripura,India,0.176
2729,Mumbai,Manipur,India,0.546
2730,Kottayam,Assam,India,0.321
2731,Giridih,Madhya Pradesh,India,0.393
2732,Medininagar,Arunachal Pradesh,India,0.16
2733,Surendranagar Dudhrej,West Bengal,India,0.064
2734,Guntur,Odisha,India,0.245
2735,Avadi,Meghalaya,India,0.146
2736,Vasai-Virar,Rajasthan,India,0.18
2737,Gandhinagar,Telangana,India,0.339
2738,Morbi,Mizoram,India,0.121
2739,Guntur,Bihar,India,0.344
2740,Aurangabad,Tripura,India,0.073
2741,Tadipatri,Goa,India,0.108
2742,Kota,Uttarakhand,India,0.068
2743,Secunderabad,Karnataka,India,0.303
2744,Kurnool,Uttar Pradesh,India,0.065
2745,Belgaum,Haryana,India,0.187
2746,Thanjavur,Telangana,India,0.187
2747,Pondicherry,Karnataka,India,0.4
2748,Varanasi,Chhattisgarh,India,0.078
2749,Bidhannagar,Karnataka,India,0.203
2750,Tiruvottiyur,Karnataka,India,0.112
2751,Surendranagar Dudhrej,Nagaland,India,0.137
2752,Aurangabad,Meghalaya,India,0.424
2753,Tadepalligudem,Chhattisgarh,India,0.431
2754,Nadiad,Bihar,India,0.139
2755,Sikar,Himachal Pradesh,India,0.227
2756,Haridwar,Meghalaya,India,0.466
2757,Arrah,Haryana,India,0.08
2758,Chandigarh,Maharashtra,India,0.409
2759,Barasat,Karnataka,India,0.454
2760,Burhanpur,Manipur,India,0.134
2761,Bhiwandi,Gujarat,India,0.146
2762,Jammu,Punjab,India,0.225
2763,Berhampur,Haryana,India,0.266
2764,Kharagpur,Punjab,India,0.443
2765,Shimla,Karnataka,India,0.284
2766,Chennai,Arunachal Pradesh,India,0.011
2767,Jamnagar,Maharashtra,India,0.165
2768,Bardhaman,Arunachal Pradesh,India,0.586
2769,Sri Ganganagar,Rajasthan,India,0.323
2770,Mathura,Kerala,India,0.279
2771,Eluru,Bihar,India,0.268
2772,Nadiad,Himachal Pradesh,India,0.262
2773,Mirzapur,Jharkhand,India,0.209
2774,Surendranagar Dudhrej,Haryana,India,0.16
2775,Kirari Suleman Nagar,Chhattisgarh,India,0.248
2776,Munger,Chhattisgarh,India,0.55
2777,Arrah,Goa,India,0.34
2778,Khora ,Tamil Nadu,India,0.292
2779,Thrissur,Tamil Nadu,India,0.066
2780,Phagwara,Punjab,India,0.518
2781,Sasaram,Maharashtra,India,0.404
2782,Jalna,Jharkhand,India,0.178
2783,Raebareli,Maharashtra,India,0.236
2784,Howrah,Rajasthan,India,0.339
2785,Baranagar,Telangana,India,0.363
2786,Noida,Punjab,India,0.316
2787,Kulti,Goa,India,0.306
2788,Phusro,Goa,India,0.234
2789,Patiala,Bihar,India,0.343
2790,Jammu,Nagaland,India,0.296
2791,Satna,Madhya Pradesh,India,0.526
2792,Thiruvananthapuram,Mizoram,India,0.151
2793,Kottayam,Meghalaya,India,0.272
2794,Jamalpur,Uttarakhand,India,0.413
2795,Dhule,Arunachal Pradesh,India,0.15
2796,Agra,Andhra Pradesh,India,0.289
2797,Sangli-Miraj & Kupwad,Karnataka,India,0.396
2798,Pali,Chhattisgarh,India,0.219
2799,Avadi,West Bengal,India,0.037
2800,Dewas,Nagaland,India,0.12
2801,Buxar,Odisha,India,0.2
2802,Kalyan-Dombivli,Uttarakhand,India,0.362
2803,Karimnagar,Arunachal Pradesh,India,0.315
2804,Thrissur,Rajasthan,India,0.759
2805,Sri Ganganagar,Haryana,India,0.116
2806,Jamalpur,Kerala,India,0.194
2807,Haridwar,Karnataka,India,0.511
2808,Hospet,Haryana,India,0.082
2809,Agartala,Rajasthan,India,0.403
2810,Panipat,Telangana,India,0.039
2811,Satna,Chhattisgarh,India,0.341
2812,Bhusawal,Tripura,India,0.159
2813,Ozhukarai,Meghalaya,India,0.13
2814,Indore,Meghalaya,India,0.119
2815,Akola,Assam,India,0.332
2816,Bally,Assam,India,0.13
2817,Ajmer,Arunachal Pradesh,India,0.377
2818,Sangli-Miraj & Kupwad,Uttarakhand,India,0.63
2819,Danapur,Haryana,India,0.223
2820,Gaya,Tripura,India,0.297
2821,Bhavnagar,Manipur,India,0.403
2822,Guntur,Himachal Pradesh,India,0.115
2823,Aizawl,Meghalaya,India,0.281
2824,Kollam,West Bengal,India,0.318
2825,Delhi,Kerala,India,0.28
2826,Gopalpur,Bihar,India,0.585
2827,Muzaffarpur,Sikkim,India,0.123
2828,Bareilly,Assam,India,0.418
2829,Tadepalligudem,Mizoram,India,0.232
2830,Rourkela,Manipur,India,0.513
2831,Salem,Himachal Pradesh,India,0.296
2832,Haldia,Uttar Pradesh,India,0.144
2833,Tinsukia,Punjab,India,0.217
2834,Sagar,Rajasthan,India,0.139
2835,New Delhi,Maharashtra,India,0.241
2836,Allahabad,Uttarakhand,India,0.54
2837,Barasat,Madhya Pradesh,India,0.344
2838,Phusro,Bihar,India,0.257
2839,Noida,Punjab,India,0.09
2840,Amaravati,Assam,India,0.15
2841,Surat,Kerala,India,0.405
2842,Dewas,Sikkim,India,0.213
2843,Hajipur,Jharkhand,India,0.481
2844,Purnia,Bihar,India,0.226
2845,Kanpur,Tripura,India,0.457
2846,Shivpuri,Telangana,India,0.134
2847,Jaunpur,Manipur,India,0.076
2848,Fatehpur,Uttar Pradesh,India,0.577
2849,Chennai,Jharkhand,India,0.256
2850,Ramgarh,Chhattisgarh,India,0.458
2851,Vijayanagaram,Manipur,India,0.087
2852,Kochi,Madhya Pradesh,India,0.242
2853,Pune,Bihar,India,0.212
2854,Phusro,Nagaland,India,0.353
2855,Chittoor,Mizoram,India,0.227
2856,Phusro,Kerala,India,0.336
2857,Anand,Uttarakhand,India,0.11
2858,Tiruppur,Rajasthan,India,0.146
2859,Hosur,Maharashtra,India,0.488
2860,Eluru,Odisha,India,0.421
2861,Ghaziabad,Goa,India,0.081
2862,Jamalpur,Punjab,India,0.127
2863,Ambarnath,Kerala,India,0.329
2864,Dindigul,Goa,India,0.39
2865,Hazaribagh,Chhattisgarh,India,0.103
2866,Jabalpur,Gujarat,India,0.065
2867,Kottayam,Haryana,India,0.46
2868,Delhi,Punjab,India,0.08
2869,Singrauli,Bihar,India,0.692
2870,Ozhukarai,Goa,India,0.346
2871,Nagpur,Karnataka,India,0.312
2872,Mehsana,Goa,India,0.35
2873,Nadiad,Nagaland,India,0.359
2874,Gangtok,Arunachal Pradesh,India,0.421
2875,Kanpur,Assam,India,0.389
2876,Gwalior,Tamil Nadu,India,0.167
2877,Solapur,Goa,India,0.117
2878,Guna,Haryana,India,0.34
2879,Chinsurah,Meghalaya,India,0.027
2880,Jamnagar,Odisha,India,0.329
2881,Guwahati,Telangana,India,0.069
2882,Berhampur,Punjab,India,0.263
2883,Jorhat,Tripura,India,0.404
2884,Nanded,Meghalaya,India,0.496
2885,Tinsukia,Rajasthan,India,0.358
2886,Hindupur,Madhya Pradesh,India,0.071
2887,Haridwar,Odisha,India,0.767
2888,Raebareli,Rajasthan,India,0.045
2889,Noida,Haryana,India,0.089
2890,Chandrapur,Meghalaya,India,0.272
2891,Surendranagar Dudhrej,Assam,India,0.195
2892,Mathura,Punjab,India,0.382
2893,Dewas,Sikkim,India,0.21
2894,Nizamabad,Sikkim,India,0.242
2895,Cuttack,Karnataka,India,0.506
2896,Nagercoil,Haryana,India,0.316
2897,Bhilai,Mizoram,India,0.68
2898,Nizamabad,Telangana,India,0.146
2899,Hajipur,Telangana,India,0.437
2900,Durgapur,Uttar Pradesh,India,0.447
2901,Jehanabad,West Bengal,India,0.544
2902,Rajahmundry,West Bengal,India,0.131
2903,Bhusawal,Bihar,India,0.09
2904,Uluberia,Meghalaya,India,0.361
2905,Bulandshahr,Mizoram,India,0.294
2906,Hindupur,Himachal Pradesh,India,0.128
2907,Shivpuri,Mizoram,India,0.399
2908,Nagaon,Maharashtra,India,0.176
2909,Lucknow,Karnataka,India,0.294
2910,Kanpur,Kerala,India,0.136
2911,Kavali,Jharkhand,India,0.274
2912,Salem,Karnataka,India,0.439
2913,Erode,Uttar Pradesh,India,0.225
2914,Kochi,Maharashtra,India,0.097
2915,Anantapur,Jharkhand,India,0.134
2916,Dhanbad,Bihar,India,0.104
2917,New Delhi,Jharkhand,India,0.218
2918,Madhyamgram,Chhattisgarh,India,0.169
2919,Bikaner,Tripura,India,0.172
2920,Jamshedpur,Karnataka,India,0.154
2921,Ramagundam,Telangana,India,0.125
2922,Raipur,Telangana,India,0.119
2923,Warangal,Madhya Pradesh,India,0.11
2924,Bhubaneswar,Punjab,India,0.083
2925,Surat,Assam,India,0.063
2926,Pune,Uttar Pradesh,India,0.69
2927,Ramgarh,Assam,India,0.195
2928,Gulbarga,Uttar Pradesh,India,0.589
2929,Sambhal,Manipur,India,0.114
2930,Sikar,Himachal Pradesh,India,0.152
2931,Rohtak,Tamil Nadu,India,0.344
2932,Jaipur,Arunachal Pradesh,India,0.177
2933,Nadiad,West Bengal,India,0.356
2934,Sasaram,Punjab,India,0.048
2935,Gopalpur,Madhya Pradesh,India,0.418
2936,Davanagere,Himachal Pradesh,India,0.221
2937,Shimla,Maharashtra,India,0.474
2938,Srinagar,Assam,India,0.489
2939,Tenali,Maharashtra,India,0.283
2940,Hubli–Dharwad,Madhya Pradesh,India,0.192
2941,Ambarnath,Andhra Pradesh,India,0.304
2942,Rampur,Kerala,India,0.172
2943,Kanpur,Mizoram,India,0.43
2944,Lucknow,Haryana,India,0.337
2945,Mehsana,Nagaland,India,0.265
2946,Srinagar,Madhya Pradesh,India,0.148
2947,Siliguri,Madhya Pradesh,India,0.214
2948,Jalgaon,Andhra Pradesh,India,0.379
2949,Phusro,Chhattisgarh,India,0.299
2950,Munger,West Bengal,India,0.242
2951,Alappuzha,Rajasthan,India,0.103
2952,Surendranagar Dudhrej,Mizoram,India,0.709
2953,Adoni,Rajasthan,India,0.405
2954,Raipur,Telangana,India,0.453
2955,Guntakal,Uttarakhand,India,0.15
2956,Salem,Mizoram,India,0.296
2957,Dehradun,Uttar Pradesh,India,0.153
2958,Proddatur,Sikkim,India,0.224
2959,Pondicherry,West Bengal,India,0.204
2960,Miryalaguda,West Bengal,India,0.177
2961,Nashik,Uttarakhand,India,0.166
2962,Tiruvottiyur,Chhattisgarh,India,0.226
2963,Bokaro,Manipur,India,0.368
2964,Latur,Arunachal Pradesh,India,0.086
2965,Guntur,Andhra Pradesh,India,0.372
2966,Solapur,Arunachal Pradesh,India,0.26
2967,Bhubaneswar,Andhra Pradesh,India,0.213
2968,Gaya,Goa,India,0.381
2969,Korba,Tamil Nadu,India,0.028
2970,Vijayawada,Gujarat,India,0.573
2971,Sambalpur,Odisha,India,0.118
2972,Ulhasnagar,Madhya Pradesh,India,0.206
2973,Satara,Tamil Nadu,India,0.194
2974,Ulhasnagar,Rajasthan,India,0.25
2975,Dehri,Maharashtra,India,0.267
2976,Faridabad,Chhattisgarh,India,0.169
2977,Warangal,Nagaland,India,0.129
2978,Pallavaram,Meghalaya,India,0.57
2979,Tiruchirappalli,Uttarakhand,India,0.433
2980,Aligarh,Chhattisgarh,India,0.187
2981,Rohtak,Assam,India,0.364
2982,Bardhaman,Uttarakhand,India,0.051
2983,Kurnool,Chhattisgarh,India,0.497
2984,Raurkela Industrial Township,Madhya Pradesh,India,0.066
2985,Hyderabad,Gujarat,India,0.159
2986,Tumkur,Uttarakhand,India,0.068
2987,Haridwar,Tripura,India,0.354
2988,Raipur,Bihar,India,0.093
2989,Akola,Mizoram,India,0.073
2990,Aligarh,Meghalaya,India,0.515
2991,Ballia,Jharkhand,India,0.575
2992,Sasaram,Madhya Pradesh,India,0.209
2993,Korba,Haryana,India,0.476
2994,Ludhiana,Rajasthan,India,0.12
2995,Tirunelveli,Karnataka,India,0.477
2996,Cuttack,Odisha,India,0.22
2997,Lucknow,Bihar,India,0.495
2998,Bokaro,Assam,India,0.137
2999,Ongole,Meghalaya,India,0.35
3000,Dewas,Andhra Pradesh,India,0.246
3001,Shimla,Chhattisgarh,India,0.164
3002,Chandrapur,Assam,India,0.307
3003,Ajmer,Tripura,India,0.455
3004,Bidar,Tripura,India,0.41
3005,Alappuzha,Arunachal Pradesh,India,0.117
3006,Barasat,Mizoram,India,0.308
3007,Begusarai,Arunachal Pradesh,India,0.489
3008,Tiruppur,Maharashtra,India,0.124
3009,Bidar,Assam,India,0.117
3010,Avadi,Andhra Pradesh,India,0.417
3011,Dindigul,Uttarakhand,India,0.203
3012,Adoni,Rajasthan,India,0.202
3013,Bulandshahr,Gujarat,India,0.326
3014,Malegaon,Jharkhand,India,0.209
3015,Mysore,Gujarat,India,0.392
3016,Thane,Odisha,India,0.381
3017,Kolhapur,Bihar,India,0.355
3018,Gandhinagar,Assam,India,0.334
3019,Darbhanga,Uttar Pradesh,India,0.132
3020,Mira-Bhayandar,Uttarakhand,India,0.522
3021,Thane,Odisha,India,0.206
3022,Nagaon,Nagaland,India,0.587
3023,Indore,Gujarat,India,0.195
3024,Amroha,Chhattisgarh,India,0.105
3025,Bhimavaram,Arunachal Pradesh,India,0.08
3026,Jaunpur,Himachal Pradesh,India,0.314
3027,South Dumdum,Jharkhand,India,0.082
3028,Aizawl,Bihar,India,0.187
3029,Panihati,Haryana,India,0.331
3030,Karaikudi,Telangana,India,0.429
3031,Aligarh,Uttarakhand,India,0.443
3032,Raurkela Industrial Township,Punjab,India,0.108
3033,Chinsurah,Nagaland,India,0.384
3034,Chinsurah,Telangana,India,0.315
3035,Chennai,Telangana,India,0.328
3036,Nandyal,Chhattisgarh,India,0.288
3037,Vasai-Virar,Kerala,India,0.158
3038,Sonipat,Uttarakhand,India,0.372
3039,Bidar,Assam,India,0.108
3040,Kulti,Goa,India,0.266
3041,Ramagundam,Sikkim,India,0.235
3042,Pimpri-Chinchwad,Nagaland,India,0.389
3043,Bhind,Arunachal Pradesh,India,0.064
3044,Anantapur,Chhattisgarh,India,0.14
3045,Aurangabad,Uttar Pradesh,India,0.207
3046,Gangtok,Assam,India,0.233
3047,Jalna,Arunachal Pradesh,India,0.584
3048,Patna,Manipur,India,0.216
3049,Bhilwara,Madhya Pradesh,India,0.249
3050,Bhiwani,Telangana,India,0.324
3051,Ranchi,Bihar,India,0.192
3052,Gopalpur,Chhattisgarh,India,0.25
3053,Narasaraopet,Karnataka,India,0.336
3054,Pune,Assam,India,0.286
3055,Siliguri,West Bengal,India,0.31
3056,Kadapa,Karnataka,India,0.095
3057,Narasaraopet,Arunachal Pradesh,India,0.198
3058,Tenali,Odisha,India,0.214
3059,Katni,Gujarat,India,0.251
3060,Rajkot,Assam,India,0.122
3061,Bhusawal,Assam,India,0.145
3062,Saharanpur,Assam,India,0.242
3063,Muzaffarpur,Rajasthan,India,0.12
3064,Durg,Nagaland,India,0.077
3065,Khammam,Arunachal Pradesh,India,0.143
3066,Anantapuram,Himachal Pradesh,India,0.401
3067,Nagaon,Rajasthan,India,0.416
3068,Rampur,Punjab,India,0.46
3069,Thane,Manipur,India,0.103
3070,Sirsa,Jharkhand,India,0.458
3071,Machilipatnam,Manipur,India,0.5
3072,Ramagundam,Uttarakhand,India,0.48
3073,Morena,Haryana,India,0.43
3074,Sambalpur,Maharashtra,India,0.301
3075,Raurkela Industrial Township,Chhattisgarh,India,0.08
3076,Bhatpara,Arunachal Pradesh,India,0.155
3077,Bulandshahr,Arunachal Pradesh,India,0.187
3078,Madanapalle,West Bengal,India,0.153
3079,Sangli-Miraj & Kupwad,Chhattisgarh,India,0.082
3080,Karimnagar,Uttarakhand,India,0.374
3081,Davanagere,Madhya Pradesh,India,0.236
3082,Nanded,Uttar Pradesh,India,0.431
3083,Indore,Punjab,India,0.74
3084,Gulbarga,Nagaland,India,0.309
3085,Hapur,Maharashtra,India,0.099
3086,Madhyamgram,Uttar Pradesh,India,0.304
3087,Vadodara,Jharkhand,India,0.418
3088,Muzaffarnagar,Tripura,India,0.164
3089,Bulandshahr,Andhra Pradesh,India,0.195
3090,Guntakal,Assam,India,0.069
3091,Pimpri-Chinchwad,Telangana,India,0.079
3092,Bhind,Arunachal Pradesh,India,0.561
3093,Muzaffarnagar,Arunachal Pradesh,India,0.4
3094,Berhampore,Meghalaya,India,0.367
3095,Sambalpur,Tripura,India,0.463
3096,Muzaffarpur,Mizoram,India,0.288
3097,Shimoga,Bihar,India,0.134
3098,Sagar,Telangana,India,0.578
3099,Jalandhar,Haryana,India,0.216
3100,Medininagar,Tripura,India,0.455
3101,Khammam,Rajasthan,India,0.291
3102,Bhusawal,Punjab,India,0.16
3103,Allahabad,Tamil Nadu,India,0.286
3104,Arrah,Mizoram,India,0.251
3105,Surendranagar Dudhrej,Odisha,India,0.241
3106,Bhubaneswar,Sikkim,India,0.277
3107,Bhilwara,Punjab,India,0.334
3108,Jodhpur,Telangana,India,0.262
3109,Kadapa,Chhattisgarh,India,0.051
3110,Chandigarh,Gujarat,India,0.541
3111,Kamarhati,Karnataka,India,0.138
3112,Sasaram,Meghalaya,India,0.162
3113,Bijapur,Jharkhand,India,0.509
3114,Jodhpur,Haryana,India,0.197
3115,Bhiwani,Nagaland,India,0.607
3116,Thiruvananthapuram,Chhattisgarh,India,0.447
3117,Nagpur,Maharashtra,India,0.694
3118,Patiala,Karnataka,India,0.014
3119,Danapur,Uttarakhand,India,0.325
3120,Durgapur,Odisha,India,0.559
3121,Machilipatnam,Tripura,India,0.467
3122,Saharsa,Telangana,India,0.424
3123,Karimnagar,Andhra Pradesh,India,0.398
3124,Bhimavaram,Mizoram,India,0.365
3125,Tumkur,Sikkim,India,0.192
3126,Khora ,Madhya Pradesh,India,0.334
3127,Ozhukarai,Odisha,India,0.348
3128,Gaya,Uttar Pradesh,India,0.125
3129,Hazaribagh,Meghalaya,India,0.185
3130,Mathura,Nagaland,India,0.035
3131,Karimnagar,Telangana,India,0.661
3132,Bharatpur,Sikkim,India,0.133
3133,Kanpur,Tripura,India,0.147
3134,Raipur,Sikkim,India,0.351
3135,Gandhidham,Tamil Nadu,India,0.115
3136,Alappuzha,West Bengal,India,0.15
3137,Ambattur,Telangana,India,0.279
3138,Patiala,Himachal Pradesh,India,0.345
3139,Tiruchirappalli,Arunachal Pradesh,India,0.173
3140,Tumkur,Karnataka,India,0.24
3141,Motihari,Punjab,India,0.206
3142,Bihar Sharif,Punjab,India,0.128
3143,Jammu,Tripura,India,0.458
3144,Motihari,Haryana,India,0.457
3145,Narasaraopet,Chhattisgarh,India,0.227
3146,Dehri,Kerala,India,0.397
3147,Ludhiana,Meghalaya,India,0.086
3148,Tirunelveli,Bihar,India,0.33
3149,Agra,Goa,India,0.429
3150,Jalandhar,Uttarakhand,India,0.324
3151,Bidar,Odisha,India,0.553
3152,Mirzapur,Mizoram,India,0.329
3153,Kolkata,Bihar,India,0.085
3154,Nadiad,Nagaland,India,0.18
3155,Muzaffarpur,Arunachal Pradesh,India,0.181
3156,Rajahmundry,Odisha,India,0.312
3157,Bhiwandi,Karnataka,India,0.397
3158,Ambattur,Goa,India,0.099
3159,Bangalore,Haryana,India,0.163
3160,Mathura,Assam,India,0.176
3161,Imphal,Mizoram,India,0.067
3162,Jamnagar,Tamil Nadu,India,0.17
3163,Hazaribagh,Tripura,India,0.481
3164,Tenali,Punjab,India,0.23
3165,Cuttack,Sikkim,India,0.34
3166,Raebareli,Assam,India,0.61
3167,Serampore,West Bengal,India,0.603
3168,Medininagar,Arunachal Pradesh,India,0.386
3169,Agra,Andhra Pradesh,India,0.037
3170,Mathura,Bihar,India,0.601
3171,Ajmer,Arunachal Pradesh,India,0.088
3172,Malda,Tripura,India,0.24
3173,Bhiwandi,Andhra Pradesh,India,0.189
3174,Chinsurah,Goa,India,0.528
3175,Solapur,Sikkim,India,0.169
3176,Tinsukia,Chhattisgarh,India,0.228
3177,Sagar,Nagaland,India,0.133
3178,Bhubaneswar,Gujarat,India,0.231
3179,Nandyal,Telangana,India,0.357
3180,Bulandshahr,Odisha,India,0.141
3181,Ranchi,Tamil Nadu,India,0.407
3182,Vellore,Uttarakhand,India,0.217
3183,Bharatpur,Haryana,India,0.169
3184,Pallavaram,Andhra Pradesh,India,0.14
3185,Agartala,Nagaland,India,0.236
3186,Anantapuram,Odisha,India,0.064
3187,Kollam,Bihar,India,0.351
3188,Muzaffarnagar,Kerala,India,0.301
3189,Khora ,Mizoram,India,0.183
3190,Ichalkaranji,Odisha,India,0.566
3191,Bellary,Himachal Pradesh,India,0.076
3192,Pondicherry,Sikkim,India,0.25
3193,Malda,Odisha,India,0.096
3194,Udaipur,Maharashtra,India,0.42
3195,Nandyal,Rajasthan,India,0.079
3196,Mirzapur,Odisha,India,0.108
3197,Chandrapur,Sikkim,India,0.331
3198,Serampore,Arunachal Pradesh,India,0.07
3199,Mehsana,Gujarat,India,0.479
3200,Bardhaman,Meghalaya,India,0.267
3201,Gudivada,Goa,India,0.277
3202,Bhiwandi,Madhya Pradesh,India,0.205
3203,Vijayawada,Rajasthan,India,0.184
3204,Bhilai,Uttar Pradesh,India,0.341
3205,Bettiah,Uttar Pradesh,India,0.633
3206,Bijapur,Himachal Pradesh,India,0.081
3207,Avadi,Kerala,India,0.347
3208,Avadi,Kerala,India,0.235
3209,Dewas,Haryana,India,0.247
3210,Serampore,Tamil Nadu,India,0.561
3211,Tadepalligudem,Kerala,India,0.311
3212,Agra,Tripura,India,0.216
3213,New Delhi,West Bengal,India,0.417
3214,Ramagundam,Himachal Pradesh,India,0.289
3215,Gandhidham,Maharashtra,India,0.16
3216,Howrah,Punjab,India,0.055
3217,Panchkula,Manipur,India,0.279
3218,Unnao,Punjab,India,0.168
3219,Ambala,Haryana,India,0.136
3220,Gangtok,Jharkhand,India,0.498
3221,Darbhanga,Madhya Pradesh,India,0.512
3222,Ranchi,Tripura,India,0.133
3223,Suryapet,Odisha,India,0.21
3224,Panvel,Karnataka,India,0.358
3225,Jalna,Arunachal Pradesh,India,0.386
3226,Firozabad,Manipur,India,0.073
3227,Gandhidham,Kerala,India,0.298
3228,Kirari Suleman Nagar,Tripura,India,0.191
3229,Serampore,Uttar Pradesh,India,0.218
3230,Hindupur,Gujarat,India,0.166
3231,Karawal Nagar,Himachal Pradesh,India,0.082
3232,Serampore,Tamil Nadu,India,0.16
3233,Raiganj,Maharashtra,India,0.177
3234,Pali,Jharkhand,India,0.238
3235,Gudivada,Bihar,India,0.651
3236,Tumkur,Andhra Pradesh,India,0.341
3237,Anantapur,Karnataka,India,0.248
3238,Bhalswa Jahangir Pur,Gujarat,India,0.301
3239,Kishanganj,Assam,India,0.267
3240,Berhampore,Rajasthan,India,0.252
3241,Eluru,Karnataka,India,0.198
3242,Rewa,Nagaland,India,0.237
3243,Tezpur,Himachal Pradesh,India,0.054
3244,Srinagar,Odisha,India,0.312
3245,Saharsa,Maharashtra,India,0.084
3246,Raebareli,West Bengal,India,0.155
3247,Agra,Andhra Pradesh,India,0.099
3248,Korba,Nagaland,India,0.315
3249,Kumbakonam,Tripura,India,0.242
3250,Chandigarh,Himachal Pradesh,India,0.35
3251,Vijayanagaram,Himachal Pradesh,India,0.378
3252,Ahmednagar,Gujarat,India,0.342
3253,Gorakhpur,Gujarat,India,0.332
3254,Gandhinagar,Kerala,India,0.346
3255,Nizamabad,Punjab,India,0.202
3256,Rajkot,Rajasthan,India,0.12
3257,Serampore,Uttar Pradesh,India,0.295
3258,Ozhukarai,Uttar Pradesh,India,0.164
3259,Kottayam,Maharashtra,India,0.269
3260,Miryalaguda,Telangana,India,0.299
3261,Gangtok,Bihar,India,0.554
3262,Agra,Telangana,India,0.26
3263,Kollam,Meghalaya,India,0.259
3264,Raiganj,Goa,India,0.207
3265,Ahmedabad,Maharashtra,India,0.373
3266,Ambala,Gujarat,India,0.622
3267,Hapur,Rajasthan,India,0.836
3268,Visakhapatnam,Karnataka,India,0.062
3269,Kulti,Kerala,India,0.042
3270,Ahmednagar,Assam,India,0.042
3271,Jalna,Odisha,India,0.338
3272,Ghaziabad,Madhya Pradesh,India,0.112
3273,Chittoor,Gujarat,India,0.074
3274,Motihari,Andhra Pradesh,India,0.387
3275,Tenali,Odisha,India,0.148
3276,Danapur,Andhra Pradesh,India,0.153
3277,Hubli–Dharwad,Assam,India,0.409
3278,Madurai,Himachal Pradesh,India,0.337
3279,Pudukkottai,Arunachal Pradesh,India,0.575
3280,Eluru,Jharkhand,India,0.588
3281,Katni,Punjab,India,0.069
3282,Dhule,Bihar,India,0.242
3283,Tadepalligudem,Jharkhand,India,0.124
3284,Katihar,Mizoram,India,0.454
3285,Nashik,Andhra Pradesh,India,0.324
3286,Amritsar,West Bengal,India,0.393
3287,Avadi,Assam,India,0.281
3288,Kamarhati,Odisha,India,0.069
3289,Tadepalligudem,Kerala,India,0.196
3290,Raichur,Madhya Pradesh,India,0.296
3291,Rajahmundry,Manipur,India,0.513
3292,Ratlam,Odisha,India,0.03
3293,Parbhani,Andhra Pradesh,India,0.686
3294,Munger,Telangana,India,0.435
3295,Bareilly,Tamil Nadu,India,0.09
3296,Tirunelveli,West Bengal,India,0.223
3297,Coimbatore,Nagaland,India,0.304
3298,Amaravati,Chhattisgarh,India,0.393
3299,Bhind,Manipur,India,0.542
3300,Ozhukarai,Madhya Pradesh,India,0.466
3301,Belgaum,Madhya Pradesh,India,0.174
3302,Suryapet,Karnataka,India,0.302
3303,Hazaribagh,Madhya Pradesh,India,0.23
3304,Jhansi,Maharashtra,India,0.652
3305,Serampore,Manipur,India,0.13
3306,Buxar,Madhya Pradesh,India,0.482
3307,Bhopal,Arunachal Pradesh,India,0.09
3308,Aligarh,Himachal Pradesh,India,0.485
3309,Kolhapur,Himachal Pradesh,India,0.665
3310,Jehanabad,Uttar Pradesh,India,0.644
3311,Nagaon,Uttarakhand,India,0.218
3312,Begusarai,Sikkim,India,0.276
3313,Karnal,Goa,India,0.387
3314,Bahraich,Gujarat,India,0.207
3315,Satna,Bihar,India,0.179
3316,Bhopal,Manipur,India,0.193
3317,Gorakhpur,Himachal Pradesh,India,0.293
3318,Bhubaneswar,Rajasthan,India,0.607
3319,Aurangabad,Gujarat,India,0.148
3320,Bhilwara,Madhya Pradesh,India,0.284
3321,Dhanbad,Karnataka,India,0.091
3322,Haldia,West Bengal,India,0.612
3323,Bhubaneswar,Madhya Pradesh,India,0.21
3324,Rohtak,Maharashtra,India,0.316
3325,Sikar,Jharkhand,India,0.737
3326,Jamnagar,Tripura,India,0.058
3327,Jammu,Tamil Nadu,India,0.156
3328,Bhiwani,Haryana,India,0.306
3329,Varanasi,West Bengal,India,0.135
3330,Thoothukudi,Gujarat,India,0.315
3331,Latur,Uttarakhand,India,0.167
3332,Chittoor,Gujarat,India,0.586
3333,Tirunelveli,Haryana,India,0.265
3334,Surat,Telangana,India,0.234
3335,Satna,Jharkhand,India,0.256
3336,Bidar,Maharashtra,India,0.223
3337,Nandyal,Arunachal Pradesh,India,0.258
3338,Allahabad,Uttarakhand,India,0.379
3339,Miryalaguda,Arunachal Pradesh,India,0.506
3340,Danapur,Chhattisgarh,India,0.52
3341,Kottayam,Uttar Pradesh,India,0.348
3342,Bokaro,Karnataka,India,0.091
3343,Chittoor,Punjab,India,0.503
3344,Rajpur Sonarpur,Manipur,India,0.253
3345,Tezpur,Tripura,India,0.162
3346,Purnia,Sikkim,India,0.316
3347,Dibrugarh,Karnataka,India,0.561
3348,Anantapur,Telangana,India,0.346
3349,Thiruvananthapuram,Nagaland,India,0.317
3350,Alwar,Madhya Pradesh,India,0.047
3351,Thanjavur,Gujarat,India,0.161
3352,Jalgaon,Andhra Pradesh,India,0.201
3353,Ichalkaranji,Haryana,India,0.268
3354,Pudukkottai,Arunachal Pradesh,India,0.19
3355,Guntur,Arunachal Pradesh,India,0.345
3356,Shahjahanpur,Kerala,India,0.809
3357,Warangal,Bihar,India,0.182
3358,Junagadh,Goa,India,0.387
3359,Nandyal,Himachal Pradesh,India,0.198
3360,Sambhal,Nagaland,India,0.199
3361,Karnal,West Bengal,India,0.462
3362,Miryalaguda,Kerala,India,0.278
3363,Phusro,West Bengal,India,0.434
3364,Agartala,Jharkhand,India,0.22
3365,Jalna,Goa,India,0.246
3366,Muzaffarnagar,Madhya Pradesh,India,0.278
3367,Shahjahanpur,Punjab,India,0.115
3368,Thanjavur,Meghalaya,India,0.108
3369,Muzaffarnagar,Tamil Nadu,India,0.335
3370,Shimla,Haryana,India,0.34
3371,Purnia,Telangana,India,0.159
3372,Korba,Madhya Pradesh,India,0.347
3373,Nagaon,Manipur,India,0.112
3374,New Delhi,Uttarakhand,India,0.208
3375,Dehri,Odisha,India,0.631
3376,Pune,Uttarakhand,India,0.08
3377,South Dumdum,Uttar Pradesh,India,0.308
3378,Hajipur,Goa,India,0.285
3379,Shimla,Tamil Nadu,India,0.394
3380,Jodhpur,Himachal Pradesh,India,0.057
3381,Vellore,Rajasthan,India,0.256
3382,Thanjavur,Maharashtra,India,0.365
3383,Unnao,Maharashtra,India,0.83
3384,Muzaffarpur,Maharashtra,India,0.054
3385,Gudivada,Chhattisgarh,India,0.243
3386,Hazaribagh,West Bengal,India,0.122
3387,Ranchi,Gujarat,India,0.132
3388,Katihar,Goa,India,0.528
3389,Anantapuram,Andhra Pradesh,India,0.076
3390,Visakhapatnam,Bihar,India,0.077
3391,Thane,Meghalaya,India,0.131
3392,Nanded,Tamil Nadu,India,0.219
3393,Bhatpara,Telangana,India,0.105
3394,Nagpur,Mizoram,India,0.222
3395,Satna,Bihar,India,0.045
3396,Vijayawada,Meghalaya,India,0.403
3397,Phagwara,Sikkim,India,0.122
3398,Bathinda,Chhattisgarh,India,0.07
3399,Uluberia,Karnataka,India,0.493
3400,Ghaziabad,Assam,India,0.335
3401,Kota,Maharashtra,India,0.324
3402,Danapur,Chhattisgarh,India,0.234
3403,Hospet,Nagaland,India,0.211
3404,Morena,Punjab,India,0.219
3405,Vijayawada,Jharkhand,India,0.439
3406,Thrissur,Maharashtra,India,0.183
3407,Rewa,Mizoram,India,0.15
3408,Junagadh,Tamil Nadu,India,0.271
3409,Patna,Gujarat,India,0.089
3410,Khandwa,Nagaland,India,0.201
3411,Ongole,Andhra Pradesh,India,0.597
3412,Proddatur,Andhra Pradesh,India,0.32
3413,Durg,Goa,India,0.574
3414,Motihari,Mizoram,India,0.108
3415,Bhilai,Meghalaya,India,0.193
3416,Nagercoil,Uttarakhand,India,0.324
3417,Orai,Uttarakhand,India,0.141
3418,Jabalpur,Sikkim,India,0.147
3419,Berhampur,Telangana,India,0.491
3420,Tirunelveli,Rajasthan,India,0.317
3421,Tiruppur,Rajasthan,India,0.323
3422,Rourkela,Meghalaya,India,0.259
3423,Hazaribagh,Gujarat,India,0.178
3424,Jaunpur,Uttarakhand,India,0.293
3425,Rajpur Sonarpur,Jharkhand,India,0.443
3426,Satara,Himachal Pradesh,India,0.307
3427,Buxar,Uttarakhand,India,0.787
3428,Malegaon,Telangana,India,0.414
3429,Anantapur,Maharashtra,India,0.338
3430,Tiruvottiyur,Tripura,India,0.252
3431,Rajpur Sonarpur,Himachal Pradesh,India,0.478
3432,Patiala,Tripura,India,0.477
3433,Gopalpur,Jharkhand,India,0.056
3434,Medininagar,West Bengal,India,0.652
3435,Shimoga,Andhra Pradesh,India,0.551
3436,Shivpuri,Uttar Pradesh,India,0.2
3437,Raipur,Telangana,India,0.572
3438,Gurgaon,Himachal Pradesh,India,0.269
3439,Panipat,Madhya Pradesh,India,0.179
3440,Jaunpur,Uttar Pradesh,India,0.413
3441,Chandrapur,Madhya Pradesh,India,0.316
3442,Tadipatri,Chhattisgarh,India,0.262
3443,Berhampore,Rajasthan,India,0.232
3444,Gandhidham,Odisha,India,0.398
3445,Gurgaon,Uttar Pradesh,India,0.387
3446,North Dumdum,Kerala,India,0.346
3447,Proddatur,Jharkhand,India,0.378
3448,Ajmer,Uttar Pradesh,India,0.146
3449,Bilaspur,Assam,India,0.069
3450,Karimnagar,Manipur,India,0.267
3451,Delhi,West Bengal,India,0.432
3452,Hapur,Tripura,India,0.266
3453,Nandyal,Goa,India,0.131
3454,Raichur,Gujarat,India,0.244
3455,Mirzapur,Tripura,India,0.368
3456,Unnao,Punjab,India,0.107
3457,Dehri,Assam,India,0.209
3458,Bihar Sharif,Uttarakhand,India,0.133
3459,Firozabad,Nagaland,India,0.142
3460,Gopalpur,Punjab,India,0.335
3461,Srikakulam,Uttarakhand,India,0.416
3462,Panipat,Mizoram,India,0.417
3463,Panipat,West Bengal,India,0.215
3464,Tirupati,Karnataka,India,0.171
3465,Sri Ganganagar,Kerala,India,0.093
3466,Suryapet,Nagaland,India,0.534
3467,Ludhiana,Tamil Nadu,India,0.329
3468,Bhiwani,Mizoram,India,0.263
3469,Dewas,Gujarat,India,0.318
3470,Allahabad,Sikkim,India,0.371
3471,Hajipur,Maharashtra,India,0.295
3472,Thanjavur,Kerala,India,0.196
3473,Bathinda,Bihar,India,0.441
3474,Gulbarga,Chhattisgarh,India,0.307
3475,Kadapa,Arunachal Pradesh,India,0.492
3476,Bikaner,Goa,India,0.267
3477,Jammu,Uttarakhand,India,0.379
3478,Siwan,Tamil Nadu,India,0.285
3479,Dewas,West Bengal,India,0.232
3480,Bhilwara,Manipur,India,0.484
3481,Ambattur,Kerala,India,0.133
3482,Phagwara,Andhra Pradesh,India,0.058
3483,Gwalior,Chhattisgarh,India,0.263
3484,Lucknow,Punjab,India,0.42
3485,Karawal Nagar,Meghalaya,India,0.365
3486,Silchar,Maharashtra,India,0.118
3487,Dibrugarh,Tripura,India,0.146
3488,Kalyan-Dombivli,Odisha,India,0.246
3489,Bhopal,Jharkhand,India,0.085
3490,Ambattur,Punjab,India,0.376
3491,Naihati,Goa,India,0.257
3492,Agartala,Andhra Pradesh,India,0.409
3493,Ghaziabad,Manipur,India,0.355
3494,Bhiwandi,Chhattisgarh,India,0.055
3495,Dewas,Jharkhand,India,0.222
3496,North Dumdum,Punjab,India,0.424
3497,Shivpuri,Uttarakhand,India,0.235
3498,Shimla,Uttarakhand,India,0.19
3499,Buxar,Uttarakhand,India,0.451
3500,Srinagar,Sikkim,India,0.292
3501,Jaunpur,Mizoram,India,0.215
3502,Raichur,Goa,India,0.225
3503,Orai,Punjab,India,0.148
3504,Lucknow,Goa,India,0.195
3505,Ambattur,Gujarat,India,0.204
3506,Kakinada,Tripura,India,0.751
3507,Pudukkottai,Maharashtra,India,0.299
3508,Jalandhar,Assam,India,0.269
3509,Amaravati,Andhra Pradesh,India,0.309
3510,Morena,Tripura,India,0.454
3511,Baranagar,Sikkim,India,0.241
3512,Tiruchirappalli,Maharashtra,India,0.226
3513,Ghaziabad,Himachal Pradesh,India,0.291
3514,Raebareli,Gujarat,India,0.225
3515,Machilipatnam,Jharkhand,India,0.384
3516,Ramagundam,Sikkim,India,0.174
3517,Khora ,Odisha,India,0.262
3518,Bhilai,Chhattisgarh,India,0.061
3519,Sirsa,Nagaland,India,0.314
3520,Thane,Karnataka,India,0.228
3521,Kumbakonam,Nagaland,India,0.364
3522,Nandyal,Uttarakhand,India,0.054
3523,Ulhasnagar,Arunachal Pradesh,India,0.276
3524,Jalandhar,Odisha,India,0.305
3525,Bhagalpur,Gujarat,India,0.125
3526,Bettiah,Madhya Pradesh,India,0.318
3527,Serampore,Nagaland,India,0.475
3528,Gwalior,Haryana,India,0.82
3529,Ghaziabad,Maharashtra,India,0.326
3530,Karnal,Uttar Pradesh,India,0.37
3531,Noida,Punjab,India,0.238
3532,Mira-Bhayandar,Uttar Pradesh,India,0.584
3533,Loni,Rajasthan,India,0.193
3534,Ludhiana,Himachal Pradesh,India,0.196
3535,Hajipur,Uttarakhand,India,0.459
3536,Sikar,Punjab,India,0.016
3537,Yamunanagar,Bihar,India,0.107
3538,Rampur,Gujarat,India,0.727
3539,Raipur,Meghalaya,India,0.097
3540,Kharagpur,Meghalaya,India,0.19
3541,Jamnagar,Nagaland,India,0.235
3542,Ambarnath,Bihar,India,0.185
3543,Bhiwani,Tripura,India,0.158
3544,Nandyal,Chhattisgarh,India,0.149
3545,Hospet,Tamil Nadu,India,0.287
3546,Kamarhati,Madhya Pradesh,India,0.6
3547,Gangtok,Punjab,India,0.622
3548,Bhagalpur,Assam,India,0.413
3549,Kolhapur,Andhra Pradesh,India,0.565
3550,Bellary,Manipur,India,0.468
3551,Bharatpur,Bihar,India,0.35
3552,Ujjain,Punjab,India,0.307
3553,Parbhani,Jharkhand,India,0.221
3554,Khandwa,Madhya Pradesh,India,0.114
3555,Bidhannagar,Arunachal Pradesh,India,0.403
3556,Arrah,Uttar Pradesh,India,0.049
3557,Sambalpur,Telangana,India,0.473
3558,Aizawl,Karnataka,India,0.337
3559,Bhilwara,Uttarakhand,India,0.549
3560,Asansol,Manipur,India,0.085
3561,Ongole,Uttarakhand,India,0.367
3562,Bhind,Jharkhand,India,0.071
3563,Aizawl,Chhattisgarh,India,0.649
3564,Salem,Maharashtra,India,0.356
3565,Danapur,Assam,India,0.453
3566,Bathinda,Andhra Pradesh,India,0.26
3567,Tiruvottiyur,Mizoram,India,0.363
3568,Haridwar,Uttar Pradesh,India,0.051
3569,Rajkot,Uttar Pradesh,India,0.266
3570,Tiruppur,Odisha,India,0.088
3571,Mango,Kerala,India,0.05
3572,Tezpur,Goa,India,0.068
3573,Kharagpur,Chhattisgarh,India,0.307
3574,Nizamabad,West Bengal,India,0.366
3575,Pudukkottai,Uttar Pradesh,India,0.135
3576,Shivpuri,Haryana,India,0.201
3577,Eluru,Nagaland,India,0.068
3578,Imphal,Kerala,India,0.715
3579,Ulhasnagar,Tripura,India,0.188
3580,Ambarnath,Sikkim,India,0.203
3581,Kavali,Goa,India,0.177
3582,Nanded,Tripura,India,0.343
3583,Sagar,Uttar Pradesh,India,0.248
3584,Hyderabad,Odisha,India,0.21
3585,Shivpuri,Bihar,India,0.396
3586,Srikakulam,Haryana,India,0.136
3587,Bikaner,Himachal Pradesh,India,0.232
3588,Ambattur,Haryana,India,0.279
3589,Jalgaon,Sikkim,India,0.145
3590,Firozabad,Bihar,India,0.082
3591,Karimnagar,Mizoram,India,0.606
3592,Barasat,Uttarakhand,India,0.358
3593,Pudukkottai,Manipur,India,0.257
3594,Gandhinagar,Odisha,India,0.094
3595,Mumbai,Tamil Nadu,India,0.198
3596,Amritsar,Uttarakhand,India,0.256
3597,Srikakulam,Haryana,India,0.587
3598,Allahabad,Tripura,India,0.393
3599,Karimnagar,Chhattisgarh,India,0.182
3600,Gudivada,Uttarakhand,India,0.121
3601,Silchar,Nagaland,India,0.237
3602,Malegaon,Maharashtra,India,0.076
3603,Ambala,Karnataka,India,0.284
3604,Junagadh,Sikkim,India,0.454
3605,Malegaon,Mizoram,India,0.356
3606,Bhusawal,West Bengal,India,0.239
3607,Kolkata,Andhra Pradesh,India,0.359
3608,Bhind,Nagaland,India,0.359
3609,Miryalaguda,Nagaland,India,0.24
3610,Bareilly,Jharkhand,India,0.071
3611,Begusarai,Maharashtra,India,0.176
3612,Hajipur,Himachal Pradesh,India,0.529
3613,Vasai-Virar,Tripura,India,0.101
3614,Rohtak,Meghalaya,India,0.436
3615,Salem,Uttarakhand,India,0.293
3616,Gulbarga,Manipur,India,0.264
3617,Karaikudi,Jharkhand,India,0.42
3618,Indore,Madhya Pradesh,India,0.228
3619,Bhilwara,Uttar Pradesh,India,0.34
3620,Bettiah,Nagaland,India,0.462
3621,Orai,Jharkhand,India,0.251
3622,Hospet,Telangana,India,0.776
3623,Kharagpur,Mizoram,India,0.1
3624,Howrah,Odisha,India,0.371
3625,Raurkela Industrial Township,Haryana,India,0.486
3626,Indore,Arunachal Pradesh,India,0.486
3627,Berhampur,Punjab,India,0.208
3628,Nagercoil,Andhra Pradesh,India,0.123
3629,Jammu,Bihar,India,0.749
3630,Shimoga,Telangana,India,0.422
3631,Shimoga,Arunachal Pradesh,India,0.612
3632,Naihati,Bihar,India,0.251
3633,Kurnool,Meghalaya,India,0.271
3634,Sri Ganganagar,Gujarat,India,0.352
3635,Patiala,Manipur,India,0.192
3636,Mehsana,Nagaland,India,0.141
3637,Jehanabad,Arunachal Pradesh,India,0.244
3638,Tirunelveli,Maharashtra,India,0.372
3639,Narasaraopet,Karnataka,India,0.238
3640,Patna,Chhattisgarh,India,0.592
3641,Kishanganj,Assam,India,0.574
3642,Jaunpur,Uttar Pradesh,India,0.145
3643,Ahmednagar,Mizoram,India,0.208
3644,Dindigul,Chhattisgarh,India,0.307
3645,Nangloi Jat,Arunachal Pradesh,India,0.559
3646,Coimbatore,Bihar,India,0.545
3647,Kirari Suleman Nagar,West Bengal,India,0.325
3648,Solapur,West Bengal,India,0.177
3649,Chinsurah,Himachal Pradesh,India,0.39
3650,Aizawl,Karnataka,India,0.294
3651,Ludhiana,Manipur,India,0.276
3652,Allahabad,Karnataka,India,0.174
3653,Raiganj,Gujarat,India,0.379
3654,Gorakhpur,Manipur,India,0.232
3655,Ballia,Odisha,India,0.573
3656,Orai,Gujarat,India,0.383
3657,Motihari,Gujarat,India,0.217
3658,Thane,Assam,India,0.245
3659,Ambarnath,Jharkhand,India,0.156
3660,Proddatur,West Bengal,India,0.196
3661,Nagpur,Maharashtra,India,0.406
3662,Mysore,Himachal Pradesh,India,0.494
3663,Katihar,Assam,India,0.419
3664,Raebareli,Himachal Pradesh,India,0.492
3665,Howrah,Arunachal Pradesh,India,0.37
3666,Siliguri,Nagaland,India,0.171
3667,Parbhani,Mizoram,India,0.151
3668,Guna,Odisha,India,0.29
3669,Ballia,Gujarat,India,0.47
3670,Jorhat,Maharashtra,India,0.438
3671,Rewa,Andhra Pradesh,India,0.353
3672,Chinsurah,Goa,India,0.062
3673,Navi Mumbai,Punjab,India,0.219
3674,Gaya,Sikkim,India,0.076
3675,Navi Mumbai,Punjab,India,0.246
3676,Ujjain,Goa,India,0.079
3677,Raurkela Industrial Township,Nagaland,India,0.344
3678,Mango,Uttar Pradesh,India,0.169
3679,Akola,Karnataka,India,0.57
3680,Avadi,Bihar,India,0.182
3681,Kishanganj,Assam,India,0.463
3682,Bhalswa Jahangir Pur,Madhya Pradesh,India,0.341
3683,Bhilwara,Maharashtra,India,0.499
3684,Jhansi,Haryana,India,0.351
3685,Mahbubnagar,Andhra Pradesh,India,0.412
3686,Khora ,Tamil Nadu,India,0.338
3687,Kumbakonam,Manipur,India,0.361
3688,Kadapa,Bihar,India,0.281
3689,Hajipur,Arunachal Pradesh,India,0.377
3690,Bhusawal,Rajasthan,India,0.128
3691,Anantapuram,Kerala,India,0.561
3692,Shimla,Mizoram,India,0.237
3693,Muzaffarnagar,Manipur,India,0.094
3694,Maheshtala,Haryana,India,0.172
3695,Thrissur,Telangana,India,0.263
3696,Rajpur Sonarpur,Uttar Pradesh,India,0.575
3697,Serampore,Mizoram,India,0.349
3698,North Dumdum,West Bengal,India,0.11
3699,Thane,Chhattisgarh,India,0.305
3700,Gopalpur,Madhya Pradesh,India,0.311
3701,Bathinda,Manipur,India,0.251
3702,Solapur,Uttarakhand,India,0.106
3703,Suryapet,Tamil Nadu,India,0.156
3704,Rajkot,Tripura,India,0.277
3705,Barasat,West Bengal,India,0.216
3706,Jalgaon,Telangana,India,0.215
3707,Burhanpur,Karnataka,India,0.162
3708,Dharmavaram,Goa,India,0.295
3709,North Dumdum,Bihar,India,0.222
3710,Mango,Tripura,India,0.042
3711,Karimnagar,Himachal Pradesh,India,0.209
3712,Bahraich,Uttar Pradesh,India,0.331
3713,Bidar,Sikkim,India,0.193
3714,Durg,Manipur,India,0.132
3715,Kishanganj,Mizoram,India,0.391
3716,Firozabad,Sikkim,India,0.4
3717,Khandwa,Gujarat,India,0.188
3718,Bhubaneswar,Gujarat,India,0.161
3719,Kharagpur,Sikkim,India,0.037
3720,Guwahati,Manipur,India,0.323
3721,Bhatpara,Telangana,India,0.265
3722,Kota,Jharkhand,India,0.521
3723,Bahraich,Gujarat,India,0.424
3724,Bhopal,Assam,India,0.331
3725,Jaunpur,Punjab,India,0.231
3726,Bhalswa Jahangir Pur,Kerala,India,0.237
3727,Jammu,Haryana,India,0.476
3728,Firozabad,Odisha,India,0.55
3729,New Delhi,Mizoram,India,0.144
3730,Davanagere,Maharashtra,India,0.435
3731,Mirzapur,Rajasthan,India,0.037
3732,Nanded,Uttar Pradesh,India,0.274
3733,Korba,Karnataka,India,0.304
3734,Morbi,Meghalaya,India,0.347
3735,Singrauli,Bihar,India,0.529
3736,Mehsana,Rajasthan,India,0.461
3737,Berhampur,West Bengal,India,0.068
3738,Sikar,Himachal Pradesh,India,0.089
3739,Tinsukia,Mizoram,India,0.219
3740,Satna,Odisha,India,0.081
3741,Chinsurah,Gujarat,India,0.471
3742,Dewas,Telangana,India,0.368
3743,Meerut,Sikkim,India,0.238
3744,Giridih,Meghalaya,India,0.232
3745,Ludhiana,Himachal Pradesh,India,0.301
3746,Panchkula,Uttar Pradesh,India,0.369
3747,Ramagundam,Meghalaya,India,0.07
3748,Jalandhar,Karnataka,India,0.484
3749,Hyderabad,Haryana,India,0.354
3750,Nandyal,Odisha,India,0.393
3751,Uluberia,Punjab,India,0.229
3752,Dewas,Assam,India,0.194
3753,Pali,Meghalaya,India,0.209
3754,Kochi,Telangana,India,0.613
3755,Sagar,Telangana,India,0.419
3756,Davanagere,Kerala,India,0.368
3757,Nagaon,Manipur,India,0.409
3758,Chandigarh,Assam,India,0.216
3759,Mira-Bhayandar,Assam,India,0.394
3760,Panvel,Himachal Pradesh,India,0.302
3761,Gorakhpur,Gujarat,India,0.143
3762,Amroha,Goa,India,0.422
3763,Bharatpur,Himachal Pradesh,India,0.401
3764,Bahraich,Chhattisgarh,India,0.132
3765,Thiruvananthapuram,Uttarakhand,India,0.423
3766,Jaipur,Telangana,India,0.042
3767,Nizamabad,Uttar Pradesh,India,0.271
3768,Jhansi,Gujarat,India,0.532
3769,Berhampur,West Bengal,India,0.38
3770,Danapur,Karnataka,India,0.229
3771,Morena,Jharkhand,India,0.281
3772,Proddatur,Uttarakhand,India,0.362
3773,Bikaner,Chhattisgarh,India,0.281
3774,Bikaner,Haryana,India,0.182
3775,Narasaraopet,Arunachal Pradesh,India,0.376
3776,Dharmavaram,Maharashtra,India,0.25
3777,Bulandshahr,Bihar,India,0.161
3778,Hajipur,Manipur,India,0.76
3779,Kavali,Tripura,India,0.306
3780,Bettiah,Rajasthan,India,0.442
3781,Kottayam,Kerala,India,0.166
3782,Nandyal,Jharkhand,India,0.067
3783,Dindigul,Kerala,India,0.269
3784,Navi Mumbai,Nagaland,India,0.41
3785,Phusro,Assam,India,0.15
3786,Secunderabad,Gujarat,India,0.122
3787,Orai,Madhya Pradesh,India,0.184
3788,Tirupati,Meghalaya,India,0.462
3789,Jhansi,Jharkhand,India,0.226
3790,Belgaum,Punjab,India,0.231
3791,Shivpuri,Punjab,India,0.182
3792,Baranagar,Chhattisgarh,India,0.196
3793,Jamnagar,Himachal Pradesh,India,0.235
3794,Karimnagar,Himachal Pradesh,India,0.406
3795,Kozhikode,Madhya Pradesh,India,0.343
3796,Tirunelveli,Arunachal Pradesh,India,0.023
3797,Bhiwani,Nagaland,India,0.613
3798,Kanpur,Nagaland,India,0.122
3799,Chinsurah,Bihar,India,0.273
3800,Sambhal,Odisha,India,0.149
3801,Chinsurah,Goa,India,0.428
3802,Bangalore,Tamil Nadu,India,0.278
3803,Guwahati,Bihar,India,0.282
3804,Ambala,Chhattisgarh,India,0.083
3805,Kirari Suleman Nagar,Meghalaya,India,0.266
3806,Proddatur,Jharkhand,India,0.367
3807,Delhi,Arunachal Pradesh,India,0.452
3808,Sangli-Miraj & Kupwad,Himachal Pradesh,India,0.196
3809,Haldia,Chhattisgarh,India,0.586
3810,Dindigul,Himachal Pradesh,India,0.489
3811,Bhalswa Jahangir Pur,Jharkhand,India,0.105
3812,Nanded,Telangana,India,0.333
3813,Bihar Sharif,Goa,India,0.29
3814,Bhalswa Jahangir Pur,Maharashtra,India,0.36
3815,Gurgaon,Himachal Pradesh,India,0.29
3816,Pali,Sikkim,India,0.103
3817,Hubli–Dharwad,Tamil Nadu,India,0.266
3818,Chennai,Punjab,India,0.239
3819,Bathinda,Uttarakhand,India,0.157
3820,Amravati,Meghalaya,India,0.077
3821,Dehri,Goa,India,0.188
3822,Sambhal,Telangana,India,0.036
3823,Erode,Mizoram,India,0.533
3824,Dhule,Tripura,India,0.217
3825,Aurangabad,Tripura,India,0.352
3826,Tiruppur,Tamil Nadu,India,0.514
3827,Kozhikode,Manipur,India,0.236
3828,Bhusawal,Rajasthan,India,0.386
3829,Jehanabad,Maharashtra,India,0.409
3830,Saharanpur,Karnataka,India,0.282
3831,Bharatpur,Bihar,India,0.379
3832,Guntur,Maharashtra,India,0.176
3833,Mahbubnagar,Jharkhand,India,0.444
3834,Bharatpur,Assam,India,0.214
3835,Ludhiana,Telangana,India,0.372
3836,Nizamabad,Arunachal Pradesh,India,0.28
3837,Bhind,Bihar,India,0.436
3838,Amritsar,Himachal Pradesh,India,0.126
3839,Proddatur,Tripura,India,0.34
3840,Bihar Sharif,Tripura,India,0.176
3841,Kakinada,Uttar Pradesh,India,0.041
3842,Korba,Sikkim,India,0.42
3843,Medininagar,Tripura,India,0.097
3844,Madhyamgram,Sikkim,India,0.493
3845,Allahabad,Karnataka,India,0.165
3846,Vadodara,Bihar,India,0.364
3847,Kavali,Manipur,India,0.449
3848,Alappuzha,Himachal Pradesh,India,0.178
3849,Jodhpur,Andhra Pradesh,India,0.29
3850,Satara,Telangana,India,0.452
3851,Rampur,Chhattisgarh,India,0.18
3852,Davanagere,Gujarat,India,0.198
3853,Hindupur,Odisha,India,0.311
3854,Kishanganj,Punjab,India,0.654
3855,Panihati,Haryana,India,0.35
3856,Dharmavaram,Jharkhand,India,0.24
3857,Bally,Odisha,India,0.152
3858,Mumbai,Maharashtra,India,0.303
3859,Mysore,Chhattisgarh,India,0.044
3860,Nagaon,Jharkhand,India,0.098
3861,Vijayanagaram,Karnataka,India,0.548
3862,Muzaffarpur,Haryana,India,0.176
3863,Jhansi,Nagaland,India,0.24
3864,Tiruvottiyur,Nagaland,India,0.522
3865,Kolhapur,Karnataka,India,0.464
3866,Raiganj,Meghalaya,India,0.333
3867,Jamshedpur,Punjab,India,0.208
3868,Fatehpur,Odisha,India,0.55
3869,Gandhinagar,Jharkhand,India,0.308
3870,Kharagpur,Gujarat,India,0.077
3871,Satna,West Bengal,India,0.294
3872,Ambala,Mizoram,India,0.095
3873,Mira-Bhayandar,Chhattisgarh,India,0.154
3874,Panipat,Mizoram,India,0.437
3875,Faridabad,Gujarat,India,0.579
3876,Panipat,Tripura,India,0.282
3877,Chandigarh,Assam,India,0.626
3878,Ghaziabad,Himachal Pradesh,India,0.551
3879,Ballia,Tamil Nadu,India,0.014
3880,Durgapur,Gujarat,India,0.114
3881,Davanagere,Telangana,India,0.351
3882,Bangalore,Assam,India,0.335
3883,Asansol,Meghalaya,India,0.332
3884,Bhilai,Goa,India,0.403
3885,Nandyal,Uttar Pradesh,India,0.247
3886,Orai,Meghalaya,India,0.411
3887,Solapur,West Bengal,India,0.552
3888,Ahmednagar,Goa,India,0.101
3889,Latur,Goa,India,0.319
3890,Suryapet,Assam,India,0.456
3891,Pali,Odisha,India,0.421
3892,Bhusawal,Uttarakhand,India,0.534
3893,Karimnagar,Kerala,India,0.368
3894,Karaikudi,Jharkhand,India,0.577
3895,Kolkata,Gujarat,India,0.092
3896,Deoghar,Himachal Pradesh,India,0.335
3897,Serampore,Kerala,India,0.36
3898,Kottayam,Arunachal Pradesh,India,0.351
3899,Bhatpara,Andhra Pradesh,India,0.173
3900,Singrauli,Himachal Pradesh,India,0.441
3901,Hajipur,Telangana,India,0.651
3902,Karaikudi,West Bengal,India,0.338
3903,Dharmavaram,Karnataka,India,0.787
3904,Nellore,Madhya Pradesh,India,0.127
3905,Thane,Tripura,India,0.18
3906,Kurnool,Odisha,India,0.303
3907,Panchkula,Gujarat,India,0.287
3908,Ratlam,Mizoram,India,0.407
3909,Motihari,Odisha,India,0.356
3910,Tadepalligudem,Telangana,India,0.304
3911,Shivpuri,Sikkim,India,0.407
3912,Madhyamgram,Tamil Nadu,India,0.257
3913,Saharsa,Gujarat,India,0.062
3914,Jamalpur,Uttar Pradesh,India,0.775
3915,Vasai-Virar,Telangana,India,0.26
3916,Karawal Nagar,Assam,India,0.525
3917,Ozhukarai,Bihar,India,0.283
3918,Dehri,Odisha,India,0.547
3919,Kalyan-Dombivli,Tamil Nadu,India,0.525
3920,Tiruvottiyur,Goa,India,0.16
3921,Guwahati,Manipur,India,0.41
3922,Ambarnath,West Bengal,India,0.233
3923,Jamnagar,Rajasthan,India,0.323
3924,Amritsar,Nagaland,India,0.473
3925,Bhiwandi,Himachal Pradesh,India,0.483
3926,Phusro,Punjab,India,0.431
3927,Durgapur,Goa,India,0.216
3928,Bidhannagar,Manipur,India,0.104
3929,Buxar,Rajasthan,India,0.625
3930,Kishanganj,Andhra Pradesh,India,0.412
3931,Rohtak,Karnataka,India,0.366
3932,Visakhapatnam,Maharashtra,India,0.242
3933,Pali,Haryana,India,0.209
3934,Delhi,Telangana,India,0.496
3935,Muzaffarpur,Odisha,India,0.25
3936,Tiruvottiyur,Tripura,India,0.173
3937,Varanasi,Punjab,India,0.125
3938,Hospet,Uttar Pradesh,India,0.137
3939,Guwahati,Gujarat,India,0.409
3940,Jalgaon,Punjab,India,0.265
3941,Dindigul,Gujarat,India,0.301
3942,Nagpur,Mizoram,India,0.201
3943,Chennai,Telangana,India,0.014
3944,Noida,Chhattisgarh,India,0.358
3945,Phusro,Jharkhand,India,0.803
3946,Vasai-Virar,Telangana,India,0.448
3947,Kottayam,Meghalaya,India,0.478
3948,Srikakulam,Bihar,India,0.113
3949,Tezpur,Haryana,India,0.012
3950,Naihati,Maharashtra,India,0.116
3951,Darbhanga,Mizoram,India,0.304
3952,Ulhasnagar,Nagaland,India,0.013
3953,Alappuzha,Haryana,India,0.261
3954,Tirunelveli,Tripura,India,0.244
3955,Barasat,Haryana,India,0.475
3956,Nagaon,Uttarakhand,India,0.215
3957,Sultan Pur Majra,Arunachal Pradesh,India,0.343
3958,Nagercoil,West Bengal,India,0.29
3959,Jamnagar,Gujarat,India,0.022
3960,Kolkata,Maharashtra,India,0.354
3961,Patiala,Gujarat,India,0.217
3962,Loni,Rajasthan,India,0.553
3963,Nagercoil,Odisha,India,0.227
3964,Burhanpur,Telangana,India,0.323
3965,Patiala,Tripura,India,0.37
3966,Narasaraopet,Chhattisgarh,India,0.399
3967,Jalandhar,Bihar,India,0.373
3968,Jaipur,West Bengal,India,0.229
3969,Hajipur,Maharashtra,India,0.324
3970,Kadapa,Karnataka,India,0.669
3971,Anantapuram,Telangana,India,0.484
3972,Chandrapur,Himachal Pradesh,India,0.289
3973,Srikakulam,Haryana,India,0.188
3974,Alappuzha,Sikkim,India,0.245
3975,Kolhapur,Manipur,India,0.204
3976,Bettiah,Bihar,India,0.658
3977,Unnao,Haryana,India,0.302
3978,Hospet,Odisha,India,0.163
3979,Salem,Bihar,India,0.103
3980,Junagadh,Uttar Pradesh,India,0.322
3981,Satna,Uttarakhand,India,0.284
3982,Varanasi,Andhra Pradesh,India,0.321
3983,Delhi,Madhya Pradesh,India,0.068
3984,Jaunpur,Maharashtra,India,0.618
3985,Bhopal,Mizoram,India,0.338
3986,Siliguri,Manipur,India,0.26
3987,Jalandhar,Karnataka,India,0.477
3988,Indore,Punjab,India,0.14
3989,Dharmavaram,Goa,India,0.207
3990,Maheshtala,Maharashtra,India,0.439
3991,Meerut,Telangana,India,0.219
3992,Orai,Odisha,India,0.511
3993,Khammam,Kerala,India,0.422
3994,Dhule,Chhattisgarh,India,0.193
3995,Bokaro,Meghalaya,India,0.071
3996,Ajmer,Mizoram,India,0.247
3997,Phusro,Meghalaya,India,0.545
3998,New Delhi,Bihar,India,0.281
3999,Jorhat,Bihar,India,0.332
4000,Surat,Gujarat,India,0.336
4001,Nizamabad,Tripura,India,0.372
4002,Hubli–Dharwad,West Bengal,India,0.309
4003,Bhavnagar,Meghalaya,India,0.5
4004,Adoni,Himachal Pradesh,India,0.194
4005,Hosur,Himachal Pradesh,India,0.321
4006,Morena,Haryana,India,0.364
4007,Dindigul,Uttarakhand,India,0.129
4008,Berhampur,Karnataka,India,0.175
4009,Amaravati,Assam,India,0.045
4010,Salem,Sikkim,India,0.312
4011,Rewa,Nagaland,India,0.032
4012,Ahmednagar,Uttarakhand,India,0.112
4013,Dharmavaram,Karnataka,India,0.112
4014,Purnia,West Bengal,India,0.64
4015,Bangalore,Sikkim,India,0.16
4016,Jaunpur,Bihar,India,0.138
4017,Sirsa,Tripura,India,0.108
4018,Sasaram,Andhra Pradesh,India,0.161
4019,Narasaraopet,Rajasthan,India,0.277
4020,Gandhinagar,Himachal Pradesh,India,0.313
4021,Jalna,Himachal Pradesh,India,0.194
4022,Rajkot,Meghalaya,India,0.082
4023,Muzaffarpur,Andhra Pradesh,India,0.286
4024,Phagwara,Himachal Pradesh,India,0.196
4025,Dhule,Nagaland,India,0.484
4026,Ulhasnagar,Andhra Pradesh,India,0.457
4027,Karawal Nagar,Rajasthan,India,0.28
4028,Ambala,Tamil Nadu,India,0.176
4029,Avadi,Tamil Nadu,India,0.215
4030,Imphal,Telangana,India,0.078
4031,Guntur,Madhya Pradesh,India,0.588
4032,Phusro,Tamil Nadu,India,0.439
4033,Alwar,Assam,India,0.434
4034,Aurangabad,West Bengal,India,0.125
4035,Jodhpur,Assam,India,0.299
4036,Madurai,Bihar,India,0.591
4037,Khandwa,Odisha,India,0.108
4038,Anand,Andhra Pradesh,India,0.307
4039,Jalandhar,Odisha,India,0.273
4040,South Dumdum,Mizoram,India,0.217
4041,Deoghar,Nagaland,India,0.023
4042,Udaipur,Gujarat,India,0.376
4043,Suryapet,Arunachal Pradesh,India,0.461
4044,Bikaner,Himachal Pradesh,India,0.024
4045,Panipat,Manipur,India,0.378
4046,Nagaon,Uttarakhand,India,0.284
4047,Nangloi Jat,Telangana,India,0.18
4048,Gandhinagar,Sikkim,India,0.457
4049,Morbi,Madhya Pradesh,India,0.121
4050,Kochi,Punjab,India,0.3
4051,Phusro,Bihar,India,0.445
4052,Ballia,Madhya Pradesh,India,0.177
4053,Bidar,Himachal Pradesh,India,0.232
4054,Sambhal,Manipur,India,0.417
4055,Motihari,Uttarakhand,India,0.183
4056,Hubli–Dharwad,Himachal Pradesh,India,0.048
4057,Delhi,Andhra Pradesh,India,0.448
4058,Rourkela,Andhra Pradesh,India,0.194
4059,Kishanganj,Tripura,India,0.085
4060,Jamshedpur,Telangana,India,0.323
4061,Tirunelveli,Telangana,India,0.226
4062,Katihar,Assam,India,0.069
4063,Purnia,Kerala,India,0.092
4064,Shimoga,Maharashtra,India,0.362
4065,Belgaum,Telangana,India,0.298
4066,Navi Mumbai,Arunachal Pradesh,India,0.226
4067,Ajmer,Nagaland,India,0.099
4068,Yamunanagar,Goa,India,0.585
4069,Cuttack,West Bengal,India,0.281
4070,Kolkata,Tamil Nadu,India,0.353
4071,Varanasi,Haryana,India,0.469
4072,Patiala,Chhattisgarh,India,0.393
4073,Ghaziabad,Chhattisgarh,India,0.572
4074,Jalna,Madhya Pradesh,India,0.27
4075,Sri Ganganagar,Jharkhand,India,0.389
4076,Shimoga,Himachal Pradesh,India,0.693
4077,Adoni,Punjab,India,0.301
4078,Bidhannagar,Jharkhand,India,0.244
4079,Udupi,Sikkim,India,0.296
4080,Akola,Odisha,India,0.668
4081,Muzaffarpur,Manipur,India,0.523
4082,Faridabad,Karnataka,India,0.293
4083,Udupi,Arunachal Pradesh,India,0.257
4084,Kakinada,Madhya Pradesh,India,0.092
4085,Bareilly,Himachal Pradesh,India,0.072
4086,Kadapa,Nagaland,India,0.16
4087,Hajipur,Assam,India,0.082
4088,Patna,Rajasthan,India,0.611
4089,Tiruppur,Chhattisgarh,India,0.28
4090,Maheshtala,Andhra Pradesh,India,0.266
4091,Jabalpur,Telangana,India,0.328
4092,Kolkata,Madhya Pradesh,India,0.523
4093,Bhiwandi,Uttarakhand,India,0.408
4094,Gurgaon,Goa,India,0.231
4095,Khammam,Maharashtra,India,0.218
4096,Jodhpur,Telangana,India,0.438
4097,Gulbarga,Uttarakhand,India,0.348
4098,Akola,Haryana,India,0.134
4099,Pondicherry,Haryana,India,0.386
4100,Dehri,Assam,India,0.256
4101,Rewa,Nagaland,India,0.3
4102,Salem,Meghalaya,India,0.581
4103,Machilipatnam,Rajasthan,India,0.149
4104,Dharmavaram,Arunachal Pradesh,India,0.203
4105,Pondicherry,Punjab,India,0.35
4106,Bathinda,Manipur,India,0.314
4107,Nizamabad,Mizoram,India,0.098
4108,Muzaffarnagar,Odisha,India,0.143
4109,Vellore,Uttar Pradesh,India,0.035
4110,Surendranagar Dudhrej,Jharkhand,India,0.194
4111,Nashik,Tripura,India,0.113
4112,New Delhi,Sikkim,India,0.395
4113,Srinagar,Punjab,India,0.502
4114,Agartala,Odisha,India,0.486
4115,Surendranagar Dudhrej,Nagaland,India,0.315
4116,Yamunanagar,Punjab,India,0.321
4117,Korba,Meghalaya,India,0.314
4118,Bareilly,Himachal Pradesh,India,0.144
4119,Delhi,Andhra Pradesh,India,0.584
4120,Loni,Haryana,India,0.254
4121,Tenali,Rajasthan,India,0.241
4122,Solapur,Sikkim,India,0.246
4123,Avadi,Sikkim,India,0.367
4124,Pune,Uttar Pradesh,India,0.098
4125,Mahbubnagar,Tripura,India,0.546
4126,Surat,Haryana,India,0.275
4127,Faridabad,Sikkim,India,0.119
4128,Aizawl,Telangana,India,0.412
4129,Thane,Manipur,India,0.326
4130,Mirzapur,Kerala,India,0.426
4131,Ambattur,Himachal Pradesh,India,0.21
4132,Phusro,Himachal Pradesh,India,0.533
4133,Pali,Uttar Pradesh,India,0.381
4134,Loni,Sikkim,India,0.13
4135,Chinsurah,Jharkhand,India,0.439
4136,Bhubaneswar,Nagaland,India,0.095
4137,Noida,Uttar Pradesh,India,0.46
4138,Gaya,Bihar,India,0.494
4139,Bidhannagar,Rajasthan,India,0.26
4140,Kollam,Himachal Pradesh,India,0.303
4141,Anand,Mizoram,India,0.588
4142,Kadapa,Andhra Pradesh,India,0.346
4143,Kolhapur,Sikkim,India,0.22
4144,Delhi,Telangana,India,0.55
4145,Arrah,Tripura,India,0.486
4146,Purnia,Jharkhand,India,0.009
4147,Berhampur,Haryana,India,0.148
4148,Kakinada,West Bengal,India,0.385
4149,Kochi,Kerala,India,0.544
4150,Gopalpur,Uttar Pradesh,India,0.058
4151,Mehsana,Bihar,India,0.261
4152,Burhanpur,Karnataka,India,0.495
4153,Rampur,Haryana,India,0.603
4154,Dehradun,Meghalaya,India,0.513
4155,Nandyal,Tripura,India,0.538
4156,Shivpuri,Goa,India,0.572
4157,Junagadh,Madhya Pradesh,India,0.108
4158,Akola,Meghalaya,India,0.404
4159,Raiganj,Bihar,India,0.364
4160,Bhopal,Maharashtra,India,0.241
4161,Unnao,Himachal Pradesh,India,0.184
4162,Patiala,Karnataka,India,0.59
4163,Jabalpur,Nagaland,India,0.205
4164,Pali,West Bengal,India,0.337
4165,Nagaon,Maharashtra,India,0.25
4166,Bettiah,Maharashtra,India,0.098
4167,Ludhiana,Odisha,India,0.248
4168,Dibrugarh,Uttar Pradesh,India,0.324
4169,Khora ,Madhya Pradesh,India,0.397
4170,Panchkula,Rajasthan,India,0.374
4171,Nellore,Bihar,India,0.217
4172,Kurnool,Nagaland,India,0.497
4173,Ambattur,Goa,India,0.078
4174,Aurangabad,Goa,India,0.376
4175,Guntur,Telangana,India,0.094
4176,Kolhapur,Karnataka,India,0.633
4177,Thanjavur,Maharashtra,India,0.151
4178,Adoni,Odisha,India,0.197
4179,Raiganj,Bihar,India,0.269
4180,Howrah,Gujarat,India,0.188
4181,Kavali,Rajasthan,India,0.355
4182,Durgapur,Mizoram,India,0.214
4183,Ramagundam,Chhattisgarh,India,0.369
4184,Uluberia,Odisha,India,0.024
4185,Bardhaman,Andhra Pradesh,India,0.296
4186,Pondicherry,Tripura,India,0.077
4187,Srinagar,Tamil Nadu,India,0.411
4188,Mirzapur,Gujarat,India,0.336
4189,Bathinda,Chhattisgarh,India,0.27
4190,Pali,Meghalaya,India,0.134
4191,Orai,Karnataka,India,0.15
4192,Gorakhpur,Assam,India,0.147
4193,Maheshtala,Chhattisgarh,India,0.082
4194,Pune,Uttarakhand,India,0.273
4195,Ghaziabad,Maharashtra,India,0.543
4196,Ozhukarai,Maharashtra,India,0.2
4197,Gandhinagar,Kerala,India,0.682
4198,Patiala,Kerala,India,0.573
4199,Nizamabad,Arunachal Pradesh,India,0.347
4200,Meerut,Madhya Pradesh,India,0.078
4201,New Delhi,Meghalaya,India,0.278
4202,Anantapuram,Rajasthan,India,0.197
4203,Rampur,West Bengal,India,0.134
4204,Kirari Suleman Nagar,Tamil Nadu,India,0.499
4205,Kota,Manipur,India,0.44
4206,Akola,Meghalaya,India,0.124
4207,Korba,Mizoram,India,0.378
4208,Rohtak,Assam,India,0.133
4209,Panvel,Manipur,India,0.284
4210,Sasaram,Rajasthan,India,0.145
4211,Ramagundam,Odisha,India,0.067
4212,Khora ,Rajasthan,India,0.301
4213,Tiruchirappalli,Manipur,India,0.55
4214,Darbhanga,Nagaland,India,0.147
4215,Etawah,Goa,India,0.416
4216,Bhind,Nagaland,India,0.46
4217,Mangalore,Tamil Nadu,India,0.366
4218,New Delhi,Goa,India,0.141
4219,Korba,Odisha,India,0.324
4220,Barasat,Jharkhand,India,0.166
4221,Bidar,Arunachal Pradesh,India,0.154
4222,Indore,Odisha,India,0.234
4223,Satara,Odisha,India,0.35
4224,Kurnool,West Bengal,India,0.575
4225,Hindupur,Himachal Pradesh,India,0.191
4226,Agra,Nagaland,India,0.44
4227,Guntakal,Andhra Pradesh,India,0.089
4228,Chandrapur,Sikkim,India,0.343
4229,Avadi,Manipur,India,0.651
4230,Bhubaneswar,West Bengal,India,0.351
4231,Tirunelveli,Nagaland,India,0.235
4232,Bhatpara,Tripura,India,0.474
4233,Rajkot,Punjab,India,0.107
4234,Sonipat,Nagaland,India,0.302
4235,Etawah,Andhra Pradesh,India,0.182
4236,Aurangabad,Punjab,India,0.287
4237,Khammam,Haryana,India,0.053
4238,Haldia,Sikkim,India,0.137
4239,Motihari,Telangana,India,0.074
4240,Suryapet,Chhattisgarh,India,0.171
4241,Bhagalpur,Odisha,India,0.385
4242,Rajpur Sonarpur,Manipur,India,0.27
4243,Madanapalle,Telangana,India,0.51
4244,Bahraich,Nagaland,India,0.225
4245,Farrukhabad,Mizoram,India,0.224
4246,Miryalaguda,Tripura,India,0.132
4247,Jamnagar,Odisha,India,0.168
4248,Ajmer,Nagaland,India,0.481
4249,Hubli–Dharwad,Tamil Nadu,India,0.38
4250,Kolkata,Rajasthan,India,0.26
4251,Agartala,Chhattisgarh,India,0.141
4252,Shimla,Karnataka,India,0.116
4253,Bathinda,Tripura,India,0.559
4254,Alappuzha,Meghalaya,India,0.144
4255,Ghaziabad,Tripura,India,0.171
4256,Rewa,Chhattisgarh,India,0.232
4257,Guntakal,Karnataka,India,0.281
4258,Kumbakonam,Sikkim,India,0.54
4259,Morbi,Manipur,India,0.221
4260,Mathura,Jharkhand,India,0.021
4261,Ujjain,Haryana,India,0.075
4262,Siliguri,Manipur,India,0.212
4263,Giridih,Meghalaya,India,0.196
4264,Cuttack,Nagaland,India,0.102
4265,Naihati,Meghalaya,India,0.106
4266,Visakhapatnam,West Bengal,India,0.363
4267,Amroha,Sikkim,India,0.113
4268,Karnal,Odisha,India,0.15
4269,Danapur,Andhra Pradesh,India,0.537
4270,Akola,Telangana,India,0.473
4271,Kolkata,Gujarat,India,0.3
4272,Giridih,Andhra Pradesh,India,0.278
4273,Aurangabad,Arunachal Pradesh,India,0.241
4274,Gaya,Sikkim,India,0.308
4275,Mira-Bhayandar,Madhya Pradesh,India,0.412
4276,Vijayanagaram,Tripura,India,0.18
4277,Jammu,Odisha,India,0.406
4278,Ludhiana,Gujarat,India,0.127
4279,Serampore,Tripura,India,0.392
4280,Bidhannagar,Gujarat,India,0.278
4281,Berhampur,Telangana,India,0.355
4282,Anand,Haryana,India,0.341
4283,Naihati,Arunachal Pradesh,India,0.157
4284,Jalandhar,Odisha,India,0.145
4285,Siliguri,Goa,India,0.249
4286,Sikar,Chhattisgarh,India,0.162
4287,Rajpur Sonarpur,Punjab,India,0.288
4288,Amritsar,Assam,India,0.503
4289,Ahmedabad,Assam,India,0.08
4290,Nandyal,Tripura,India,0.274
4291,Deoghar,Nagaland,India,0.03
4292,Anand,Sikkim,India,0.51
4293,Tenali,Andhra Pradesh,India,0.059
4294,Panvel,Rajasthan,India,0.222
4295,Haldia,Tamil Nadu,India,0.243
4296,Uluberia,Mizoram,India,0.184
4297,Rohtak,Chhattisgarh,India,0.293
4298,Varanasi,Andhra Pradesh,India,0.44
4299,Bhalswa Jahangir Pur,Telangana,India,0.207
4300,Panvel,Himachal Pradesh,India,0.297
4301,Malda,Himachal Pradesh,India,0.054
4302,Singrauli,Maharashtra,India,0.231
4303,Ulhasnagar,Himachal Pradesh,India,0.168
4304,Khammam,Goa,India,0.476
4305,Burhanpur,Tamil Nadu,India,0.371
4306,Sangli-Miraj & Kupwad,Manipur,India,0.371
4307,Anand,Manipur,India,0.414
4308,Satara,Arunachal Pradesh,India,0.403
4309,Aligarh,Arunachal Pradesh,India,0.325
4310,Ichalkaranji,Odisha,India,0.254
4311,Gopalpur,Gujarat,India,0.244
4312,Patiala,Telangana,India,0.202
4313,Belgaum,Karnataka,India,0.331
4314,Bhatpara,Punjab,India,0.091
4315,Ramgarh,Assam,India,0.1
4316,Hospet,Punjab,India,0.349
4317,Coimbatore,Karnataka,India,0.249
4318,Muzaffarpur,Manipur,India,0.122
4319,Ichalkaranji,Telangana,India,0.045
4320,Secunderabad,Karnataka,India,0.049
4321,Khammam,Andhra Pradesh,India,0.168
4322,Gangtok,Andhra Pradesh,India,0.424
4323,Durg,Telangana,India,0.234
4324,Indore,Madhya Pradesh,India,0.202
4325,Vasai-Virar,Mizoram,India,0.458
4326,Kota,Andhra Pradesh,India,0.272
4327,Hospet,Goa,India,0.088
4328,Jalgaon,Andhra Pradesh,India,0.156
4329,Burhanpur,West Bengal,India,0.312
4330,Raiganj,Himachal Pradesh,India,0.115
4331,Agartala,Mizoram,India,0.342
4332,Kottayam,Odisha,India,0.036
4333,Jamalpur,Haryana,India,0.802
4334,Bihar Sharif,Gujarat,India,0.189
4335,Rourkela,Odisha,India,0.119
4336,Bathinda,Telangana,India,0.232
4337,Bellary,Tripura,India,0.366
4338,Amravati,Haryana,India,0.246
4339,Serampore,Himachal Pradesh,India,0.093
4340,Lucknow,Madhya Pradesh,India,0.176
4341,Pune,Haryana,India,0.094
4342,Panvel,Arunachal Pradesh,India,0.345
4343,Agartala,Nagaland,India,0.491
4344,Darbhanga,Sikkim,India,0.131
4345,Tinsukia,Karnataka,India,0.101
4346,Thane,Madhya Pradesh,India,0.279
4347,Jalgaon,Bihar,India,0.531
4348,Jalgaon,Haryana,India,0.098
4349,Bilaspur,Odisha,India,0.248
4350,Kavali,Telangana,India,0.452
4351,Kota,Uttarakhand,India,0.2
4352,Tirunelveli,Himachal Pradesh,India,0.266
4353,Vijayanagaram,Maharashtra,India,0.315
4354,Bhagalpur,Andhra Pradesh,India,0.202
4355,Howrah,Meghalaya,India,0.073
4356,Rampur,Tamil Nadu,India,0.371
4357,Bilaspur,Chhattisgarh,India,0.218
4358,Gwalior,Meghalaya,India,0.635
4359,Bhiwani,Kerala,India,0.209
4360,Bharatpur,Gujarat,India,0.22
4361,Bellary,Uttarakhand,India,0.333
4362,Jaipur,Nagaland,India,0.168
4363,Jamnagar,Sikkim,India,0.156
4364,Bhilai,West Bengal,India,0.365
4365,Kadapa,Meghalaya,India,0.27
4366,Vijayanagaram,Assam,India,0.253
4367,Davanagere,Himachal Pradesh,India,0.433
4368,Panipat,Manipur,India,0.457
4369,Kolkata,Uttarakhand,India,0.242
4370,Bettiah,Tripura,India,0.615
4371,Hospet,Goa,India,0.13
4372,Karaikudi,Nagaland,India,0.267
4373,Nagaon,Tamil Nadu,India,0.034
4374,Rewa,Madhya Pradesh,India,0.246
4375,Shivpuri,Kerala,India,0.421
4376,Jalna,Madhya Pradesh,India,0.083
4377,Kozhikode,West Bengal,India,0.159
4378,Bhilai,Goa,India,0.313
4379,Asansol,Uttar Pradesh,India,0.033
4380,Morena,Goa,India,0.661
4381,Guntur,Assam,India,0.047
4382,Jalna,Manipur,India,0.339
4383,Machilipatnam,Nagaland,India,0.518
4384,Vellore,Nagaland,India,0.454
4385,Indore,Goa,India,0.477
4386,Tiruvottiyur,Chhattisgarh,India,0.73
4387,Giridih,Karnataka,India,0.476
4388,Singrauli,Kerala,India,0.358
4389,Rohtak,Andhra Pradesh,India,0.176
4390,Kamarhati,Sikkim,India,0.251
4391,Salem,Mizoram,India,0.269
4392,Jamshedpur,Tamil Nadu,India,0.114
4393,Lucknow,Bihar,India,0.51
4394,South Dumdum,Tripura,India,0.416
4395,Muzaffarpur,Manipur,India,0.182
4396,Gandhinagar,Odisha,India,0.07
4397,Ahmedabad,Odisha,India,0.521
4398,Bhalswa Jahangir Pur,Kerala,India,0.184
4399,Agra,Maharashtra,India,0.298
4400,Kishanganj,Gujarat,India,0.344
4401,Nanded,Uttarakhand,India,0.304
4402,Panvel,Madhya Pradesh,India,0.471
4403,Pudukkottai,Uttarakhand,India,0.029
4404,South Dumdum,Chhattisgarh,India,0.225
4405,Solapur,Uttar Pradesh,India,0.214
4406,Bally,West Bengal,India,0.748
4407,Munger,Andhra Pradesh,India,0.111
4408,Ratlam,Goa,India,0.038
4409,Shahjahanpur,Goa,India,0.118
4410,Nandyal,Uttarakhand,India,0.243
4411,Purnia,Assam,India,0.052
4412,Aizawl,Jharkhand,India,0.372
4413,Solapur,Goa,India,0.308
4414,Aurangabad,Andhra Pradesh,India,0.416
4415,Gwalior,Goa,India,0.114
4416,Ambarnath,Rajasthan,India,0.283
4417,Thane,Telangana,India,0.616
4418,Mysore,Tripura,India,0.351
4419,Dibrugarh,Odisha,India,0.528
4420,Coimbatore,Arunachal Pradesh,India,0.213
4421,Delhi,Uttarakhand,India,0.292
4422,Jaunpur,Goa,India,0.204
4423,Vijayawada,Madhya Pradesh,India,0.26
4424,Alappuzha,Assam,India,0.141
4425,Belgaum,Bihar,India,0.134
4426,Amritsar,Chhattisgarh,India,0.174
4427,Ujjain,Assam,India,0.149
4428,Tadipatri,West Bengal,India,0.105
4429,Bangalore,Madhya Pradesh,India,0.377
4430,Bulandshahr,Gujarat,India,0.37
4431,Karimnagar,Jharkhand,India,0.324
4432,New Delhi,Madhya Pradesh,India,0.185
4433,Panipat,Karnataka,India,0.612
4434,Kochi,Tripura,India,0.529
4435,Sagar,Uttarakhand,India,0.366
4436,Jehanabad,Gujarat,India,0.476
4437,Khora ,Chhattisgarh,India,0.217
4438,Mathura,Haryana,India,0.072
4439,Karimnagar,Jharkhand,India,0.378
4440,Tinsukia,Sikkim,India,0.525
4441,Imphal,Sikkim,India,0.15
4442,Gandhinagar,Mizoram,India,0.557
4443,Bally,Arunachal Pradesh,India,0.456
4444,Saharanpur,Odisha,India,0.498
4445,Hajipur,Maharashtra,India,0.244
4446,Rampur,Madhya Pradesh,India,0.137
4447,Aurangabad,Tamil Nadu,India,0.395
4448,Ahmedabad,Andhra Pradesh,India,0.255
4449,Ichalkaranji,Himachal Pradesh,India,0.272
4450,Warangal,Uttarakhand,India,0.16
4451,Madhyamgram,Kerala,India,0.047
4452,Kanpur,Uttarakhand,India,0.193
4453,Amaravati,Nagaland,India,0.124
4454,Gurgaon,Gujarat,India,0.169
4455,Suryapet,Gujarat,India,0.166
4456,Rewa,Chhattisgarh,India,0.22
4457,Chennai,Chhattisgarh,India,0.62
4458,Serampore,Chhattisgarh,India,0.424
4459,Bongaigaon,Tripura,India,0.054
4460,Navi Mumbai,Jharkhand,India,0.46
4461,Rourkela,Uttarakhand,India,0.007
4462,Vellore,Kerala,India,0.389
4463,Salem,West Bengal,India,0.322
4464,Varanasi,Tamil Nadu,India,0.428
4465,Alappuzha,Telangana,India,0.405
4466,Tezpur,Goa,India,0.122
4467,Hosur,Tripura,India,0.151
4468,Mumbai,Odisha,India,0.228
4469,Mango,Haryana,India,0.282
4470,Amritsar,Odisha,India,0.431
4471,Karaikudi,Chhattisgarh,India,0.102
4472,Bhiwandi,Rajasthan,India,0.079
4473,Pimpri-Chinchwad,Uttarakhand,India,0.206
4474,Sonipat,Uttar Pradesh,India,0.169
4475,Bhind,Manipur,India,0.539
4476,Lucknow,Karnataka,India,0.324
4477,Tiruppur,Odisha,India,0.713
4478,Katni,Rajasthan,India,0.331
4479,Hazaribagh,Goa,India,0.035
4480,Ulhasnagar,Meghalaya,India,0.222
4481,Gulbarga,Madhya Pradesh,India,0.422
4482,Meerut,Kerala,India,0.187
4483,Uluberia,Haryana,India,0.531
4484,Satara,Karnataka,India,0.09
4485,Allahabad,Nagaland,India,0.209
4486,Bhusawal,Assam,India,0.586
4487,Pallavaram,Uttarakhand,India,0.484
4488,Bettiah,Chhattisgarh,India,0.145
4489,Ghaziabad,Telangana,India,0.085
4490,Karaikudi,Mizoram,India,0.163
4491,Belgaum,Kerala,India,0.072
4492,Bhiwandi,Haryana,India,0.198
4493,Pune,Gujarat,India,0.107
4494,Mirzapur,Meghalaya,India,0.248
4495,Nagercoil,Madhya Pradesh,India,0.214
4496,Dehradun,Manipur,India,0.151
4497,Moradabad,Arunachal Pradesh,India,0.58
4498,Aligarh,Nagaland,India,0.728
4499,Ozhukarai,Goa,India,0.403
4500,Bongaigaon,Bihar,India,0.234
4501,Ludhiana,Rajasthan,India,0.261
4502,Nellore,Gujarat,India,0.06
4503,Aurangabad,Haryana,India,0.258
4504,Gulbarga,Goa,India,0.281
4505,Hubli–Dharwad,Jharkhand,India,0.115
4506,Ranchi,West Bengal,India,0.055
4507,Udaipur,Mizoram,India,0.261
4508,Kottayam,Kerala,India,0.037
4509,Sambhal,West Bengal,India,0.676
4510,Arrah,Himachal Pradesh,India,0.623
4511,Kishanganj,Odisha,India,0.146
4512,Latur,Telangana,India,0.062
4513,Tirunelveli,Madhya Pradesh,India,0.112
4514,Khora ,Madhya Pradesh,India,0.241
4515,Thiruvananthapuram,Arunachal Pradesh,India,0.385
4516,Jalandhar,Mizoram,India,0.188
4517,Begusarai,Bihar,India,0.225
4518,Medininagar,Manipur,India,0.555
4519,Yamunanagar,Jharkhand,India,0.222
4520,Tadipatri,Tripura,India,0.3
4521,Kumbakonam,Tamil Nadu,India,0.352
4522,Madurai,Gujarat,India,0.37
4523,Vasai-Virar,Manipur,India,0.405
4524,Berhampore,Gujarat,India,0.066
4525,Bellary,Chhattisgarh,India,0.187
4526,Thrissur,Karnataka,India,0.483
4527,Kamarhati,Mizoram,India,0.236
4528,Ozhukarai,Kerala,India,0.163
4529,Bareilly,Kerala,India,0.19
4530,Katihar,Jharkhand,India,0.419
4531,Bhind,Chhattisgarh,India,0.215
4532,Sagar,Andhra Pradesh,India,0.283
4533,Vijayawada,Uttar Pradesh,India,0.508
4534,Nangloi Jat,Sikkim,India,0.499
4535,Ramagundam,Maharashtra,India,0.59
4536,Karawal Nagar,Manipur,India,0.455
4537,Bikaner,Goa,India,0.467
4538,Mumbai,Mizoram,India,0.384
4539,Allahabad,Sikkim,India,0.377
4540,Unnao,Bihar,India,0.698
4541,Secunderabad,Manipur,India,0.554
4542,Danapur,Sikkim,India,0.194
4543,Bhatpara,Rajasthan,India,0.176
4544,Parbhani,Uttarakhand,India,0.234
4545,Saharanpur,West Bengal,India,0.09
4546,Bidhannagar,Bihar,India,0.178
4547,Jamalpur,Gujarat,India,0.697
4548,Gudivada,Telangana,India,0.373
4549,Hyderabad,Rajasthan,India,0.226
4550,Nizamabad,Sikkim,India,0.219
4551,Asansol,Haryana,India,0.794
4552,Fatehpur,Andhra Pradesh,India,0.243
4553,Asansol,Tripura,India,0.308
4554,Bellary,Uttar Pradesh,India,0.113
4555,Jodhpur,Andhra Pradesh,India,0.188
4556,Madhyamgram,Andhra Pradesh,India,0.046
4557,Kulti,Chhattisgarh,India,0.42
4558,Munger,Tripura,India,0.374
4559,Erode,Nagaland,India,0.231
4560,Sirsa,West Bengal,India,0.232
4561,Mathura,Telangana,India,0.206
4562,Jodhpur,West Bengal,India,0.133
4563,Junagadh,Haryana,India,0.119
4564,Uluberia,Nagaland,India,0.587
4565,Hazaribagh,Manipur,India,0.69
4566,Kolhapur,Goa,India,0.334
4567,Sagar,Chhattisgarh,India,0.288
4568,Nellore,Manipur,India,0.067
4569,Siwan,West Bengal,India,0.733
4570,Bhusawal,Tripura,India,0.172
4571,Bhind,Rajasthan,India,0.426
4572,Sambalpur,Sikkim,India,0.195
4573,Meerut,Meghalaya,India,0.136
4574,Madhyamgram,Bihar,India,0.251
4575,Madanapalle,Kerala,India,0.155
4576,Ratlam,Punjab,India,0.014
4577,Tumkur,Goa,India,0.366
4578,Thrissur,Andhra Pradesh,India,0.461
4579,Panihati,Assam,India,0.264
4580,Satna,Karnataka,India,0.298
4581,Hazaribagh,Mizoram,India,0.159
4582,Tadipatri,Goa,India,0.154
4583,Ahmednagar,Gujarat,India,0.423
4584,Aizawl,Jharkhand,India,0.211
4585,Bardhaman,Maharashtra,India,0.302
4586,Morbi,Jharkhand,India,0.321
4587,Mirzapur,Arunachal Pradesh,India,0.305
4588,Guwahati,Odisha,India,0.528
4589,Thrissur,Karnataka,India,0.26
4590,Gaya,Tamil Nadu,India,0.53
4591,Vasai-Virar,Haryana,India,0.322
4592,Rajahmundry,Rajasthan,India,0.408
4593,Haldia,Tripura,India,0.397
4594,Ratlam,Uttarakhand,India,0.39
4595,Udupi,Uttarakhand,India,0.442
4596,Bilaspur,Bihar,India,0.155
4597,Jamalpur,Manipur,India,0.115
4598,Guwahati,Arunachal Pradesh,India,0.076
4599,Kottayam,Karnataka,India,0.487
4600,Pimpri-Chinchwad,Kerala,India,0.369
4601,Amroha,Chhattisgarh,India,0.175
4602,Kolhapur,Uttarakhand,India,0.343
4603,Dehradun,Jharkhand,India,0.188
4604,Bikaner,Punjab,India,0.202
4605,Kozhikode,Madhya Pradesh,India,0.552
4606,Siwan,Arunachal Pradesh,India,0.223
4607,Kirari Suleman Nagar,Kerala,India,0.286
4608,South Dumdum,Kerala,India,0.127
4609,Jaunpur,Telangana,India,0.069
4610,Danapur,Gujarat,India,0.246
4611,Bhind,Uttarakhand,India,0.446
4612,Jalandhar,Haryana,India,0.079
4613,Kakinada,Andhra Pradesh,India,0.526
4614,Bally,Uttar Pradesh,India,0.145
4615,Kharagpur,Uttar Pradesh,India,0.367
4616,Suryapet,Meghalaya,India,0.561
4617,Uluberia,Punjab,India,0.261
4618,Hapur,Bihar,India,0.376
4619,Ujjain,Sikkim,India,0.562
4620,Fatehpur,Arunachal Pradesh,India,0.451
4621,Gudivada,Goa,India,0.142
4622,Nashik,Bihar,India,0.118
4623,Ambarnath,Odisha,India,0.528
4624,Phagwara,Haryana,India,0.245
4625,Kolkata,Arunachal Pradesh,India,0.382
4626,Kochi,Bihar,India,0.288
4627,Pudukkottai,Manipur,India,0.445
4628,Kochi,Telangana,India,0.389
4629,Madhyamgram,Sikkim,India,0.078
4630,Hosur,Chhattisgarh,India,0.509
4631,Bhagalpur,Himachal Pradesh,India,0.257
4632,Kadapa,Tripura,India,0.51
4633,Rewa,Bihar,India,0.335
4634,Guwahati,Haryana,India,0.334
4635,Hosur,Gujarat,India,0.585
4636,Kolhapur,Karnataka,India,0.31
4637,Kumbakonam,Bihar,India,0.111
4638,Bhiwani,Tripura,India,0.124
4639,Dhule,Madhya Pradesh,India,0.663
4640,Vasai-Virar,West Bengal,India,0.203
4641,Karaikudi,Mizoram,India,0.122
4642,Sambhal,Andhra Pradesh,India,0.329
4643,Silchar,Chhattisgarh,India,0.334
4644,Miryalaguda,Tripura,India,0.502
4645,Kavali,Nagaland,India,0.149
4646,Bhiwandi,Jharkhand,India,0.447
4647,Cuttack,West Bengal,India,0.35
4648,Hosur,Chhattisgarh,India,0.237
4649,Bhimavaram,Meghalaya,India,0.38
4650,Jodhpur,Odisha,India,0.231
4651,Bharatpur,Uttar Pradesh,India,0.142
4652,Gandhidham,Bihar,India,0.429
4653,Kavali,Maharashtra,India,0.032
4654,Dharmavaram,Andhra Pradesh,India,0.499
4655,Jamshedpur,Meghalaya,India,0.349
4656,Jalgaon,Uttarakhand,India,0.391
4657,Nizamabad,Tamil Nadu,India,0.148
4658,Kishanganj,Odisha,India,0.143
4659,Raebareli,Meghalaya,India,0.378
4660,Agartala,Odisha,India,0.372
4661,Akola,Rajasthan,India,0.309
4662,Mango,West Bengal,India,0.145
4663,Ranchi,Odisha,India,0.399
4664,Sri Ganganagar,Tripura,India,0.314
4665,Berhampur,Kerala,India,0.245
4666,Amaravati,Arunachal Pradesh,India,0.115
4667,Bharatpur,West Bengal,India,0.332
4668,Amritsar,Odisha,India,0.513
4669,Coimbatore,Himachal Pradesh,India,0.465
4670,Amroha,Manipur,India,0.323
4671,Malegaon,Arunachal Pradesh,India,0.425
4672,Khammam,Meghalaya,India,0.122
4673,Anand,Madhya Pradesh,India,0.298
4674,Shahjahanpur,Meghalaya,India,0.333
4675,Gwalior,Sikkim,India,0.1
4676,Raebareli,Andhra Pradesh,India,0.233
4677,Navi Mumbai,Meghalaya,India,0.376
4678,Ambarnath,Rajasthan,India,0.607
4679,Vadodara,Sikkim,India,0.359
4680,Bhusawal,Jharkhand,India,0.291
4681,Gopalpur,Assam,India,0.577
4682,Secunderabad,Uttar Pradesh,India,0.359
4683,Gandhidham,Kerala,India,0.354
4684,Anantapur,Gujarat,India,0.202
4685,Karnal,West Bengal,India,0.244
4686,Solapur,Tamil Nadu,India,0.576
4687,Ahmednagar,Assam,India,0.268
4688,Bhatpara,Rajasthan,India,0.043
4689,Ratlam,Mizoram,India,0.073
4690,Sirsa,Haryana,India,0.457
4691,Mehsana,Punjab,India,0.19
4692,Hajipur,Uttarakhand,India,0.136
4693,Bhatpara,Meghalaya,India,0.382
4694,Karaikudi,Rajasthan,India,0.179
4695,Muzaffarnagar,Maharashtra,India,0.112
4696,Sangli-Miraj & Kupwad,Himachal Pradesh,India,0.392
4697,Bokaro,Haryana,India,0.109
4698,Medininagar,Haryana,India,0.499
4699,Nagaon,Manipur,India,0.681
4700,Gorakhpur,Arunachal Pradesh,India,0.064
4701,Kakinada,Tamil Nadu,India,0.226
4702,Vijayanagaram,Madhya Pradesh,India,0.498
4703,Hospet,Telangana,India,0.319
4704,Akola,Manipur,India,0.211
4705,Kozhikode,Manipur,India,0.552
4706,Silchar,Jharkhand,India,0.41
4707,Avadi,Rajasthan,India,0.257
4708,Bally,Mizoram,India,0.249
4709,Navi Mumbai,Assam,India,0.538
4710,Miryalaguda,Kerala,India,0.493
4711,Rajahmundry,Madhya Pradesh,India,0.15
4712,Phagwara,Rajasthan,India,0.076
4713,Bongaigaon,Uttarakhand,India,0.132
4714,Bokaro,Manipur,India,0.526
4715,Berhampore,Haryana,India,0.233
4716,Warangal,Uttar Pradesh,India,0.165
4717,Durgapur,West Bengal,India,0.549
4718,Ongole,Nagaland,India,0.369
4719,Aligarh,Gujarat,India,0.572
4720,Visakhapatnam,Assam,India,0.082
4721,Ratlam,Uttar Pradesh,India,0.286
4722,Chandigarh,Tamil Nadu,India,0.565
4723,Jammu,Telangana,India,0.095
4724,Dhule,Madhya Pradesh,India,0.227
4725,Ambala,Goa,India,0.074
4726,Latur,Andhra Pradesh,India,0.353
4727,Singrauli,Telangana,India,0.106
4728,Bhiwani,West Bengal,India,0.259
4729,Kozhikode,Chhattisgarh,India,0.291
4730,Ambarnath,Punjab,India,0.13
4731,Ujjain,Uttar Pradesh,India,0.316
4732,Saharanpur,Rajasthan,India,0.193
4733,Mumbai,Sikkim,India,0.118
4734,Bhavnagar,Jharkhand,India,0.169
4735,Kirari Suleman Nagar,Chhattisgarh,India,0.36
4736,Kadapa,Karnataka,India,0.118
4737,Kollam,Odisha,India,0.054
4738,Danapur,Odisha,India,0.274
4739,Surendranagar Dudhrej,Manipur,India,0.317
4740,Bijapur,Sikkim,India,0.34
4741,Haridwar,Madhya Pradesh,India,0.193
4742,Gandhinagar,Manipur,India,0.218
4743,Tiruvottiyur,Tamil Nadu,India,0.691
4744,Kulti,Gujarat,India,0.375
4745,Tadipatri,Mizoram,India,0.049
4746,Nagercoil,Punjab,India,0.301
4747,Jammu,Goa,India,0.287
4748,Deoghar,West Bengal,India,0.051
4749,Latur,Odisha,India,0.327
4750,Jammu,Uttarakhand,India,0.28
4751,Nanded,Karnataka,India,0.218
4752,Dibrugarh,Haryana,India,0.033
4753,Alappuzha,Assam,India,0.046
4754,Bhalswa Jahangir Pur,Telangana,India,0.056
4755,Patiala,Nagaland,India,0.262
4756,Aizawl,Sikkim,India,0.406
4757,Gulbarga,Jharkhand,India,0.304
4758,Howrah,Goa,India,0.189
4759,Kalyan-Dombivli,West Bengal,India,0.356
4760,Tirupati,Telangana,India,0.351
4761,Hospet,Chhattisgarh,India,0.13
4762,Uluberia,Nagaland,India,0.315
4763,Visakhapatnam,Madhya Pradesh,India,0.274
4764,Ramagundam,Maharashtra,India,0.306
4765,Amaravati,Jharkhand,India,0.192
4766,Ludhiana,Jharkhand,India,0.383
4767,Dharmavaram,West Bengal,India,0.044
4768,Hubli–Dharwad,Arunachal Pradesh,India,0.756
4769,Bikaner,Odisha,India,0.219
4770,Pondicherry,Telangana,India,0.475
4771,Allahabad,Arunachal Pradesh,India,0.106
4772,Kolhapur,Bihar,India,0.563
4773,Sagar,Chhattisgarh,India,0.271
4774,Nizamabad,Arunachal Pradesh,India,0.375
4775,Thoothukudi,Chhattisgarh,India,0.292
4776,Jamnagar,Madhya Pradesh,India,0.262
4777,Gurgaon,Telangana,India,0.056
4778,Morbi,Goa,India,0.114
4779,Jammu,Mizoram,India,0.471
4780,Yamunanagar,Gujarat,India,0.258
4781,Jalandhar,Uttarakhand,India,0.224
4782,Siwan,Arunachal Pradesh,India,0.162
4783,Jalna,Chhattisgarh,India,0.266
4784,Bidhannagar,Goa,India,0.485
4785,Baranagar,Arunachal Pradesh,India,0.307
4786,Kozhikode,Arunachal Pradesh,India,0.289
4787,Noida,Himachal Pradesh,India,0.056
4788,Rewa,Uttarakhand,India,0.446
4789,Haridwar,Manipur,India,0.154
4790,Nagpur,Assam,India,0.453
4791,Burhanpur,Kerala,India,0.412
4792,Ahmednagar,Punjab,India,0.096
4793,Khandwa,Punjab,India,0.251
4794,Saharanpur,Punjab,India,0.443
4795,Begusarai,West Bengal,India,0.046
4796,Panipat,Andhra Pradesh,India,0.127
4797,Jamnagar,Odisha,India,0.438
4798,Rewa,Rajasthan,India,0.046
4799,Bikaner,Maharashtra,India,0.264
4800,Korba,Uttarakhand,India,0.084
4801,Varanasi,Uttar Pradesh,India,0.45
4802,Tirunelveli,Mizoram,India,0.207
4803,Mahbubnagar,Tamil Nadu,India,0.236
4804,Vasai-Virar,Punjab,India,0.094
4805,Lucknow,Meghalaya,India,0.175
4806,Panihati,Arunachal Pradesh,India,0.437
4807,Satara,Arunachal Pradesh,India,0.199
4808,Farrukhabad,Odisha,India,0.175
4809,Chandigarh,Sikkim,India,0.25
4810,Satara,Uttarakhand,India,0.198
4811,Korba,Karnataka,India,0.09
4812,Nadiad,Tamil Nadu,India,0.389
4813,Kottayam,Kerala,India,0.582
4814,Kurnool,Nagaland,India,0.466
4815,Farrukhabad,Odisha,India,0.105
4816,Firozabad,Gujarat,India,0.045
4817,Ajmer,Chhattisgarh,India,0.281
4818,Silchar,Tripura,India,0.36
4819,Jamalpur,Tripura,India,0.209
4820,Eluru,Gujarat,India,0.134
4821,Baranagar,Haryana,India,0.405
4822,Allahabad,Uttar Pradesh,India,0.389
4823,Ramagundam,Tamil Nadu,India,0.108
4824,Bidhannagar,Nagaland,India,0.154
4825,Rewa,Manipur,India,0.248
4826,Mirzapur,Arunachal Pradesh,India,0.263
4827,Kollam,Maharashtra,India,0.715
4828,Coimbatore,Sikkim,India,0.676
4829,Jhansi,Rajasthan,India,0.144
4830,Silchar,West Bengal,India,0.131
4831,Ghaziabad,Nagaland,India,0.044
4832,Ballia,Arunachal Pradesh,India,0.022
4833,Tirunelveli,Odisha,India,0.03
4834,Gudivada,Karnataka,India,0.306
4835,Shimla,Telangana,India,0.348
4836,Kumbakonam,West Bengal,India,0.24
4837,Tiruvottiyur,Manipur,India,0.207
4838,Belgaum,Gujarat,India,0.369
4839,Kochi,Karnataka,India,0.167
4840,Kanpur,Uttar Pradesh,India,0.207
4841,Chandrapur,Himachal Pradesh,India,0.506
4842,Bharatpur,Nagaland,India,0.254
4843,New Delhi,West Bengal,India,0.241
4844,Maheshtala,Madhya Pradesh,India,0.369
4845,Farrukhabad,Andhra Pradesh,India,0.448
4846,Sasaram,Rajasthan,India,0.39
4847,Tadepalligudem,Goa,India,0.306
4848,Hindupur,Telangana,India,0.223
4849,Bahraich,Uttar Pradesh,India,0.703
4850,New Delhi,Himachal Pradesh,India,0.199
4851,Yamunanagar,Mizoram,India,0.172
4852,Mumbai,Himachal Pradesh,India,0.247
4853,Sonipat,Karnataka,India,0.045
4854,Nagercoil,Assam,India,0.167
4855,Raipur,Kerala,India,0.063
4856,Begusarai,Bihar,India,0.323
4857,Jehanabad,Uttarakhand,India,0.062
4858,Asansol,Gujarat,India,0.3
4859,Narasaraopet,Uttarakhand,India,0.184
4860,Gangtok,Tripura,India,0.307
4861,Solapur,Telangana,India,0.353
4862,Nangloi Jat,Manipur,India,0.089
4863,Rajpur Sonarpur,Arunachal Pradesh,India,0.223
4864,Mango,Rajasthan,India,0.269
4865,Jalgaon,Sikkim,India,0.378
4866,Malda,Madhya Pradesh,India,0.263
4867,Eluru,Telangana,India,0.497
4868,Tumkur,Mizoram,India,0.385
4869,Pudukkottai,West Bengal,India,0.275
4870,Visakhapatnam,Gujarat,India,0.453
4871,Bilaspur,West Bengal,India,0.086
4872,Ambala,Meghalaya,India,0.648
4873,Kochi,Uttarakhand,India,0.336
4874,Ranchi,West Bengal,India,0.103
4875,Miryalaguda,Uttarakhand,India,0.286
4876,Ichalkaranji,Mizoram,India,0.194
4877,Barasat,Maharashtra,India,0.156
4878,Etawah,Tamil Nadu,India,0.467
4879,Sri Ganganagar,Kerala,India,0.138
4880,Imphal,Tamil Nadu,India,0.443
4881,Hospet,West Bengal,India,0.25
4882,Mirzapur,West Bengal,India,0.347
4883,Avadi,Punjab,India,0.354
4884,Mango,Haryana,India,0.386
4885,Rewa,Kerala,India,0.489
4886,Phagwara,Odisha,India,0.041
4887,Kamarhati,Maharashtra,India,0.364
4888,Agartala,Tripura,India,0.154
4889,Giridih,Nagaland,India,0.082
4890,Chandigarh,Odisha,India,0.102
4891,Jaipur,Goa,India,0.182
4892,Jalgaon,Uttar Pradesh,India,0.688
4893,Satara,Himachal Pradesh,India,0.432
4894,Durg,Tripura,India,0.185
4895,Sri Ganganagar,Mizoram,India,0.324
4896,Shimla,Karnataka,India,0.113
4897,Aizawl,Uttar Pradesh,India,0.492
4898,Ratlam,Jharkhand,India,0.081
4899,Burhanpur,Mizoram,India,0.396
4900,Ambarnath,Himachal Pradesh,India,0.241
4901,Jamshedpur,Karnataka,India,0.023
4902,Madanapalle,Himachal Pradesh,India,0.333
4903,Anantapuram,West Bengal,India,0.477
4904,Secunderabad,Mizoram,India,0.38
4905,Mango,Assam,India,0.381
4906,Morbi,Mizoram,India,0.259
4907,Jamnagar,Kerala,India,0.399
4908,Mehsana,Madhya Pradesh,India,0.882
4909,Uluberia,Manipur,India,0.59
4910,Bareilly,Sikkim,India,0.162
4911,Vadodara,Andhra Pradesh,India,0.298
4912,Vijayawada,West Bengal,India,0.477
4913,Kollam,Himachal Pradesh,India,0.223
4914,Udaipur,Meghalaya,India,0.393
4915,Ahmedabad,Telangana,India,0.169
4916,Morbi,Maharashtra,India,0.413
4917,Nizamabad,Himachal Pradesh,India,0.1
4918,Khandwa,Maharashtra,India,0.227
4919,Dhanbad,Uttar Pradesh,India,0.098
4920,Jamnagar,Karnataka,India,0.007
4921,Phagwara,Mizoram,India,0.227
4922,Jamshedpur,Goa,India,0.233
4923,Saharanpur,West Bengal,India,0.531
4924,Ramgarh,Himachal Pradesh,India,0.291
4925,Mangalore,Manipur,India,0.193
4926,Kottayam,Kerala,India,0.069
4927,Bettiah,Mizoram,India,0.557
4928,Bathinda,Kerala,India,0.116
4929,Jabalpur,Kerala,India,0.295
4930,Thiruvananthapuram,Telangana,India,0.414
4931,Allahabad,Assam,India,0.327
4932,Jamalpur,Odisha,India,0.315
4933,Dehri,Jharkhand,India,0.479
4934,Panipat,Andhra Pradesh,India,0.485
4935,Varanasi,Bihar,India,0.22
4936,Kota,Odisha,India,0.678
4937,Tiruppur,Karnataka,India,0.438
4938,Ahmedabad,Telangana,India,0.231
4939,Guntakal,Rajasthan,India,0.224
4940,Avadi,Uttarakhand,India,0.156
4941,Patiala,Goa,India,0.214
4942,Vellore,Andhra Pradesh,India,0.308
4943,Bally,Manipur,India,0.164
4944,Chennai,Punjab,India,0.202
4945,Madurai,Himachal Pradesh,India,0.053
4946,Tezpur,Bihar,India,0.535
4947,Cuttack,Uttar Pradesh,India,0.39
4948,Satara,Tamil Nadu,India,0.344
4949,Malda,Arunachal Pradesh,India,0.383
4950,Bhubaneswar,Gujarat,India,0.238
4951,Gaya,Meghalaya,India,0.154
4952,Erode,Manipur,India,0.494
4953,Vellore,Himachal Pradesh,India,0.46
4954,Alappuzha,Assam,India,0.101
4955,Saharsa,Odisha,India,0.236
4956,Gaya,Manipur,India,0.754
4957,Morena,Mizoram,India,0.177
4958,Mahbubnagar,Haryana,India,0.518
4959,Chandigarh,Chhattisgarh,India,0.234
4960,Pondicherry,Meghalaya,India,0.126
4961,Sonipat,Sikkim,India,0.306
4962,Guntakal,Jharkhand,India,0.088
4963,Hosur,Uttarakhand,India,0.115
4964,Tiruchirappalli,Uttarakhand,India,0.361
4965,Rampur,Arunachal Pradesh,India,0.254
4966,Naihati,Goa,India,0.415
4967,Bilaspur,Telangana,India,0.082
4968,Tirunelveli,Uttarakhand,India,0.38
4969,Bardhaman,Tripura,India,0.205
4970,Kamarhati,Kerala,India,0.273
4971,Bihar Sharif,Gujarat,India,0.183
4972,Alwar,Jharkhand,India,0.516
4973,Rourkela,Uttar Pradesh,India,0.108
4974,Tirupati,Gujarat,India,0.257
4975,Kharagpur,Sikkim,India,0.205
4976,Siliguri,Telangana,India,0.27
4977,Cuttack,Andhra Pradesh,India,0.248
4978,Cuttack,Assam,India,0.116
4979,Salem,Maharashtra,India,0.11
4980,Chittoor,Chhattisgarh,India,0.078
4981,Ujjain,Madhya Pradesh,India,0.145
4982,Jamalpur,Punjab,India,0.301
4983,Phusro,Andhra Pradesh,India,0.443
4984,Berhampur,Tamil Nadu,India,0.381
4985,Udaipur,Goa,India,0.086
4986,Mysore,Andhra Pradesh,India,0.315
4987,Guntakal,Chhattisgarh,India,0.369
4988,Haldia,Rajasthan,India,0.441
4989,Thrissur,Haryana,India,0.348
4990,Delhi,West Bengal,India,0.131
4991,Bhind,Tamil Nadu,India,0.467
4992,Avadi,Nagaland,India,0.146
4993,Amroha,Sikkim,India,0.281
4994,Alappuzha,Himachal Pradesh,India,0.594
4995,Tezpur,Uttar Pradesh,India,0.38
4996,Thrissur,Tripura,India,0.137
4997,Varanasi,Meghalaya,India,0.072
4998,Gorakhpur,Rajasthan,India,0.175
4999,Thanjavur,Arunachal Pradesh,India,0.219
5000,Rourkela,Madhya Pradesh,India,0.094
5001,Jaunpur,Madhya Pradesh,India,0.497
5002,Serampore,Sikkim,India,0.62
5003,Amroha,Sikkim,India,0.613
5004,Gurgaon,Jharkhand,India,0.373
5005,Medininagar,Tripura,India,0.442
5006,Raurkela Industrial Township,Meghalaya,India,0.226
5007,Purnia,Goa,India,0.224
5008,Allahabad,Kerala,India,0.269
5009,Jammu,Kerala,India,0.113
5010,Pudukkottai,Haryana,India,0.501
5011,Jorhat,Odisha,India,0.256
5012,Adoni,Meghalaya,India,0.285
5013,Indore,Mizoram,India,0.578
5014,Vellore,Bihar,India,0.285
5015,Durgapur,Rajasthan,India,0.146
5016,Bokaro,Manipur,India,0.229
5017,Bilaspur,Tripura,India,0.152
5018,Visakhapatnam,Goa,India,0.332
5019,Bongaigaon,Nagaland,India,0.047
5020,Jaunpur,Arunachal Pradesh,India,0.189
5021,Gwalior,Manipur,India,0.453
5022,Sri Ganganagar,Tamil Nadu,India,0.388
5023,Korba,Sikkim,India,0.222
5024,Raebareli,Mizoram,India,0.299
5025,Karimnagar,Tamil Nadu,India,0.156
5026,Amaravati,Madhya Pradesh,India,0.265
5027,Purnia,Telangana,India,0.186
5028,Vadodara,Maharashtra,India,0.206
5029,Amritsar,Maharashtra,India,0.507
5030,Phagwara,Sikkim,India,0.531
5031,Rajkot,Sikkim,India,0.087
5032,Katihar,Bihar,India,0.296
5033,Ahmednagar,Bihar,India,0.359
5034,Bhatpara,West Bengal,India,0.517
5035,Jalandhar,Madhya Pradesh,India,0.35
5036,Madurai,Himachal Pradesh,India,0.076
5037,Firozabad,Haryana,India,0.317
5038,North Dumdum,Andhra Pradesh,India,0.309
5039,Jammu,Rajasthan,India,0.415
5040,Jhansi,West Bengal,India,0.244
5041,Srikakulam,Uttar Pradesh,India,0.404
5042,Jorhat,Rajasthan,India,0.03
5043,Ajmer,Chhattisgarh,India,0.558
5044,Saharsa,Karnataka,India,0.119
5045,Howrah,Sikkim,India,0.176
5046,Warangal,Tamil Nadu,India,0.21
5047,Ulhasnagar,Odisha,India,0.337
5048,Sagar,Tamil Nadu,India,0.299
5049,Anand,Mizoram,India,0.101
5050,Fatehpur,Uttar Pradesh,India,0.197
5051,Srikakulam,Meghalaya,India,0.428
5052,Kurnool,Assam,India,0.717
5053,Ongole,Nagaland,India,0.395
5054,Belgaum,West Bengal,India,0.12
5055,Cuttack,Andhra Pradesh,India,0.209
5056,Mau,Assam,India,0.098
5057,Sasaram,Madhya Pradesh,India,0.328
5058,Nashik,Tamil Nadu,India,0.301
5059,Jaunpur,Tamil Nadu,India,0.477
5060,Sultan Pur Majra,Maharashtra,India,0.183
5061,Kottayam,Uttar Pradesh,India,0.522
5062,Fatehpur,Odisha,India,0.405
5063,Bhiwani,Meghalaya,India,0.281
5064,Indore,Sikkim,India,0.167
5065,Jaipur,Madhya Pradesh,India,0.281
5066,Surendranagar Dudhrej,Himachal Pradesh,India,0.308
5067,Gandhinagar,Haryana,India,0.163
5068,Machilipatnam,Telangana,India,0.033
5069,Warangal,Arunachal Pradesh,India,0.138
5070,Korba,Telangana,India,0.266
5071,Bangalore,Uttar Pradesh,India,0.266
5072,Panvel,Mizoram,India,0.482
5073,Agra,Maharashtra,India,0.297
5074,Mira-Bhayandar,Madhya Pradesh,India,0.101
5075,Bidhannagar,Sikkim,India,0.373
5076,Mangalore,Sikkim,India,0.527
5077,Fatehpur,Arunachal Pradesh,India,0.248
5078,Sasaram,Odisha,India,0.047
5079,Noida,Manipur,India,0.443
5080,Salem,Bihar,India,0.25
5081,Bhind,Uttarakhand,India,0.108
5082,Gwalior,Haryana,India,0.279
5083,Kamarhati,West Bengal,India,0.401
5084,Ongole,Mizoram,India,0.398
5085,North Dumdum,Punjab,India,0.61
5086,Erode,Goa,India,0.25
5087,Belgaum,Odisha,India,0.143
5088,Ratlam,Sikkim,India,0.109
5089,Kamarhati,Uttarakhand,India,0.483
5090,Kolhapur,Goa,India,0.151
5091,Sasaram,Kerala,India,0.239
5092,Anantapuram,Madhya Pradesh,India,0.347
5093,Surat,Tripura,India,0.203
5094,Rajahmundry,Bihar,India,0.308
5095,Kharagpur,Gujarat,India,0.225
5096,Raiganj,Gujarat,India,0.255
5097,Nashik,Sikkim,India,0.221
5098,Guwahati,Punjab,India,0.35
5099,Khandwa,Andhra Pradesh,India,0.354
5100,Amaravati,Himachal Pradesh,India,0.412
5101,Hosur,Haryana,India,0.409
5102,Farrukhabad,Karnataka,India,0.075
5103,Darbhanga,Rajasthan,India,0.027
5104,Ramagundam,Nagaland,India,0.363
5105,Amaravati,Punjab,India,0.435
5106,Sagar,Gujarat,India,0.326
5107,Bhiwani,West Bengal,India,0.286
5108,Raichur,Tamil Nadu,India,0.123
5109,Kurnool,Haryana,India,0.014
5110,Thrissur,Bihar,India,0.295
5111,Anantapuram,Kerala,India,0.279
5112,Parbhani,West Bengal,India,0.24
5113,Jalna,Madhya Pradesh,India,0.112
5114,Satna,Uttarakhand,India,0.153
5115,Hospet,Manipur,India,0.208
5116,Mysore,Jharkhand,India,0.22
5117,Korba,Andhra Pradesh,India,0.433
5118,Delhi,Uttarakhand,India,0.204
5119,Ozhukarai,Bihar,India,0.135
5120,Jaipur,Bihar,India,0.214
5121,Proddatur,Punjab,India,0.256
5122,Imphal,Arunachal Pradesh,India,0.225
5123,Nagercoil,West Bengal,India,0.34
5124,Ballia,Andhra Pradesh,India,0.319
5125,Allahabad,Mizoram,India,0.386
5126,Jhansi,Meghalaya,India,0.337
5127,Durgapur,Meghalaya,India,0.147
5128,Karnal,Manipur,India,0.121
5129,Bilaspur,Nagaland,India,0.301
5130,Nangloi Jat,Haryana,India,0.444
5131,Dharmavaram,Uttar Pradesh,India,0.524
5132,Lucknow,Mizoram,India,0.296
5133,Kota,Andhra Pradesh,India,0.144
5134,Bhagalpur,Karnataka,India,0.391
5135,Nizamabad,Maharashtra,India,0.688
5136,Aurangabad,Madhya Pradesh,India,0.05
5137,Ramgarh,Bihar,India,0.415
5138,Jhansi,Uttarakhand,India,0.443
5139,Sikar,Bihar,India,0.315
5140,Medininagar,Tamil Nadu,India,0.175
5141,Nashik,Bihar,India,0.181
5142,Parbhani,Karnataka,India,0.19
5143,Rohtak,Andhra Pradesh,India,0.135
5144,Moradabad,Tripura,India,0.173
5145,Amritsar,Uttarakhand,India,0.367
5146,Agartala,Andhra Pradesh,India,0.186
5147,Ajmer,Bihar,India,0.384
5148,Patiala,West Bengal,India,0.402
5149,Ajmer,Assam,India,0.22
5150,Kolhapur,Assam,India,0.279
5151,Junagadh,Assam,India,0.1
5152,Siliguri,Haryana,India,0.517
5153,Ranchi,Assam,India,0.17
5154,Agartala,Goa,India,0.148
5155,Sikar,Punjab,India,0.314
5156,Bahraich,Rajasthan,India,0.192
5157,Bongaigaon,Karnataka,India,0.244
5158,Gulbarga,Rajasthan,India,0.119
5159,Belgaum,Andhra Pradesh,India,0.571
5160,Pondicherry,Haryana,India,0.272
5161,Panihati,Meghalaya,India,0.294
5162,Bhubaneswar,West Bengal,India,0.278
5163,Agartala,Tripura,India,0.187
5164,Hapur,Meghalaya,India,0.178
5165,Bhavnagar,Tripura,India,0.503
5166,Parbhani,Chhattisgarh,India,0.205
5167,Gopalpur,Sikkim,India,0.441
5168,Saharsa,Rajasthan,India,0.162
5169,Korba,Tripura,India,0.227
5170,Muzaffarnagar,Jharkhand,India,0.286
5171,Jabalpur,Arunachal Pradesh,India,0.054
5172,Agra,Haryana,India,0.133
5173,Guntakal,Arunachal Pradesh,India,0.112
5174,Latur,Chhattisgarh,India,0.197
5175,Sirsa,Arunachal Pradesh,India,0.269
5176,Guna,Andhra Pradesh,India,0.367
5177,Ramagundam,Gujarat,India,0.141
5178,Pali,Madhya Pradesh,India,0.185
5179,Gangtok,Chhattisgarh,India,0.601
5180,Imphal,Arunachal Pradesh,India,0.518
5181,Raurkela Industrial Township,West Bengal,India,0.053
5182,Morena,Rajasthan,India,0.278
5183,Anantapur,Arunachal Pradesh,India,0.161
5184,Nandyal,Tripura,India,0.121
5185,Imphal,Himachal Pradesh,India,0.154
5186,Hajipur,Punjab,India,0.072
5187,Rajpur Sonarpur,Uttar Pradesh,India,0.466
5188,Anantapur,Uttarakhand,India,0.185
5189,Sonipat,Punjab,India,0.302
5190,Bhubaneswar,Telangana,India,0.195
5191,Thiruvananthapuram,Mizoram,India,0.344
5192,Gandhinagar,Arunachal Pradesh,India,0.203
5193,Ballia,Andhra Pradesh,India,0.513
5194,Jalandhar,Meghalaya,India,0.446
5195,Aurangabad,Meghalaya,India,0.42
5196,Karawal Nagar,Nagaland,India,0.358
5197,Bhatpara,Jharkhand,India,0.195
5198,Berhampore,Uttar Pradesh,India,0.248
5199,Sambalpur,Punjab,India,0.106
5200,Udaipur,Punjab,India,0.396
5201,Pali,Chhattisgarh,India,0.454
5202,Kharagpur,Gujarat,India,0.138
5203,Amravati,Nagaland,India,0.335
5204,Thrissur,Manipur,India,0.143
5205,Rajahmundry,Chhattisgarh,India,0.301
5206,Machilipatnam,Arunachal Pradesh,India,0.381
5207,Bongaigaon,Tripura,India,0.288
5208,Guna,Tripura,India,0.436
5209,Mau,Mizoram,India,0.38
5210,Bahraich,Chhattisgarh,India,0.125
5211,Mangalore,Tripura,India,0.187
5212,Arrah,Assam,India,0.051
5213,Adoni,Himachal Pradesh,India,0.101
5214,Kavali,Odisha,India,0.538
5215,Gaya,Mizoram,India,0.588
5216,Begusarai,Assam,India,0.624
5217,Asansol,Karnataka,India,0.464
5218,Durg,Uttar Pradesh,India,0.225
5219,Pimpri-Chinchwad,Assam,India,0.381
5220,Nangloi Jat,Nagaland,India,0.11
5221,Yamunanagar,Maharashtra,India,0.078
5222,Gangtok,Nagaland,India,0.411
5223,Secunderabad,Maharashtra,India,0.294
5224,Sasaram,Jharkhand,India,0.23
5225,Raipur,Uttar Pradesh,India,0.455
5226,Shimoga,Chhattisgarh,India,0.387
5227,Sagar,Chhattisgarh,India,0.508
5228,Secunderabad,Odisha,India,0.329
5229,Bardhaman,Tamil Nadu,India,0.057
5230,Kavali,Assam,India,0.564
5231,Jodhpur,West Bengal,India,0.164
5232,Karimnagar,Nagaland,India,0.149
5233,Rourkela,Maharashtra,India,0.283
5234,Baranagar,Jharkhand,India,0.115
5235,Agra,Mizoram,India,0.277
5236,Phusro,Sikkim,India,0.563
5237,Shahjahanpur,Rajasthan,India,0.285
5238,Dibrugarh,Mizoram,India,0.366
5239,Kolhapur,Gujarat,India,0.401
5240,Deoghar,Kerala,India,0.035
5241,Muzaffarnagar,Punjab,India,0.502
5242,Miryalaguda,Nagaland,India,0.055
5243,Ongole,Himachal Pradesh,India,0.469
5244,Guwahati,Punjab,India,0.267
5245,Dibrugarh,Bihar,India,0.32
5246,Khammam,Meghalaya,India,0.509
5247,Dehradun,Himachal Pradesh,India,0.522
5248,Pune,Manipur,India,0.049
5249,Malda,Uttarakhand,India,0.24
5250,Chinsurah,Uttar Pradesh,India,0.18
5251,Bijapur,Goa,India,0.167
5252,Yamunanagar,Manipur,India,0.315
5253,Jabalpur,Gujarat,India,0.207
5254,Proddatur,Haryana,India,0.649
5255,Naihati,Himachal Pradesh,India,0.181
5256,Vellore,Tripura,India,0.419
5257,Howrah,Sikkim,India,0.359
5258,Kolhapur,Tamil Nadu,India,0.558
5259,Korba,Kerala,India,0.193
5260,Ludhiana,Manipur,India,0.053
5261,Berhampore,Himachal Pradesh,India,0.341
5262,Uluberia,Mizoram,India,0.366
5263,Alwar,West Bengal,India,0.496
5264,Ghaziabad,Madhya Pradesh,India,0.629
5265,Kota,Goa,India,0.135
5266,Bharatpur,Andhra Pradesh,India,0.164
5267,Shahjahanpur,Punjab,India,0.414
5268,Srinagar,Kerala,India,0.126
5269,Ludhiana,Manipur,India,0.381
5270,North Dumdum,Arunachal Pradesh,India,0.427
5271,Amroha,Madhya Pradesh,India,0.598
5272,Kolhapur,Punjab,India,0.332
5273,Sangli-Miraj & Kupwad,Odisha,India,0.525
5274,Vijayawada,Maharashtra,India,0.136
5275,Srikakulam,Rajasthan,India,0.157
5276,Alwar,Maharashtra,India,0.019
5277,Ajmer,Bihar,India,0.395
5278,Allahabad,Odisha,India,0.405
5279,Sikar,Meghalaya,India,0.464
5280,Mangalore,Arunachal Pradesh,India,0.144
5281,Ulhasnagar,Uttar Pradesh,India,0.098
5282,Kozhikode,Rajasthan,India,0.222
5283,Raipur,Bihar,India,0.539
5284,Phagwara,Arunachal Pradesh,India,0.653
5285,Bhimavaram,Goa,India,0.195
5286,Gandhinagar,Maharashtra,India,0.228
5287,Nagpur,Telangana,India,0.669
5288,Dharmavaram,West Bengal,India,0.078
5289,Sangli-Miraj & Kupwad,Mizoram,India,0.299
5290,Surendranagar Dudhrej,Jharkhand,India,0.506
5291,Noida,Manipur,India,0.4
5292,Bhusawal,Jharkhand,India,0.533
5293,Farrukhabad,Kerala,India,0.303
5294,Jalandhar,Nagaland,India,0.334
5295,Patna,Uttarakhand,India,0.359
5296,Jaunpur,Punjab,India,0.247
5297,Suryapet,Arunachal Pradesh,India,0.236
5298,Vijayawada,Chhattisgarh,India,0.228
5299,Siliguri,Assam,India,0.241
5300,Dharmavaram,Telangana,India,0.077
5301,Ballia,Mizoram,India,0.629
5302,Vijayanagaram,Assam,India,0.253
5303,Farrukhabad,Chhattisgarh,India,0.196
5304,Bokaro,Arunachal Pradesh,India,0.691
5305,Tiruvottiyur,Uttar Pradesh,India,0.261
5306,Begusarai,Chhattisgarh,India,0.449
5307,Khandwa,Assam,India,0.382
5308,Sonipat,Nagaland,India,0.319
5309,Anantapuram,Haryana,India,0.23
5310,Gurgaon,Tamil Nadu,India,0.145
5311,Delhi,Gujarat,India,0.542
5312,Saharsa,Jharkhand,India,0.158
5313,Ahmedabad,West Bengal,India,0.111
5314,Sagar,Jharkhand,India,0.13
5315,Berhampore,Bihar,India,0.16
5316,Bareilly,Nagaland,India,0.319
5317,Hospet,Assam,India,0.413
5318,Surendranagar Dudhrej,Uttarakhand,India,0.395
5319,Guwahati,Andhra Pradesh,India,0.48
5320,Kharagpur,Kerala,India,0.161
5321,Pallavaram,Chhattisgarh,India,0.303
5322,Nandyal,Odisha,India,0.212
5323,Karnal,Uttarakhand,India,0.317
5324,Tadepalligudem,Himachal Pradesh,India,0.115
5325,Ichalkaranji,Jharkhand,India,0.427
5326,Shahjahanpur,Mizoram,India,0.216
5327,Cuttack,Tamil Nadu,India,0.329
5328,Faridabad,Telangana,India,0.179
5329,Pune,Uttar Pradesh,India,0.049
5330,Nagercoil,Mizoram,India,0.05
5331,Hajipur,Uttarakhand,India,0.208
5332,Allahabad,Chhattisgarh,India,0.3
5333,Rajkot,Arunachal Pradesh,India,0.15
5334,South Dumdum,Jharkhand,India,0.215
5335,Nanded,Himachal Pradesh,India,0.301
5336,Arrah,Karnataka,India,0.286
5337,Rajpur Sonarpur,Bihar,India,0.163
5338,Coimbatore,Andhra Pradesh,India,0.729
5339,Salem,Madhya Pradesh,India,0.196
5340,Raebareli,Maharashtra,India,0.579
5341,Surendranagar Dudhrej,Arunachal Pradesh,India,0.353
5342,Shahjahanpur,Gujarat,India,0.092
5343,Raiganj,Bihar,India,0.057
5344,Tezpur,Gujarat,India,0.216
5345,Bhind,Goa,India,0.227
5346,Jehanabad,Rajasthan,India,0.273
5347,Gwalior,Meghalaya,India,0.312
5348,Madhyamgram,Maharashtra,India,0.513
5349,Nizamabad,Kerala,India,0.255
5350,Sultan Pur Majra,West Bengal,India,0.105
5351,Mira-Bhayandar,Punjab,India,0.174
5352,Indore,Gujarat,India,0.15
5353,Ballia,Manipur,India,0.328
5354,Mumbai,Assam,India,0.394
5355,Dindigul,Gujarat,India,0.326
5356,Bharatpur,Mizoram,India,0.258
5357,Dhanbad,Uttarakhand,India,0.322
5358,Kurnool,Himachal Pradesh,India,0.305
5359,Bilaspur,Punjab,India,0.273
5360,Bharatpur,Punjab,India,0.585
5361,Bidar,Assam,India,0.107
5362,Haridwar,Maharashtra,India,0.146
5363,Kharagpur,Madhya Pradesh,India,0.301
5364,Siliguri,Tripura,India,0.559
5365,Kalyan-Dombivli,Manipur,India,0.302
5366,Dindigul,Telangana,India,0.066
5367,Visakhapatnam,Sikkim,India,0.127
5368,Malda,Punjab,India,0.359
5369,Madhyamgram,Sikkim,India,0.493
5370,Dehri,Uttar Pradesh,India,0.228
5371,Avadi,Jharkhand,India,0.183
5372,Bongaigaon,Tamil Nadu,India,0.481
5373,Kurnool,Goa,India,0.095
5374,Thane,Andhra Pradesh,India,0.34
5375,Khammam,Punjab,India,0.087
5376,Secunderabad,Meghalaya,India,0.15
5377,Bhagalpur,Karnataka,India,0.14
5378,Ongole,West Bengal,India,0.054
5379,Hindupur,Meghalaya,India,0.241
5380,Ambattur,Assam,India,0.079
5381,Kolhapur,Tripura,India,0.429
5382,Jaipur,Madhya Pradesh,India,0.208
5383,Gangtok,Odisha,India,0.095
5384,Jalgaon,Rajasthan,India,0.224
5385,Ulhasnagar,Maharashtra,India,0.314
5386,Panipat,Kerala,India,0.441
5387,Nashik,Rajasthan,India,0.365
5388,Kishanganj,Chhattisgarh,India,0.447
5389,Berhampur,Gujarat,India,0.263
5390,Udupi,Sikkim,India,0.203
5391,Bhavnagar,Manipur,India,0.282
5392,Mira-Bhayandar,Goa,India,0.181
5393,Bhimavaram,Tripura,India,0.513
5394,Rewa,Odisha,India,0.314
5395,Alappuzha,Sikkim,India,0.241
5396,Sambhal,Gujarat,India,0.243
5397,Allahabad,Himachal Pradesh,India,0.078
5398,Siwan,Telangana,India,0.157
5399,Jalandhar,Telangana,India,0.73
5400,Shivpuri,Meghalaya,India,0.38
5401,Sagar,Rajasthan,India,0.332
5402,Jalandhar,Karnataka,India,0.186
5403,Darbhanga,Karnataka,India,0.423
5404,Karawal Nagar,Madhya Pradesh,India,0.585
5405,Gandhinagar,Meghalaya,India,0.302
5406,Kolkata,Nagaland,India,0.404
5407,Coimbatore,Haryana,India,0.624
5408,Dehri,Himachal Pradesh,India,0.097
5409,Muzaffarpur,Sikkim,India,0.278
5410,Dibrugarh,Mizoram,India,0.175
5411,Hubli–Dharwad,Manipur,India,0.211
5412,Bhubaneswar,Karnataka,India,0.318
5413,Pimpri-Chinchwad,Maharashtra,India,0.439
5414,Katihar,Rajasthan,India,0.196
5415,Anand,Arunachal Pradesh,India,0.14
5416,Mangalore,Arunachal Pradesh,India,0.337
5417,Amravati,West Bengal,India,0.255
5418,Khora ,Gujarat,India,0.27
5419,Anand,Meghalaya,India,0.322
5420,Howrah,Uttar Pradesh,India,0.665
5421,Jammu,Nagaland,India,0.423
5422,Hindupur,Goa,India,0.676
5423,Anand,Manipur,India,0.336
5424,Jabalpur,Odisha,India,0.438
5425,Chennai,Nagaland,India,0.243
5426,Bhubaneswar,Goa,India,0.212
5427,Nagpur,Punjab,India,0.201
5428,Morena,Punjab,India,0.125
5429,Tirupati,Arunachal Pradesh,India,0.324
5430,Phagwara,Nagaland,India,0.484
5431,Satara,Meghalaya,India,0.762
5432,Ujjain,Bihar,India,0.398
5433,Raiganj,Haryana,India,0.295
5434,Mira-Bhayandar,Chhattisgarh,India,0.135
5435,Ludhiana,Kerala,India,0.131
5436,Bidhannagar,Himachal Pradesh,India,0.374
5437,Allahabad,Arunachal Pradesh,India,0.526
5438,Kavali,Gujarat,India,0.456
5439,Ghaziabad,Gujarat,India,0.379
5440,Baranagar,Maharashtra,India,0.548
5441,Ambarnath,Karnataka,India,0.265
5442,Ranchi,Haryana,India,0.274
5443,Kanpur,Maharashtra,India,0.251
5444,Ballia,Uttar Pradesh,India,0.433
5445,Tezpur,Tamil Nadu,India,0.509
5446,Kalyan-Dombivli,Jharkhand,India,0.296
5447,Raichur,Mizoram,India,0.161
5448,Udupi,Uttarakhand,India,0.072
5449,Karimnagar,Mizoram,India,0.461
5450,Burhanpur,Madhya Pradesh,India,0.175
5451,Ranchi,Madhya Pradesh,India,0.38
5452,Bidhannagar,Tripura,India,0.18
5453,Avadi,Madhya Pradesh,India,0.383
5454,Arrah,Meghalaya,India,0.081
5455,Gorakhpur,Tripura,India,0.427
5456,Jaipur,Madhya Pradesh,India,0.413
5457,Saharsa,Manipur,India,0.353
5458,Eluru,Arunachal Pradesh,India,0.188
5459,Mehsana,Goa,India,0.386
5460,Tiruchirappalli,Goa,India,0.356
5461,Khammam,Uttarakhand,India,0.159
5462,Madurai,Goa,India,0.185
5463,Farrukhabad,Bihar,India,0.156
5464,Parbhani,Manipur,India,0.476
5465,Naihati,Punjab,India,0.468
5466,North Dumdum,Tripura,India,0.227
5467,Jamshedpur,Assam,India,0.175
5468,Burhanpur,Meghalaya,India,0.454
5469,Guna,Goa,India,0.375
5470,Kakinada,Kerala,India,0.16
5471,Muzaffarpur,Odisha,India,0.271
5472,Ichalkaranji,Jharkhand,India,0.189
5473,Sri Ganganagar,Goa,India,0.092
5474,Jaipur,Punjab,India,0.34
5475,Eluru,Andhra Pradesh,India,0.369
5476,Serampore,Manipur,India,0.444
5477,Tiruvottiyur,Manipur,India,0.424
5478,Gandhinagar,Sikkim,India,0.078
5479,Shimla,Madhya Pradesh,India,0.038
5480,Gandhinagar,Manipur,India,0.182
5481,Anand,Bihar,India,0.338
5482,Danapur,Himachal Pradesh,India,0.749
5483,Rourkela,Goa,India,0.518
5484,Mumbai,Sikkim,India,0.226
5485,Latur,Arunachal Pradesh,India,0.698
5486,Sagar,Odisha,India,0.041
5487,Jorhat,Karnataka,India,0.578
5488,Jamalpur,Himachal Pradesh,India,0.362
5489,Chandrapur,Assam,India,0.469
5490,Panipat,Goa,India,0.213
5491,Haldia,Tamil Nadu,India,0.275
5492,Pallavaram,Sikkim,India,0.393
5493,Dehradun,Chhattisgarh,India,0.146
5494,Mirzapur,Kerala,India,0.484
5495,Nangloi Jat,Goa,India,0.51
5496,Nandyal,Rajasthan,India,0.176
5497,Ratlam,Nagaland,India,0.462
5498,Pali,Gujarat,India,0.345
5499,Sangli-Miraj & Kupwad,Telangana,India,0.13
5500,Malda,Meghalaya,India,0.423
5501,Guntakal,Haryana,India,0.324
5502,Tumkur,Assam,India,0.551
5503,Jaunpur,Sikkim,India,0.656
5504,Anantapur,Karnataka,India,0.509
5505,Raurkela Industrial Township,Telangana,India,0.124
5506,Guntur,Haryana,India,0.5
5507,Srinagar,Maharashtra,India,0.261
5508,Panvel,Uttar Pradesh,India,0.448
5509,Nadiad,Mizoram,India,0.027
5510,Silchar,Uttar Pradesh,India,0.278
5511,Saharsa,Haryana,India,0.499
5512,Kishanganj,Uttarakhand,India,0.278
5513,Varanasi,Sikkim,India,0.155
5514,Tirunelveli,Maharashtra,India,0.167
5515,Rajkot,Odisha,India,0.421
5516,Serampore,West Bengal,India,0.109
5517,Maheshtala,Haryana,India,0.3
5518,Chinsurah,Tripura,India,0.206
5519,Aurangabad,Nagaland,India,0.509
5520,Ambala,Maharashtra,India,0.161
5521,Coimbatore,Chhattisgarh,India,0.173
5522,Medininagar,Goa,India,0.178
5523,Jaipur,Punjab,India,0.507
5524,Yamunanagar,Tamil Nadu,India,0.355
5525,Dibrugarh,Chhattisgarh,India,0.646
5526,Gurgaon,Haryana,India,0.265
5527,Durg,West Bengal,India,0.738
5528,Bangalore,Odisha,India,0.204
5529,Raiganj,Meghalaya,India,0.482
5530,Fatehpur,Manipur,India,0.491
5531,Adoni,Gujarat,India,0.454
5532,Jaipur,Assam,India,0.391
5533,Udupi,Telangana,India,0.223
5534,Khammam,Andhra Pradesh,India,0.129
5535,Gulbarga,Manipur,India,0.107
5536,Thane,Haryana,India,0.046
5537,Aurangabad,Bihar,India,0.378
5538,Pondicherry,Kerala,India,0.295
5539,Guntur,Maharashtra,India,0.282
5540,Bhiwandi,West Bengal,India,0.208
5541,Kamarhati,Punjab,India,0.082
5542,Phagwara,Tripura,India,0.111
5543,Agra,Bihar,India,0.217
5544,Bhimavaram,Punjab,India,0.429
5545,Durg,Telangana,India,0.156
5546,Varanasi,Andhra Pradesh,India,0.266
5547,Bhalswa Jahangir Pur,Uttarakhand,India,0.181
5548,Ozhukarai,Jharkhand,India,0.545
5549,Ranchi,Punjab,India,0.193
5550,Mathura,Himachal Pradesh,India,0.234
5551,Solapur,Tripura,India,0.536
5552,Ramagundam,Maharashtra,India,0.22
5553,Berhampur,Karnataka,India,0.167
5554,Erode,Meghalaya,India,0.351
5555,Bahraich,Bihar,India,0.29
5556,Udaipur,Manipur,India,0.083
5557,Bhusawal,Punjab,India,0.102
5558,Rohtak,Punjab,India,0.151
5559,Bahraich,Madhya Pradesh,India,0.55
5560,Munger,Arunachal Pradesh,India,0.096
5561,Bally,Meghalaya,India,0.161
5562,Warangal,Andhra Pradesh,India,0.132
5563,Gangtok,Andhra Pradesh,India,0.455
5564,Tirunelveli,Maharashtra,India,0.244
5565,Danapur,Telangana,India,0.127
5566,Surat,Sikkim,India,0.087
5567,Vadodara,Kerala,India,0.258
5568,Belgaum,Punjab,India,0.193
5569,Mangalore,Madhya Pradesh,India,0.53
5570,Chandrapur,Nagaland,India,0.296
5571,Raichur,Manipur,India,0.27
5572,Mathura,Chhattisgarh,India,0.122
5573,Delhi,Sikkim,India,0.106
5574,Ratlam,Maharashtra,India,0.147
5575,Barasat,Manipur,India,0.061
5576,Kakinada,Andhra Pradesh,India,0.216
5577,Gangtok,Meghalaya,India,0.294
5578,Hubli–Dharwad,Karnataka,India,0.168
5579,Munger,Jharkhand,India,0.106
5580,Eluru,Kerala,India,0.217
5581,Pimpri-Chinchwad,Punjab,India,0.139
5582,Ramgarh,Odisha,India,0.065
5583,Vellore,Telangana,India,0.312
5584,Dewas,Arunachal Pradesh,India,0.259
5585,Bhavnagar,Arunachal Pradesh,India,0.398
5586,Berhampore,Tamil Nadu,India,0.169
5587,Ramgarh,Punjab,India,0.06
5588,Rourkela,Uttarakhand,India,0.318
5589,Amroha,Tamil Nadu,India,0.543
5590,Phusro,Himachal Pradesh,India,0.213
5591,Jammu,Gujarat,India,0.014
5592,Agra,Madhya Pradesh,India,0.189
5593,Shahjahanpur,Himachal Pradesh,India,0.389
5594,Coimbatore,Gujarat,India,0.335
5595,Bidar,Tripura,India,0.358
5596,Panipat,Assam,India,0.097
5597,Tirunelveli,Rajasthan,India,0.202
5598,Sultan Pur Majra,West Bengal,India,0.09
5599,Hospet,Tamil Nadu,India,0.141
5600,Phusro,Punjab,India,0.018
5601,Gwalior,Haryana,India,0.194
5602,Varanasi,Uttarakhand,India,0.364
5603,Khammam,Chhattisgarh,India,0.218
5604,Sultan Pur Majra,Uttarakhand,India,0.052
5605,Sonipat,Sikkim,India,0.407
5606,Tumkur,Meghalaya,India,0.211
5607,Nagercoil,Meghalaya,India,0.08
5608,Meerut,Mizoram,India,0.32
5609,Bhubaneswar,Punjab,India,0.193
5610,Barasat,Maharashtra,India,0.26
5611,Sambhal,Tamil Nadu,India,0.07
5612,Pali,Bihar,India,0.233
5613,Naihati,Tripura,India,0.11
5614,Barasat,Madhya Pradesh,India,0.071
5615,Gandhidham,Tamil Nadu,India,0.261
5616,Ramagundam,Kerala,India,0.157
5617,Raipur,Kerala,India,0.047
5618,Durgapur,Arunachal Pradesh,India,0.145
5619,Bareilly,Bihar,India,0.245
5620,Tiruvottiyur,Mizoram,India,0.256
5621,Morena,Punjab,India,0.41
5622,Gudivada,Goa,India,0.136
5623,Panihati,Himachal Pradesh,India,0.252
5624,Miryalaguda,Maharashtra,India,0.115
5625,Panvel,Meghalaya,India,0.292
5626,Adoni,Arunachal Pradesh,India,0.21
5627,Tenali,Uttar Pradesh,India,0.141
5628,Haridwar,Meghalaya,India,0.036
5629,Kollam,Gujarat,India,0.267
5630,Amaravati,West Bengal,India,0.331
5631,Durgapur,Bihar,India,0.287
5632,Agartala,Himachal Pradesh,India,0.405
5633,Raiganj,Himachal Pradesh,India,0.449
5634,Bhilwara,Tripura,India,0.428
5635,Raebareli,Arunachal Pradesh,India,0.168
5636,Latur,Punjab,India,0.399
5637,Chennai,Arunachal Pradesh,India,0.605
5638,Madhyamgram,Tamil Nadu,India,0.328
5639,Pudukkottai,Goa,India,0.181
5640,Siliguri,Meghalaya,India,0.337
5641,Ongole,Manipur,India,0.252
5642,Tumkur,Uttar Pradesh,India,0.427
5643,Singrauli,Chhattisgarh,India,0.218
5644,Ambala,Tamil Nadu,India,0.413
5645,Karawal Nagar,Bihar,India,0.175
5646,Rewa,Gujarat,India,0.409
5647,Malegaon,Gujarat,India,0.224
5648,Gurgaon,Manipur,India,0.278
5649,Bhopal,Tripura,India,0.129
5650,Hyderabad,Tripura,India,0.312
5651,Aizawl,Mizoram,India,0.29
5652,Aurangabad,Madhya Pradesh,India,0.273
5653,Anantapuram,Punjab,India,0.35
5654,Cuttack,Chhattisgarh,India,0.079
5655,Malda,Uttar Pradesh,India,0.36
5656,Machilipatnam,Tamil Nadu,India,0.376
5657,Bhopal,Meghalaya,India,0.047
5658,Nellore,Maharashtra,India,0.465
5659,Guntur,Jharkhand,India,0.096
5660,Tiruppur,Tamil Nadu,India,0.152
5661,Kurnool,Assam,India,0.281
5662,Nellore,Arunachal Pradesh,India,0.369
5663,Nellore,Manipur,India,0.393
5664,Allahabad,Telangana,India,0.563
5665,Pallavaram,Chhattisgarh,India,0.425
5666,Ujjain,Sikkim,India,0.323
5667,Panvel,Tamil Nadu,India,0.143
5668,Vijayawada,Bihar,India,0.072
5669,Kanpur,Karnataka,India,0.473
5670,Dharmavaram,Gujarat,India,0.299
5671,Latur,Andhra Pradesh,India,0.292
5672,Giridih,Jharkhand,India,0.505
5673,Deoghar,Himachal Pradesh,India,0.175
5674,Raebareli,Punjab,India,0.322
5675,Shimla,Uttar Pradesh,India,0.302
5676,Buxar,Goa,India,0.048
5677,Kharagpur,Himachal Pradesh,India,0.116
5678,Sambhal,Maharashtra,India,0.137
5679,Guna,Assam,India,0.521
5680,Kavali,Uttar Pradesh,India,0.127
5681,Shahjahanpur,Meghalaya,India,0.342
5682,Vijayanagaram,Mizoram,India,0.141
5683,Tadipatri,Telangana,India,0.353
5684,Tiruchirappalli,Manipur,India,0.281
5685,Salem,Kerala,India,0.146
5686,Panipat,Karnataka,India,0.232
5687,Sasaram,Nagaland,India,0.017
5688,Parbhani,Nagaland,India,0.435
5689,Kulti,Kerala,India,0.1
5690,Patna,Kerala,India,0.361
5691,Nagpur,Haryana,India,0.408
5692,Dhanbad,Assam,India,0.289
5693,Bathinda,Karnataka,India,0.57
5694,Ratlam,Uttar Pradesh,India,0.137
5695,Ongole,Andhra Pradesh,India,0.125
5696,Mira-Bhayandar,Tripura,India,0.11
5697,Bareilly,Madhya Pradesh,India,0.407
5698,Hazaribagh,Gujarat,India,0.374
5699,Lucknow,Telangana,India,0.213
5700,Jalandhar,Tamil Nadu,India,0.27
5701,Panvel,Andhra Pradesh,India,0.229
5702,Sonipat,Goa,India,0.203
5703,Panipat,Gujarat,India,0.055
5704,Tadipatri,Mizoram,India,0.156
5705,Ludhiana,Arunachal Pradesh,India,0.313
5706,Udaipur,Uttar Pradesh,India,0.231
5707,Chapra,Assam,India,0.625
5708,Purnia,Himachal Pradesh,India,0.564
5709,Karimnagar,Himachal Pradesh,India,0.455
5710,Siliguri,Gujarat,India,0.292
5711,Bangalore,Meghalaya,India,0.185
5712,Dhule,Odisha,India,0.08
5713,Aligarh,Chhattisgarh,India,0.856
5714,Tiruchirappalli,Bihar,India,0.472
5715,Gandhinagar,Goa,India,0.169
5716,Bathinda,Kerala,India,0.301
5717,Guwahati,Assam,India,0.38
5718,Chandigarh,Telangana,India,0.378
5719,Karawal Nagar,Karnataka,India,0.429
5720,Muzaffarnagar,Tripura,India,0.079
5721,Gandhidham,Karnataka,India,0.515
5722,Kollam,Chhattisgarh,India,0.133
5723,Raichur,Punjab,India,0.226
5724,Naihati,Telangana,India,0.31
5725,Bhilai,Sikkim,India,0.051
5726,Karimnagar,Tripura,India,0.33
5727,Yamunanagar,Madhya Pradesh,India,0.206
5728,Bhind,Haryana,India,0.318
5729,Bhavnagar,Goa,India,0.091
5730,Rajkot,Uttarakhand,India,0.118
5731,Panihati,Odisha,India,0.219
5732,Hyderabad,Rajasthan,India,0.143
5733,Etawah,Gujarat,India,0.306
5734,Tadepalligudem,Punjab,India,0.16
5735,Madurai,Andhra Pradesh,India,0.165
5736,Surendranagar Dudhrej,Madhya Pradesh,India,0.401
5737,Anantapur,Assam,India,0.172
5738,Pimpri-Chinchwad,Tripura,India,0.369
5739,Ramgarh,Uttar Pradesh,India,0.525
5740,Nandyal,Meghalaya,India,0.224
5741,Singrauli,Maharashtra,India,0.221
5742,Jodhpur,Arunachal Pradesh,India,0.135
5743,Motihari,Mizoram,India,0.426
5744,Serampore,Karnataka,India,0.254
5745,Akola,Karnataka,India,0.235
5746,Raichur,Nagaland,India,0.623
5747,Panvel,Himachal Pradesh,India,0.196
5748,Burhanpur,Manipur,India,0.326
5749,Kishanganj,Bihar,India,0.498
5750,Udaipur,West Bengal,India,0.361
5751,Bettiah,Bihar,India,0.353
5752,Pali,Telangana,India,0.162
5753,Tumkur,Maharashtra,India,0.463
5754,Alappuzha,Chhattisgarh,India,0.757
5755,Dharmavaram,Tripura,India,0.363
5756,South Dumdum,Tripura,India,0.201
5757,Karimnagar,Meghalaya,India,0.209
5758,Akola,Haryana,India,0.092
5759,Kumbakonam,Jharkhand,India,0.21
5760,Bharatpur,Maharashtra,India,0.255
5761,Jodhpur,Telangana,India,0.087
5762,Bihar Sharif,Madhya Pradesh,India,0.126
5763,Dehradun,Arunachal Pradesh,India,0.129
5764,Bellary,Madhya Pradesh,India,0.195
5765,Pondicherry,Mizoram,India,0.219
5766,Mau,Madhya Pradesh,India,0.026
5767,Madanapalle,Karnataka,India,0.077
5768,Saharanpur,West Bengal,India,0.115
5769,Jalandhar,Tamil Nadu,India,0.245
5770,Proddatur,Kerala,India,0.092
5771,Bhilai,West Bengal,India,0.214
5772,Mira-Bhayandar,Madhya Pradesh,India,0.09
5773,Vijayanagaram,Tamil Nadu,India,0.075
5774,Korba,Gujarat,India,0.392
5775,Anantapur,Himachal Pradesh,India,0.208
5776,Panihati,Uttarakhand,India,0.44
5777,Farrukhabad,Himachal Pradesh,India,0.263
5778,Munger,Nagaland,India,0.133
5779,Naihati,Meghalaya,India,0.449
5780,Mirzapur,Arunachal Pradesh,India,0.132
5781,Thrissur,Odisha,India,0.353
5782,Bhatpara,Meghalaya,India,0.355
5783,Aizawl,Gujarat,India,0.125
5784,Jhansi,Tripura,India,0.628
5785,Sangli-Miraj & Kupwad,Assam,India,0.254
5786,Ambattur,Haryana,India,0.095
5787,Giridih,Haryana,India,0.421
5788,Mirzapur,Arunachal Pradesh,India,0.384
5789,Tinsukia,Sikkim,India,0.362
5790,Delhi,West Bengal,India,0.433
5791,Bathinda,Gujarat,India,0.216
5792,Bahraich,Bihar,India,0.072
5793,Firozabad,Goa,India,0.219
5794,Surendranagar Dudhrej,Assam,India,0.272
5795,Pune,Arunachal Pradesh,India,0.226
5796,Panipat,Madhya Pradesh,India,0.087
5797,Thanjavur,Manipur,India,0.189
5798,Bhatpara,Madhya Pradesh,India,0.28
5799,Hajipur,Tripura,India,0.276
5800,Howrah,Assam,India,0.296
5801,Panchkula,Himachal Pradesh,India,0.073
5802,Cuttack,Odisha,India,0.585
5803,Etawah,Mizoram,India,0.058
5804,Surendranagar Dudhrej,Arunachal Pradesh,India,0.146
5805,Yamunanagar,Himachal Pradesh,India,0.109
5806,Dehradun,Goa,India,0.302
5807,Morbi,Andhra Pradesh,India,0.021
5808,Thrissur,Mizoram,India,0.254
5809,Kadapa,Odisha,India,0.508
5810,Vasai-Virar,Assam,India,0.5
5811,Bhilai,West Bengal,India,0.126
5812,Akola,Sikkim,India,0.424
5813,Udaipur,Arunachal Pradesh,India,0.271
5814,Dewas,Rajasthan,India,0.375
5815,Malegaon,Jharkhand,India,0.539
5816,Suryapet,West Bengal,India,0.17
5817,Noida,Gujarat,India,0.35
5818,Jalgaon,Maharashtra,India,0.204
5819,Tadipatri,Tripura,India,0.104
5820,Nagaon,Assam,India,0.462
5821,Madhyamgram,Nagaland,India,0.343
5822,Tenali,Uttarakhand,India,0.075
5823,Jhansi,Meghalaya,India,0.683
5824,Saharanpur,Maharashtra,India,0.2
5825,Jalgaon,Tamil Nadu,India,0.26
5826,Bihar Sharif,Goa,India,0.465
5827,Kochi,Haryana,India,0.399
5828,Bareilly,Gujarat,India,0.455
5829,Muzaffarnagar,Tamil Nadu,India,0.185
5830,Haridwar,Uttar Pradesh,India,0.496
5831,Kollam,Mizoram,India,0.072
5832,Moradabad,Himachal Pradesh,India,0.51
5833,Kozhikode,West Bengal,India,0.323
5834,Jamalpur,Tripura,India,0.208
5835,Tinsukia,Arunachal Pradesh,India,0.603
5836,Miryalaguda,Tamil Nadu,India,0.44
5837,Buxar,Mizoram,India,0.457
5838,Vijayawada,Sikkim,India,0.249
5839,Hyderabad,Maharashtra,India,0.292
5840,Patiala,Chhattisgarh,India,0.245
5841,Rajkot,Meghalaya,India,0.072
5842,Noida,Rajasthan,India,0.024
5843,Bhatpara,Meghalaya,India,0.25
5844,Solapur,Maharashtra,India,0.189
5845,Dibrugarh,Himachal Pradesh,India,0.139
5846,Saharanpur,Andhra Pradesh,India,0.083
5847,Alwar,Punjab,India,0.276
5848,Karnal,Jharkhand,India,0.211
5849,Madanapalle,Tripura,India,0.449
5850,Howrah,Tamil Nadu,India,0.069
5851,Aurangabad,West Bengal,India,0.588
5852,Visakhapatnam,Goa,India,0.276
5853,Tinsukia,Kerala,India,0.121
5854,Purnia,Gujarat,India,0.4
5855,Karnal,Andhra Pradesh,India,0.282
5856,Junagadh,Telangana,India,0.097
5857,Rampur,Uttar Pradesh,India,0.379
5858,Bhusawal,Andhra Pradesh,India,0.287
5859,Gudivada,Goa,India,0.389
5860,Erode,Maharashtra,India,0.601
5861,Kishanganj,Gujarat,India,0.062
5862,Khora ,Bihar,India,0.579
5863,Hubli–Dharwad,Telangana,India,0.297
5864,Kirari Suleman Nagar,Chhattisgarh,India,0.428
5865,Siliguri,Manipur,India,0.234
5866,Raiganj,Rajasthan,India,0.16
5867,Katni,Uttarakhand,India,0.08
5868,Chandigarh,Gujarat,India,0.434
5869,Ramgarh,Gujarat,India,0.359
5870,Muzaffarpur,Karnataka,India,0.444
5871,Adoni,Uttar Pradesh,India,0.402
5872,Khammam,Madhya Pradesh,India,0.196
5873,Hubli–Dharwad,Manipur,India,0.265
5874,Bhilwara,Tamil Nadu,India,0.322
5875,Ulhasnagar,Tamil Nadu,India,0.333
5876,Aligarh,Haryana,India,0.193
5877,Vasai-Virar,Nagaland,India,0.159
5878,Jehanabad,Manipur,India,0.127
5879,Sambalpur,Mizoram,India,0.429
5880,Panihati,Assam,India,0.409
5881,Kolhapur,Rajasthan,India,0.103
5882,Durgapur,Rajasthan,India,0.336
5883,Kolhapur,Kerala,India,0.256
5884,Sirsa,Gujarat,India,0.564
5885,Danapur,Tripura,India,0.086
5886,Kanpur,Assam,India,0.115
5887,Morbi,Uttarakhand,India,0.176
5888,Gorakhpur,Himachal Pradesh,India,0.428
5889,Muzaffarpur,Manipur,India,0.137
5890,Ujjain,Jharkhand,India,0.576
5891,Karimnagar,Goa,India,0.401
5892,Bokaro,Arunachal Pradesh,India,0.329
5893,Jhansi,Gujarat,India,0.288
5894,Pondicherry,Uttar Pradesh,India,0.173
5895,Raiganj,Goa,India,0.495
5896,Surat,Andhra Pradesh,India,0.074
5897,Unnao,Jharkhand,India,0.165
5898,Jhansi,Goa,India,0.459
5899,Vadodara,Telangana,India,0.134
5900,Delhi,Haryana,India,0.052
5901,Hubli–Dharwad,West Bengal,India,0.463
5902,North Dumdum,Gujarat,India,0.355
5903,North Dumdum,Odisha,India,0.221
5904,Thane,Assam,India,0.233
5905,Amravati,Meghalaya,India,0.437
5906,Loni,Punjab,India,0.139
5907,Sambhal,Meghalaya,India,0.081
5908,Thiruvananthapuram,Punjab,India,0.33
5909,Visakhapatnam,Mizoram,India,0.295
5910,Tirupati,Assam,India,0.287
5911,Nagaon,Andhra Pradesh,India,0.543
5912,Bokaro,Uttar Pradesh,India,0.542
5913,Burhanpur,Odisha,India,0.509
5914,Visakhapatnam,Andhra Pradesh,India,0.38
5915,Pali,Manipur,India,0.359
5916,Raurkela Industrial Township,Andhra Pradesh,India,0.108
5917,Jamalpur,Tamil Nadu,India,0.168
5918,Ludhiana,Sikkim,India,0.396
5919,Kozhikode,Manipur,India,0.302
5920,Ulhasnagar,Jharkhand,India,0.395
5921,Nagaon,Rajasthan,India,0.291
5922,Pudukkottai,Manipur,India,0.459
5923,Bhusawal,Tamil Nadu,India,0.269
5924,Parbhani,Chhattisgarh,India,0.135
5925,Aizawl,Chhattisgarh,India,0.138
5926,Loni,Odisha,India,0.362
5927,Indore,Meghalaya,India,0.099
5928,Gorakhpur,Assam,India,0.326
5929,Mirzapur,Assam,India,0.358
5930,Mathura,Kerala,India,0.362
5931,Udupi,Arunachal Pradesh,India,0.038
5932,Madhyamgram,Arunachal Pradesh,India,0.23
5933,Serampore,Chhattisgarh,India,0.143
5934,Kumbakonam,Sikkim,India,0.208
5935,Bhubaneswar,Gujarat,India,0.269
5936,Solapur,Meghalaya,India,0.095
5937,Khammam,Andhra Pradesh,India,0.411
5938,Phagwara,Jharkhand,India,0.267
5939,Ramagundam,Uttarakhand,India,0.402
5940,Kadapa,Assam,India,0.242
5941,Agra,Bihar,India,0.233
5942,Nanded,Uttar Pradesh,India,0.166
5943,Ozhukarai,Andhra Pradesh,India,0.15
5944,Phagwara,Uttar Pradesh,India,0.292
5945,Dhule,Tamil Nadu,India,0.329
5946,Srinagar,Arunachal Pradesh,India,0.445
5947,Ratlam,Uttar Pradesh,India,0.225
5948,Thoothukudi,Telangana,India,0.374
5949,Gopalpur,Gujarat,India,0.131
5950,New Delhi,Telangana,India,0.081
5951,Jamnagar,Nagaland,India,0.176
5952,Patna,Uttar Pradesh,India,0.285
5953,Baranagar,Manipur,India,0.526
5954,Bellary,Kerala,India,0.323
5955,Pali,Nagaland,India,0.308
5956,Raichur,Bihar,India,0.419
5957,Bathinda,Uttar Pradesh,India,0.659
5958,Noida,Madhya Pradesh,India,0.162
5959,Bhusawal,Himachal Pradesh,India,0.149
5960,Siwan,Kerala,India,0.136
5961,Chandrapur,Jharkhand,India,0.22
5962,Kottayam,Meghalaya,India,0.023
5963,Howrah,Uttarakhand,India,0.214
5964,Ambarnath,Nagaland,India,0.132
5965,Satara,Chhattisgarh,India,0.309
5966,Bhubaneswar,Goa,India,0.077
5967,Anantapuram,West Bengal,India,0.609
5968,Indore,Sikkim,India,0.326
5969,Nagaon,Tripura,India,0.076
5970,Motihari,Himachal Pradesh,India,0.546
5971,Mehsana,Nagaland,India,0.177
5972,Anand,Jharkhand,India,0.527
5973,Tenali,Punjab,India,0.301
5974,Gopalpur,Goa,India,0.274
5975,Bahraich,Haryana,India,0.13
5976,Secunderabad,Nagaland,India,0.292
5977,Ajmer,Arunachal Pradesh,India,0.155
5978,Raiganj,Meghalaya,India,0.133
5979,Medininagar,Uttar Pradesh,India,0.431
5980,Solapur,Jharkhand,India,0.472
5981,Dehradun,Uttar Pradesh,India,0.228
5982,Kolhapur,Mizoram,India,0.016
5983,Rajpur Sonarpur,Goa,India,0.175
5984,Guntakal,Chhattisgarh,India,0.194
5985,Srinagar,Telangana,India,0.18
5986,Giridih,Himachal Pradesh,India,0.062
5987,Dibrugarh,Kerala,India,0.424
5988,Gudivada,West Bengal,India,0.259
5989,Berhampur,Bihar,India,0.158
5990,Ratlam,Chhattisgarh,India,0.095
5991,Yamunanagar,Karnataka,India,0.102
5992,Jaipur,Rajasthan,India,0.145
5993,Jalgaon,Haryana,India,0.073
5994,Motihari,West Bengal,India,0.163
5995,Maheshtala,Andhra Pradesh,India,0.046
5996,Bally,Odisha,India,0.799
5997,Akola,Nagaland,India,0.159
5998,Hosur,Uttar Pradesh,India,0.274
5999,Mangalore,Meghalaya,India,0.245
6000,Buxar,Andhra Pradesh,India,0.446
6001,Bhiwandi,Nagaland,India,0.051
6002,Junagadh,Odisha,India,0.23
6003,Maheshtala,Tamil Nadu,India,0.136
6004,Hubli–Dharwad,Kerala,India,0.385
6005,Chandrapur,Odisha,India,0.292
6006,Sonipat,West Bengal,India,0.135
6007,Dharmavaram,Himachal Pradesh,India,0.46
6008,Khandwa,Gujarat,India,0.268
6009,Tumkur,Maharashtra,India,0.495
6010,Jalandhar,Madhya Pradesh,India,0.172
6011,Panihati,Himachal Pradesh,India,0.102
6012,Panvel,Mizoram,India,0.288
6013,Tiruvottiyur,Gujarat,India,0.377
6014,Davanagere,Uttar Pradesh,India,0.189
6015,Kurnool,Goa,India,0.055
6016,Cuttack,Goa,India,0.159
6017,Khammam,Arunachal Pradesh,India,0.199
6018,Ludhiana,Assam,India,0.074
6019,Allahabad,Kerala,India,0.062
6020,Anantapuram,Mizoram,India,0.295
6021,Bhilai,Haryana,India,0.37
6022,Ajmer,Nagaland,India,0.367
6023,Bareilly,Sikkim,India,0.03
6024,Tenali,Himachal Pradesh,India,0.342
6025,Siwan,Sikkim,India,0.016
6026,Udaipur,Haryana,India,0.504
6027,Shahjahanpur,Telangana,India,0.12
6028,Miryalaguda,Manipur,India,0.401
6029,Katihar,Sikkim,India,0.436
6030,Rewa,Madhya Pradesh,India,0.463
6031,Jalgaon,Jharkhand,India,0.266
6032,Karimnagar,Assam,India,0.342
6033,Rajpur Sonarpur,Uttarakhand,India,0.287
6034,Korba,Gujarat,India,0.304
6035,Pali,Meghalaya,India,0.616
6036,Madanapalle,Bihar,India,0.197
6037,Pallavaram,Telangana,India,0.184
6038,Ambarnath,Chhattisgarh,India,0.187
6039,Katihar,Meghalaya,India,0.113
6040,Motihari,Chhattisgarh,India,0.246
6041,Nizamabad,Manipur,India,0.626
6042,Anantapur,Assam,India,0.244
6043,Agra,Sikkim,India,0.39
6044,Buxar,Chhattisgarh,India,0.405
6045,Karaikudi,Kerala,India,0.435
6046,Pune,Tamil Nadu,India,0.466
6047,Kakinada,Himachal Pradesh,India,0.161
6048,Howrah,Assam,India,0.042
6049,Ujjain,Nagaland,India,0.077
6050,Parbhani,Assam,India,0.038
6051,Ramagundam,Rajasthan,India,0.523
6052,Moradabad,Maharashtra,India,0.112
6053,Patiala,Himachal Pradesh,India,0.544
6054,Kalyan-Dombivli,Assam,India,0.157
6055,Kharagpur,Madhya Pradesh,India,0.199
6056,Madhyamgram,Punjab,India,0.02
6057,Karnal,Karnataka,India,0.245
6058,Phagwara,Tamil Nadu,India,0.039
6059,Aizawl,Gujarat,India,0.326
6060,Madhyamgram,Rajasthan,India,0.347
6061,Ajmer,Meghalaya,India,0.394
6062,Hyderabad,Maharashtra,India,0.313
6063,Rohtak,Sikkim,India,0.245
6064,Sambhal,Haryana,India,0.18
6065,Latur,Tripura,India,0.488
6066,Nagpur,Andhra Pradesh,India,0.256
6067,Ranchi,Punjab,India,0.606
6068,Chandrapur,Maharashtra,India,0.115
6069,Panihati,Karnataka,India,0.023
6070,Deoghar,Andhra Pradesh,India,0.143
6071,Panchkula,Punjab,India,0.286
6072,Bhusawal,Manipur,India,0.155
6073,Mau,Uttar Pradesh,India,0.405
6074,Hospet,Mizoram,India,0.386
6075,Bilaspur,Rajasthan,India,0.427
6076,Jalandhar,West Bengal,India,0.209
6077,Bhiwandi,Meghalaya,India,0.447
6078,Amaravati,Jharkhand,India,0.302
6079,Arrah,Chhattisgarh,India,0.567
6080,Chittoor,Punjab,India,0.164
6081,Satna,Sikkim,India,0.132
6082,Eluru,Manipur,India,0.084
6083,Unnao,Gujarat,India,0.337
6084,Mumbai,Odisha,India,0.123
6085,Thoothukudi,Mizoram,India,0.366
6086,Ludhiana,Bihar,India,0.284
6087,Muzaffarpur,Tamil Nadu,India,0.308
6088,Nanded,Kerala,India,0.391
6089,Mira-Bhayandar,Rajasthan,India,0.1
6090,Chandrapur,Maharashtra,India,0.415
6091,Giridih,Andhra Pradesh,India,0.062
6092,Dharmavaram,Bihar,India,0.157
6093,Surat,Assam,India,0.251
6094,Kolhapur,Uttar Pradesh,India,0.166
6095,Jabalpur,Bihar,India,0.462
6096,Karawal Nagar,Goa,India,0.227
6097,Erode,Punjab,India,0.574
6098,Ulhasnagar,Manipur,India,0.464
6099,Belgaum,Goa,India,0.482
6100,Srikakulam,Andhra Pradesh,India,0.111
6101,Bhagalpur,Meghalaya,India,0.403
6102,Howrah,Karnataka,India,0.342
6103,Thanjavur,Chhattisgarh,India,0.255
6104,Ajmer,Manipur,India,0.314
6105,Durg,Odisha,India,0.513
6106,Bhind,Himachal Pradesh,India,0.276
6107,Siliguri,Tamil Nadu,India,0.35
6108,Raebareli,Kerala,India,0.258
6109,Tirupati,Chhattisgarh,India,0.075
6110,Nanded,Kerala,India,0.4
6111,Meerut,Punjab,India,0.497
6112,Vijayanagaram,Maharashtra,India,0.16
6113,Udupi,Arunachal Pradesh,India,0.293
6114,Pondicherry,Uttar Pradesh,India,0.147
6115,Pali,Uttar Pradesh,India,0.404
6116,Anantapuram,Odisha,India,0.262
6117,Phagwara,Chhattisgarh,India,0.199
6118,Kumbakonam,Meghalaya,India,0.156
6119,Satara,Punjab,India,0.42
6120,Gwalior,Nagaland,India,0.485
6121,Ulhasnagar,West Bengal,India,0.133
6122,Karawal Nagar,Mizoram,India,0.264
6123,Allahabad,Madhya Pradesh,India,0.094
6124,Farrukhabad,Uttar Pradesh,India,0.051
6125,Karimnagar,Bihar,India,0.385
6126,Sultan Pur Majra,Arunachal Pradesh,India,0.785
6127,Alappuzha,Tamil Nadu,India,0.125
6128,Dhule,Haryana,India,0.504
6129,Latur,Andhra Pradesh,India,0.147
6130,Jammu,Assam,India,0.279
6131,Delhi,West Bengal,India,0.175
6132,Thane,Nagaland,India,0.39
6133,Bijapur,Meghalaya,India,0.218
6134,Purnia,Tamil Nadu,India,0.407
6135,Katni,Gujarat,India,0.124
6136,Khammam,Chhattisgarh,India,0.058
6137,Gudivada,Rajasthan,India,0.167
6138,Dindigul,Manipur,India,0.192
6139,Bongaigaon,Manipur,India,0.43
6140,Udupi,Mizoram,India,0.304
6141,Dibrugarh,Meghalaya,India,0.379
6142,Noida,Telangana,India,0.136
6143,North Dumdum,Haryana,India,0.331
6144,Nanded,Maharashtra,India,0.097
6145,Hindupur,Jharkhand,India,0.364
6146,Rajahmundry,Rajasthan,India,0.273
6147,Eluru,Kerala,India,0.276
6148,Jammu,Arunachal Pradesh,India,0.353
6149,Malegaon,Andhra Pradesh,India,0.178
6150,Indore,Andhra Pradesh,India,0.341
6151,Khandwa,Telangana,India,0.201
6152,Motihari,Kerala,India,0.549
6153,Gulbarga,Chhattisgarh,India,0.152
6154,Bhilwara,Nagaland,India,0.074
6155,Belgaum,Arunachal Pradesh,India,0.422
6156,Kalyan-Dombivli,Haryana,India,0.506
6157,Anantapur,Nagaland,India,0.037
6158,Delhi,Manipur,India,0.262
6159,Suryapet,Uttar Pradesh,India,0.113
6160,Singrauli,Karnataka,India,0.371
6161,Mango,Himachal Pradesh,India,0.06
6162,Vasai-Virar,Sikkim,India,0.161
6163,Bellary,Haryana,India,0.301
6164,Ramagundam,Manipur,India,0.171
6165,Ghaziabad,Jharkhand,India,0.654
6166,Buxar,Nagaland,India,0.192
6167,Pimpri-Chinchwad,West Bengal,India,0.449
6168,Jhansi,Manipur,India,0.421
6169,Dhanbad,West Bengal,India,0.124
6170,Bangalore,Kerala,India,0.171
6171,Allahabad,Karnataka,India,0.157
6172,Jalgaon,Bihar,India,0.155
6173,Belgaum,Assam,India,0.201
6174,Secunderabad,Tripura,India,0.305
6175,Barasat,Punjab,India,0.209
6176,Rajkot,Rajasthan,India,0.337
6177,Sirsa,Rajasthan,India,0.175
6178,Jorhat,Bihar,India,0.498
6179,Raurkela Industrial Township,Odisha,India,0.157
6180,Berhampore,Maharashtra,India,0.499
6181,Gopalpur,Mizoram,India,0.144
6182,Anantapuram,Meghalaya,India,0.276
6183,Warangal,Gujarat,India,0.266
6184,Vasai-Virar,Andhra Pradesh,India,0.409
6185,Ozhukarai,Kerala,India,0.1
6186,Cuttack,Odisha,India,0.012
6187,Chandigarh,Karnataka,India,0.51
6188,Gandhidham,Tripura,India,0.218
6189,Davanagere,Manipur,India,0.292
6190,Tiruppur,Haryana,India,0.131
6191,Vadodara,Gujarat,India,0.893
6192,Amritsar,Punjab,India,0.239
6193,Kishanganj,Nagaland,India,0.261
6194,Mango,Maharashtra,India,0.116
6195,Nadiad,Bihar,India,0.481
6196,Sambalpur,Gujarat,India,0.088
6197,Delhi,Haryana,India,0.366
6198,Gangtok,Arunachal Pradesh,India,0.37
6199,Orai,Madhya Pradesh,India,0.417
6200,Eluru,Gujarat,India,0.065
6201,Tiruchirappalli,Telangana,India,0.103
6202,Panchkula,Manipur,India,0.56
6203,Nellore,Maharashtra,India,0.156
6204,Kota,Karnataka,India,0.436
6205,Malda,Himachal Pradesh,India,0.178
6206,Dehradun,Haryana,India,0.249
6207,New Delhi,Odisha,India,0.59
6208,Nadiad,Odisha,India,0.219
6209,Etawah,Meghalaya,India,0.512
6210,Tinsukia,Arunachal Pradesh,India,0.226
6211,Panvel,Punjab,India,0.51
6212,Jamalpur,Punjab,India,0.184
6213,Berhampore,Tamil Nadu,India,0.062
6214,Bhiwandi,Himachal Pradesh,India,0.431
6215,Amroha,Telangana,India,0.413
6216,Dehri,Manipur,India,0.113
6217,Madurai,Bihar,India,0.356
6218,Ghaziabad,Chhattisgarh,India,0.14
6219,Agartala,Gujarat,India,0.357
6220,Rajpur Sonarpur,Tamil Nadu,India,0.466
6221,Tadepalligudem,Andhra Pradesh,India,0.361
6222,Amaravati,Bihar,India,0.208
6223,Ahmedabad,Kerala,India,0.477
6224,Jamnagar,Karnataka,India,0.176
6225,Khandwa,Karnataka,India,0.361
6226,Bhavnagar,Madhya Pradesh,India,0.129
6227,Dharmavaram,Arunachal Pradesh,India,0.361
6228,Sultan Pur Majra,Andhra Pradesh,India,0.401
6229,Mangalore,Rajasthan,India,0.629
6230,Danapur,Arunachal Pradesh,India,0.346
6231,Ghaziabad,Mizoram,India,0.585
6232,Kumbakonam,Tamil Nadu,India,0.291
6233,Pune,Uttar Pradesh,India,0.402
6234,Nashik,Uttarakhand,India,0.172
6235,Coimbatore,Uttar Pradesh,India,0.203
6236,Howrah,Maharashtra,India,0.177
6237,Rajkot,Mizoram,India,0.152
6238,Alappuzha,Meghalaya,India,0.051
6239,Tiruvottiyur,Kerala,India,0.065
6240,Bulandshahr,Punjab,India,0.361
6241,Kirari Suleman Nagar,Jharkhand,India,0.402
6242,Shahjahanpur,Madhya Pradesh,India,0.363
6243,Mira-Bhayandar,Bihar,India,0.294
6244,Mau,Jharkhand,India,0.599
6245,Warangal,Meghalaya,India,0.418
6246,Bathinda,Maharashtra,India,0.466
6247,Rampur,Himachal Pradesh,India,0.269
6248,Gorakhpur,Tamil Nadu,India,0.11
6249,Kochi,Nagaland,India,0.222
6250,Giridih,Gujarat,India,0.169
6251,Panvel,Maharashtra,India,0.423
6252,Phagwara,Himachal Pradesh,India,0.489
6253,Secunderabad,West Bengal,India,0.225
6254,Parbhani,Uttarakhand,India,0.236
6255,Narasaraopet,Kerala,India,0.32
6256,Gaya,Rajasthan,India,0.314
6257,Bokaro,Rajasthan,India,0.145
6258,Uluberia,Meghalaya,India,0.217
6259,Hosur,Bihar,India,0.222
6260,Ludhiana,Odisha,India,0.173
6261,Davanagere,Uttar Pradesh,India,0.262
6262,Nizamabad,Gujarat,India,0.191
6263,Guntur,Sikkim,India,0.206
6264,Saharanpur,Uttar Pradesh,India,0.437
6265,Kochi,Andhra Pradesh,India,0.427
6266,Suryapet,Punjab,India,0.553
6267,Nandyal,West Bengal,India,0.293
6268,Giridih,Uttarakhand,India,0.383
6269,Madanapalle,Mizoram,India,0.326
6270,Thanjavur,Haryana,India,0.305
6271,Firozabad,Madhya Pradesh,India,0.479
6272,Bahraich,Chhattisgarh,India,0.304
6273,Alwar,Mizoram,India,0.346
6274,Pudukkottai,Maharashtra,India,0.349
6275,Sagar,Jharkhand,India,0.126
6276,Kolhapur,Arunachal Pradesh,India,0.454
6277,Ulhasnagar,Tamil Nadu,India,0.364
6278,Berhampur,Uttar Pradesh,India,0.681
6279,Katni,Himachal Pradesh,India,0.634
6280,Kirari Suleman Nagar,Madhya Pradesh,India,0.107
6281,Jaunpur,Maharashtra,India,0.187
6282,Sasaram,Himachal Pradesh,India,0.607
6283,Madanapalle,Uttarakhand,India,0.132
6284,Dharmavaram,Jharkhand,India,0.172
6285,Bhatpara,Uttar Pradesh,India,0.259
6286,Malda,Manipur,India,0.521
6287,Kottayam,Jharkhand,India,0.472
6288,Maheshtala,Gujarat,India,0.248
6289,Nandyal,Mizoram,India,0.078
6290,Nangloi Jat,Uttar Pradesh,India,0.651
6291,Raurkela Industrial Township,Tripura,India,0.24
6292,Sasaram,Gujarat,India,0.021
6293,Dehradun,Meghalaya,India,0.167
6294,Kolkata,Tamil Nadu,India,0.415
6295,Loni,Assam,India,0.553
6296,Firozabad,Tripura,India,0.152
6297,Rohtak,Himachal Pradesh,India,0.231
6298,Phagwara,Assam,India,0.288
6299,Sasaram,Uttarakhand,India,0.165
6300,Vellore,Bihar,India,0.317
6301,Ozhukarai,Punjab,India,0.429
6302,Jamnagar,Jharkhand,India,0.388
6303,Vijayanagaram,Madhya Pradesh,India,0.283
6304,Jamshedpur,Tripura,India,0.454
6305,Rampur,Tamil Nadu,India,0.211
6306,Korba,Manipur,India,0.009
6307,Tadipatri,Rajasthan,India,0.067
6308,Berhampore,Kerala,India,0.163
6309,Junagadh,Goa,India,0.295
6310,Junagadh,Arunachal Pradesh,India,0.575
6311,Bahraich,Himachal Pradesh,India,0.13
6312,Aligarh,Rajasthan,India,0.473
6313,Chapra,Odisha,India,0.29
6314,Rampur,Karnataka,India,0.043
6315,Coimbatore,Punjab,India,0.183
6316,Chennai,Himachal Pradesh,India,0.202
6317,Chapra,Himachal Pradesh,India,0.17
6318,Parbhani,Himachal Pradesh,India,0.28
6319,Ludhiana,Karnataka,India,0.517
6320,Barasat,Tripura,India,0.331
6321,Solapur,Madhya Pradesh,India,0.344
6322,Secunderabad,Kerala,India,0.423
6323,Rohtak,Sikkim,India,0.349
6324,Jaipur,Meghalaya,India,0.178
6325,Bongaigaon,Assam,India,0.132
6326,Karawal Nagar,Odisha,India,0.221
6327,Anand,Haryana,India,0.069
6328,Barasat,Mizoram,India,0.4
6329,Dhule,Telangana,India,0.654
6330,Rewa,Uttarakhand,India,0.284
6331,Davanagere,Chhattisgarh,India,0.268
6332,Ambala,Tripura,India,0.196
6333,Maheshtala,Assam,India,0.087
6334,Kanpur,Madhya Pradesh,India,0.064
6335,Dehri,Uttarakhand,India,0.272
6336,Faridabad,Punjab,India,0.418
6337,Medininagar,Arunachal Pradesh,India,0.164
6338,Sikar,Tamil Nadu,India,0.107
6339,Unnao,Sikkim,India,0.289
6340,Uluberia,Himachal Pradesh,India,0.076
6341,Anand,Odisha,India,0.385
6342,Hazaribagh,Bihar,India,0.252
6343,Haldia,Nagaland,India,0.538
6344,Korba,Sikkim,India,0.569
6345,Burhanpur,Himachal Pradesh,India,0.2
6346,Tadepalligudem,Bihar,India,0.188
6347,Chapra,Chhattisgarh,India,0.098
6348,Moradabad,Goa,India,0.086
6349,Bikaner,Madhya Pradesh,India,0.657
6350,Panipat,Maharashtra,India,0.326
6351,Bhopal,Bihar,India,0.563
6352,Amravati,Gujarat,India,0.314
6353,Bihar Sharif,Chhattisgarh,India,0.138
6354,Panihati,Himachal Pradesh,India,0.28
6355,Guwahati,Andhra Pradesh,India,0.6
6356,Bhimavaram,Karnataka,India,0.285
6357,Panchkula,Maharashtra,India,0.126
6358,Erode,Assam,India,0.253
6359,Sri Ganganagar,Haryana,India,0.102
6360,Gurgaon,Jharkhand,India,0.12
6361,Sultan Pur Majra,Gujarat,India,0.151
6362,Ludhiana,Madhya Pradesh,India,0.293
6363,Anantapur,Uttarakhand,India,0.431
6364,Jamshedpur,Maharashtra,India,0.332
6365,Visakhapatnam,Odisha,India,0.322
6366,Thiruvananthapuram,Bihar,India,0.11
6367,Karawal Nagar,Rajasthan,India,0.208
6368,Salem,Tamil Nadu,India,0.091
6369,Adoni,West Bengal,India,0.5
6370,Hyderabad,Meghalaya,India,0.396
6371,Raurkela Industrial Township,Jharkhand,India,0.133
6372,Bhopal,Gujarat,India,0.053
6373,Dehri,Andhra Pradesh,India,0.263
6374,Erode,Madhya Pradesh,India,0.152
6375,Mathura,Nagaland,India,0.537
6376,Kumbakonam,Rajasthan,India,0.201
6377,Sirsa,West Bengal,India,0.265
6378,Ongole,Himachal Pradesh,India,0.507
6379,Motihari,Haryana,India,0.465
6380,Ratlam,Arunachal Pradesh,India,0.213
6381,Karnal,Madhya Pradesh,India,0.13
6382,Tiruvottiyur,Goa,India,0.2
6383,Gandhinagar,Tripura,India,0.247
6384,Thiruvananthapuram,Himachal Pradesh,India,0.538
6385,Gaya,Jharkhand,India,0.232
6386,South Dumdum,Chhattisgarh,India,0.098
6387,Morena,Jharkhand,India,0.542
6388,Dehradun,Gujarat,India,0.304
6389,Sagar,Kerala,India,0.35
6390,Srinagar,Himachal Pradesh,India,0.442
6391,Kharagpur,Chhattisgarh,India,0.06
6392,Agra,Himachal Pradesh,India,0.308
6393,Agra,Gujarat,India,0.216
6394,Bhimavaram,Assam,India,0.433
6395,Bhiwani,Arunachal Pradesh,India,0.587
6396,North Dumdum,Rajasthan,India,0.433
6397,Maheshtala,Manipur,India,0.274
6398,Barasat,West Bengal,India,0.233
6399,Hindupur,Tamil Nadu,India,0.152
6400,Guwahati,Assam,India,0.029
6401,Panvel,Nagaland,India,0.361
6402,Anantapur,Uttar Pradesh,India,0.494
6403,Tiruchirappalli,Telangana,India,0.573
6404,Pimpri-Chinchwad,Goa,India,0.031
6405,Bidhannagar,Meghalaya,India,0.412
6406,Raiganj,Mizoram,India,0.449
6407,Motihari,Bihar,India,0.268
6408,Allahabad,Karnataka,India,0.057
6409,Meerut,Telangana,India,0.126
6410,Nagpur,Chhattisgarh,India,0.209
6411,Bokaro,Rajasthan,India,0.267
6412,Ramgarh,Tripura,India,0.285
6413,Katihar,Odisha,India,0.389
6414,Anand,Mizoram,India,0.287
6415,Bokaro,Tripura,India,0.436
6416,Navi Mumbai,Uttar Pradesh,India,0.398
6417,Tirunelveli,Himachal Pradesh,India,0.081
6418,Kurnool,Sikkim,India,0.141
6419,Sambalpur,Kerala,India,0.204
6420,Bareilly,Punjab,India,0.372
6421,Anand,Gujarat,India,0.112
6422,Dehradun,Jharkhand,India,0.037
6423,Anantapuram,Nagaland,India,0.316
6424,Bidhannagar,Uttar Pradesh,India,0.311
6425,Tadipatri,Haryana,India,0.134
6426,Buxar,Punjab,India,0.421
6427,Muzaffarnagar,Uttar Pradesh,India,0.059
6428,Narasaraopet,West Bengal,India,0.226
6429,Miryalaguda,Himachal Pradesh,India,0.28
6430,Nagaon,Tamil Nadu,India,0.151
6431,Bhatpara,Assam,India,0.354
6432,Ambala,Chhattisgarh,India,0.45
6433,Guna,Karnataka,India,0.26
6434,Silchar,Chhattisgarh,India,0.087
6435,Gangtok,Tripura,India,0.24
6436,Tinsukia,Telangana,India,0.05
6437,Muzaffarpur,Haryana,India,0.2
6438,Bhiwani,Arunachal Pradesh,India,0.316
6439,Pali,Tripura,India,0.084
6440,Durg,Maharashtra,India,0.414
6441,Pudukkottai,Gujarat,India,0.455
6442,Katni,Goa,India,0.235
6443,Bangalore,Uttarakhand,India,0.693
6444,Pune,West Bengal,India,0.408
6445,Narasaraopet,Kerala,India,0.428
6446,Etawah,Karnataka,India,0.507
6447,Burhanpur,Bihar,India,0.128
6448,Sambhal,Himachal Pradesh,India,0.153
6449,Chennai,Rajasthan,India,0.319
6450,Maheshtala,Nagaland,India,0.251
6451,Hubli–Dharwad,Andhra Pradesh,India,0.318
6452,Chandigarh,Uttarakhand,India,0.416
6453,Phusro,Bihar,India,0.198
6454,Ramagundam,Telangana,India,0.199
6455,Guwahati,Manipur,India,0.223
6456,Vasai-Virar,Manipur,India,0.473
6457,Bhind,Manipur,India,0.172
6458,Suryapet,Manipur,India,0.274
6459,Guntakal,Punjab,India,0.257
6460,Akola,Haryana,India,0.08
6461,New Delhi,Assam,India,0.299
6462,Nagpur,Sikkim,India,0.211
6463,Jamshedpur,Madhya Pradesh,India,0.361
6464,Bhilwara,Nagaland,India,0.073
6465,Tenali,Nagaland,India,0.254
6466,Phagwara,Assam,India,0.392
6467,Tinsukia,Manipur,India,0.201
6468,Anantapur,Tamil Nadu,India,0.251
6469,Alappuzha,Haryana,India,0.191
6470,Darbhanga,Assam,India,0.356
6471,Srinagar,Manipur,India,0.125
6472,Rajahmundry,Telangana,India,0.125
6473,Kurnool,Goa,India,0.257
6474,Nangloi Jat,Gujarat,India,0.317
6475,Shimla,Telangana,India,0.307
6476,Amroha,Tamil Nadu,India,0.204
6477,Bidar,Meghalaya,India,0.479
6478,Patiala,Bihar,India,0.042
6479,Malegaon,Bihar,India,0.163
6480,Bathinda,Madhya Pradesh,India,0.322
6481,Pune,Telangana,India,0.891
6482,Udaipur,Sikkim,India,0.231
6483,Ozhukarai,Kerala,India,0.244
6484,Jehanabad,Tamil Nadu,India,0.369
6485,Kumbakonam,Chhattisgarh,India,0.415
6486,Ramagundam,Arunachal Pradesh,India,0.304
6487,Mathura,Himachal Pradesh,India,0.247
6488,Madhyamgram,Meghalaya,India,0.335
6489,Dibrugarh,Nagaland,India,0.401
6490,Tirunelveli,Mizoram,India,0.129
6491,Visakhapatnam,Uttarakhand,India,0.247
6492,Rohtak,Nagaland,India,0.201
6493,Nagpur,Bihar,India,0.099
6494,Hospet,Meghalaya,India,0.205
6495,Gulbarga,Uttarakhand,India,0.271
6496,Hazaribagh,Manipur,India,0.361
6497,Raiganj,Gujarat,India,0.34
6498,Kakinada,Tripura,India,0.1
6499,Chapra,Nagaland,India,0.146
6500,Rohtak,Meghalaya,India,0.623
6501,Noida,Tripura,India,0.569
6502,Ramgarh,Tripura,India,0.572
6503,Jamshedpur,Meghalaya,India,0.133
6504,Sambhal,Goa,India,0.341
6505,Farrukhabad,Tamil Nadu,India,0.136
6506,Shahjahanpur,Madhya Pradesh,India,0.2
6507,Kadapa,Tamil Nadu,India,0.398
6508,Bulandshahr,Chhattisgarh,India,0.105
6509,Karaikudi,Haryana,India,0.151
6510,Alappuzha,Meghalaya,India,0.265
6511,Ichalkaranji,West Bengal,India,0.342
6512,Chapra,Tripura,India,0.341
6513,Sikar,Madhya Pradesh,India,0.392
6514,Bidar,Punjab,India,0.478
6515,Proddatur,Nagaland,India,0.458
6516,Yamunanagar,Telangana,India,0.764
6517,Faridabad,Himachal Pradesh,India,0.323
6518,Ghaziabad,Jharkhand,India,0.229
6519,Gopalpur,Madhya Pradesh,India,0.083
6520,Firozabad,Nagaland,India,0.083
6521,Nagpur,Rajasthan,India,0.057
6522,Karnal,Arunachal Pradesh,India,0.238
6523,Nadiad,Andhra Pradesh,India,0.169
6524,Mathura,Assam,India,0.457
6525,Kishanganj,Uttar Pradesh,India,0.036
6526,Panipat,Gujarat,India,0.482
6527,Avadi,Meghalaya,India,0.284
6528,Chapra,Manipur,India,0.504
6529,Raipur,Himachal Pradesh,India,0.248
6530,Faridabad,Rajasthan,India,0.363
6531,Giridih,Uttar Pradesh,India,0.238
6532,Hajipur,Goa,India,0.532
6533,Khora ,Madhya Pradesh,India,0.383
6534,Chittoor,Mizoram,India,0.126
6535,Tiruvottiyur,Mizoram,India,0.273
6536,Raebareli,Assam,India,0.119
6537,Aurangabad,Arunachal Pradesh,India,0.136
6538,Karawal Nagar,West Bengal,India,0.056
6539,Tirupati,Uttar Pradesh,India,0.213
6540,Tadepalligudem,Maharashtra,India,0.429
6541,Hubli–Dharwad,Tamil Nadu,India,0.321
6542,Eluru,Nagaland,India,0.649
6543,Muzaffarnagar,Gujarat,India,0.313
6544,Panihati,Punjab,India,0.325
6545,Bhatpara,Mizoram,India,0.473
6546,Tadipatri,Mizoram,India,0.525
6547,Bettiah,Uttar Pradesh,India,0.251
6548,Rajkot,Chhattisgarh,India,0.312
6549,Coimbatore,Rajasthan,India,0.009
6550,Ichalkaranji,Himachal Pradesh,India,0.467
6551,Kottayam,Maharashtra,India,0.273
6552,Kottayam,Karnataka,India,0.602
6553,Kurnool,Assam,India,0.484
6554,Thanjavur,Bihar,India,0.271
6555,Kottayam,Uttar Pradesh,India,0.529
6556,Moradabad,Andhra Pradesh,India,0.148
6557,Chandigarh,Tripura,India,0.635
6558,Giridih,Himachal Pradesh,India,0.179
6559,Raipur,Nagaland,India,0.056
6560,Bulandshahr,Karnataka,India,0.158
6561,Sultan Pur Majra,Kerala,India,0.113
6562,Arrah,Sikkim,India,0.451
6563,Coimbatore,Arunachal Pradesh,India,0.496
6564,Begusarai,Uttar Pradesh,India,0.142
6565,Bally,Manipur,India,0.158
6566,Mathura,Nagaland,India,0.331
6567,Hindupur,Manipur,India,0.155
6568,Orai,Uttarakhand,India,0.135
6569,Ahmednagar,Kerala,India,0.224
6570,Haldia,Himachal Pradesh,India,0.147
6571,Shahjahanpur,Rajasthan,India,0.321
6572,Kadapa,Arunachal Pradesh,India,0.293
6573,Etawah,Himachal Pradesh,India,0.19
6574,Jalna,Maharashtra,India,0.54
6575,Dhule,Goa,India,0.413
6576,Raipur,Arunachal Pradesh,India,0.169
6577,Berhampur,Telangana,India,0.683
6578,Avadi,Tamil Nadu,India,0.235
6579,Gaya,Andhra Pradesh,India,0.044
6580,Ambala,Meghalaya,India,0.094
6581,Chittoor,Chhattisgarh,India,0.572
6582,Mangalore,Odisha,India,0.232
6583,Ramagundam,Uttar Pradesh,India,0.271
6584,Nandyal,Uttar Pradesh,India,0.461
6585,Dehri,Andhra Pradesh,India,0.1
6586,Satara,Mizoram,India,0.421
6587,Bareilly,Karnataka,India,0.243
6588,Jamalpur,Manipur,India,0.22
6589,Bharatpur,Madhya Pradesh,India,0.08
6590,Sikar,West Bengal,India,0.463
6591,Kottayam,Haryana,India,0.044
6592,Mathura,Andhra Pradesh,India,0.38
6593,Solapur,Goa,India,0.38
6594,Nizamabad,Maharashtra,India,0.137
6595,Haldia,Kerala,India,0.283
6596,Belgaum,Assam,India,0.546
6597,Agra,Nagaland,India,0.333
6598,Ghaziabad,Nagaland,India,0.195
6599,Ahmedabad,Punjab,India,0.292
6600,Arrah,Sikkim,India,0.516
6601,Bhatpara,Tripura,India,0.334
6602,Serampore,Uttarakhand,India,0.342
6603,Bareilly,Odisha,India,0.619
6604,Barasat,Odisha,India,0.334
6605,Khora ,Arunachal Pradesh,India,0.592
6606,Bally,West Bengal,India,0.57
6607,Bongaigaon,Chhattisgarh,India,0.363
6608,North Dumdum,Tamil Nadu,India,0.05
6609,Nashik,Sikkim,India,0.285
6610,Sultan Pur Majra,Arunachal Pradesh,India,0.543
6611,Srikakulam,Karnataka,India,0.167
6612,Amritsar,Himachal Pradesh,India,0.197
6613,Uluberia,Madhya Pradesh,India,0.483
6614,Gandhidham,Sikkim,India,0.561
6615,Ambattur,Nagaland,India,0.066
6616,Jaunpur,Jharkhand,India,0.257
6617,Tezpur,Andhra Pradesh,India,0.236
6618,Ozhukarai,Jharkhand,India,0.208
6619,Parbhani,Uttarakhand,India,0.388
6620,Dehri,Mizoram,India,0.046
6621,Cuttack,Jharkhand,India,0.301
6622,Bathinda,Chhattisgarh,India,0.365
6623,Sagar,Maharashtra,India,0.325
6624,Gulbarga,Haryana,India,0.354
6625,Vadodara,Karnataka,India,0.344
6626,Raiganj,Jharkhand,India,0.343
6627,Morena,Tripura,India,0.266
6628,Dehradun,Arunachal Pradesh,India,0.197
6629,Indore,Rajasthan,India,0.183
6630,Tadepalligudem,Mizoram,India,0.238
6631,Bardhaman,Goa,India,0.227
6632,Begusarai,Punjab,India,0.26
6633,Bahraich,Kerala,India,0.345
6634,Bhalswa Jahangir Pur,Mizoram,India,0.275
6635,Ujjain,Haryana,India,0.289
6636,Naihati,Tripura,India,0.454
6637,Sasaram,Rajasthan,India,0.341
6638,Naihati,Maharashtra,India,0.122
6639,Gudivada,Chhattisgarh,India,0.067
6640,Mahbubnagar,Karnataka,India,0.005
6641,Chapra,Tripura,India,0.259
6642,Orai,Gujarat,India,0.167
6643,Ghaziabad,Sikkim,India,0.052
6644,Sangli-Miraj & Kupwad,Assam,India,0.379
6645,Bareilly,Goa,India,0.577
6646,Jalna,Goa,India,0.47
6647,Udaipur,Uttar Pradesh,India,0.352
6648,Madurai,Chhattisgarh,India,0.732
6649,Singrauli,Assam,India,0.357
6650,Bhopal,Odisha,India,0.205
6651,Nagaon,Manipur,India,0.182
6652,Jalandhar,Punjab,India,0.315
6653,Bhilwara,Andhra Pradesh,India,0.452
6654,Loni,Chhattisgarh,India,0.388
6655,Chapra,Meghalaya,India,0.085
6656,Shivpuri,Tamil Nadu,India,0.276
6657,Kollam,Madhya Pradesh,India,0.591
6658,Nizamabad,Jharkhand,India,0.072
6659,Kanpur,Assam,India,0.338
6660,Kharagpur,Chhattisgarh,India,0.108
6661,Raipur,Nagaland,India,0.237
6662,Ramgarh,Jharkhand,India,0.52
6663,Ballia,Bihar,India,0.308
6664,Chandrapur,Assam,India,0.096
6665,Muzaffarnagar,West Bengal,India,0.117
6666,Unnao,Himachal Pradesh,India,0.324
6667,Khammam,Uttar Pradesh,India,0.672
6668,Purnia,Karnataka,India,0.279
6669,Sambalpur,Nagaland,India,0.269
6670,Amritsar,Nagaland,India,0.474
6671,Muzaffarnagar,Arunachal Pradesh,India,0.143
6672,Narasaraopet,Maharashtra,India,0.526
6673,Anantapuram,Sikkim,India,0.589
6674,Kolhapur,Tripura,India,0.215
6675,Gorakhpur,Andhra Pradesh,India,0.3
6676,Bharatpur,West Bengal,India,0.06
6677,Naihati,Himachal Pradesh,India,0.139
6678,Shivpuri,Andhra Pradesh,India,0.386
6679,Pimpri-Chinchwad,Karnataka,India,0.304
6680,Mumbai,Goa,India,0.474
6681,Shimoga,Meghalaya,India,0.24
6682,Jamalpur,Manipur,India,0.051
6683,Tiruchirappalli,Punjab,India,0.026
6684,Kharagpur,Manipur,India,0.19
6685,Aurangabad,Andhra Pradesh,India,0.209
6686,Agartala,Jharkhand,India,0.255
6687,Udupi,Madhya Pradesh,India,0.17
6688,Bathinda,Gujarat,India,0.572
6689,Ahmedabad,Arunachal Pradesh,India,0.057
6690,Kolhapur,Nagaland,India,0.049
6691,Shimoga,Kerala,India,0.046
6692,Ujjain,Kerala,India,0.102
6693,Gudivada,Telangana,India,0.2
6694,Raichur,Uttar Pradesh,India,0.23
6695,Singrauli,Himachal Pradesh,India,0.207
6696,Erode,Jharkhand,India,0.2
6697,Jammu,Madhya Pradesh,India,0.259
6698,Darbhanga,Kerala,India,0.623
6699,Medininagar,Madhya Pradesh,India,0.007
6700,Pimpri-Chinchwad,Uttarakhand,India,0.211
6701,Bhubaneswar,Madhya Pradesh,India,0.279
6702,Vijayanagaram,Nagaland,India,0.35
6703,Pune,Mizoram,India,0.213
6704,Suryapet,Karnataka,India,0.427
6705,Nellore,Madhya Pradesh,India,0.374
6706,Kamarhati,Haryana,India,0.474
6707,Pudukkottai,Meghalaya,India,0.444
6708,Sonipat,Rajasthan,India,0.315
6709,Berhampur,Uttarakhand,India,0.211
6710,Phusro,West Bengal,India,0.236
6711,Kollam,Mizoram,India,0.207
6712,Durg,Tripura,India,0.693
6713,Panipat,Goa,India,0.057
6714,Raebareli,Jharkhand,India,0.36
6715,Buxar,West Bengal,India,0.177
6716,New Delhi,Sikkim,India,0.281
6717,Sambhal,Tripura,India,0.37
6718,Jamalpur,Maharashtra,India,0.168
6719,Moradabad,Chhattisgarh,India,0.241
6720,Ghaziabad,Madhya Pradesh,India,0.148
6721,Tiruchirappalli,Sikkim,India,0.176
6722,Hospet,Andhra Pradesh,India,0.337
6723,Indore,Kerala,India,0.38
6724,Bhimavaram,Arunachal Pradesh,India,0.193
6725,Noida,Tripura,India,0.217
6726,Guwahati,Tamil Nadu,India,0.547
6727,Gorakhpur,Jharkhand,India,0.128
6728,Hindupur,Andhra Pradesh,India,0.197
6729,Morena,Manipur,India,0.277
6730,Durg,Madhya Pradesh,India,0.285
6731,Eluru,Himachal Pradesh,India,0.459
6732,Karawal Nagar,Meghalaya,India,0.146
6733,Bidar,Uttar Pradesh,India,0.213
6734,Rewa,Bihar,India,0.193
6735,Amaravati,Assam,India,0.088
6736,Anantapuram,Uttar Pradesh,India,0.64
6737,Fatehpur,Kerala,India,0.58
6738,Guntakal,Kerala,India,0.426
6739,Vellore,Sikkim,India,0.415
6740,Bhavnagar,Karnataka,India,0.213
6741,Kalyan-Dombivli,Kerala,India,0.154
6742,Machilipatnam,Manipur,India,0.23
6743,Ambala,Tripura,India,0.15
6744,Mumbai,Telangana,India,0.488
6745,Jorhat,Telangana,India,0.262
6746,Raurkela Industrial Township,Arunachal Pradesh,India,0.417
6747,Imphal,Tamil Nadu,India,0.078
6748,Ghaziabad,Bihar,India,0.136
6749,Medininagar,Uttar Pradesh,India,0.138
6750,Chapra,Tamil Nadu,India,0.201
6751,Bilaspur,Nagaland,India,0.333
6752,Hapur,Meghalaya,India,0.137
6753,Allahabad,Meghalaya,India,0.166
6754,Gulbarga,Assam,India,0.293
6755,Chandrapur,Jharkhand,India,0.525
6756,Gangtok,Manipur,India,0.195
6757,Nadiad,Jharkhand,India,0.495
6758,Lucknow,Odisha,India,0.267
6759,Ahmednagar,Odisha,India,0.135
6760,Durg,Goa,India,0.027
6761,Sultan Pur Majra,West Bengal,India,0.202
6762,Haridwar,Punjab,India,0.375
6763,Nagaon,Tripura,India,0.27
6764,Shimla,Madhya Pradesh,India,0.298
6765,Aizawl,Himachal Pradesh,India,0.088
6766,North Dumdum,Odisha,India,0.083
6767,Secunderabad,Mizoram,India,0.229
6768,Gopalpur,Uttarakhand,India,0.262
6769,Gudivada,Haryana,India,0.174
6770,Jamalpur,Assam,India,0.297
6771,Kota,West Bengal,India,0.263
6772,Bongaigaon,West Bengal,India,0.487
6773,Chittoor,Tripura,India,0.377
6774,Morena,Punjab,India,0.176
6775,Haldia,Haryana,India,0.275
6776,Karnal,Arunachal Pradesh,India,0.241
6777,Baranagar,Haryana,India,0.134
6778,Uluberia,Maharashtra,India,0.193
6779,Visakhapatnam,Odisha,India,0.124
6780,Fatehpur,Assam,India,0.438
6781,Bhiwandi,Gujarat,India,0.117
6782,Shimla,West Bengal,India,0.401
6783,Ahmednagar,Gujarat,India,0.128
6784,Sonipat,Punjab,India,0.338
6785,Nanded,Chhattisgarh,India,0.108
6786,Nangloi Jat,Bihar,India,0.266
6787,Farrukhabad,Rajasthan,India,0.128
6788,Bijapur,Uttar Pradesh,India,0.251
6789,Thiruvananthapuram,Himachal Pradesh,India,0.117
6790,Tezpur,Jharkhand,India,0.078
6791,Bhubaneswar,Punjab,India,0.514
6792,Chandrapur,Karnataka,India,0.098
6793,Miryalaguda,Sikkim,India,0.217
6794,Parbhani,Bihar,India,0.198
6795,Ambarnath,Manipur,India,0.428
6796,Jammu,Nagaland,India,0.344
6797,Burhanpur,Punjab,India,0.085
6798,Khora ,West Bengal,India,0.227
6799,Ambala,Chhattisgarh,India,0.158
6800,Ghaziabad,Andhra Pradesh,India,0.171
6801,Tiruppur,Meghalaya,India,0.041
6802,Akola,Uttarakhand,India,0.22
6803,Kalyan-Dombivli,Odisha,India,0.324
6804,Alwar,Sikkim,India,0.2
6805,Jamnagar,Sikkim,India,0.097
6806,Jodhpur,Assam,India,0.192
6807,Ambala,Sikkim,India,0.048
6808,Allahabad,Mizoram,India,0.088
6809,Baranagar,Telangana,India,0.228
6810,Ramagundam,Karnataka,India,0.101
6811,Guntakal,Tamil Nadu,India,0.22
6812,Chittoor,Manipur,India,0.36
6813,Nanded,Odisha,India,0.239
6814,Davanagere,Chhattisgarh,India,0.248
6815,Udupi,Madhya Pradesh,India,0.183
6816,Siwan,Jharkhand,India,0.646
6817,Kirari Suleman Nagar,Manipur,India,0.254
6818,Bhilai,Uttar Pradesh,India,0.13
6819,Etawah,Jharkhand,India,0.604
6820,Bidhannagar,Madhya Pradesh,India,0.487
6821,Bhind,Karnataka,India,0.135
6822,Bikaner,Gujarat,India,0.091
6823,Nangloi Jat,Gujarat,India,0.415
6824,Tumkur,Nagaland,India,0.262
6825,Khandwa,Maharashtra,India,0.333
6826,Tezpur,Himachal Pradesh,India,0.171
6827,Pali,Odisha,India,0.314
6828,Hosur,Assam,India,0.085
6829,Chapra,Mizoram,India,0.197
6830,Amritsar,Manipur,India,0.401
6831,Warangal,Bihar,India,0.191
6832,Rajkot,Kerala,India,0.217
6833,Karimnagar,Kerala,India,0.456
6834,Madurai,Jharkhand,India,0.464
6835,Alwar,Madhya Pradesh,India,0.059
6836,Mahbubnagar,Kerala,India,0.26
6837,Jamnagar,Madhya Pradesh,India,0.256
6838,Kavali,Nagaland,India,0.03
6839,Akola,Tripura,India,0.058
6840,Hyderabad,Goa,India,0.3
6841,Raiganj,Sikkim,India,0.142
6842,Siliguri,Odisha,India,0.515
6843,Bihar Sharif,Tripura,India,0.248
6844,Solapur,Gujarat,India,0.526
6845,Loni,Goa,India,0.258
6846,Gopalpur,Telangana,India,0.064
6847,Mahbubnagar,Goa,India,0.316
6848,Meerut,Kerala,India,0.024
6849,Amroha,Nagaland,India,0.251
6850,Vellore,Maharashtra,India,0.513
6851,Bhilai,Arunachal Pradesh,India,0.195
6852,Jorhat,Assam,India,0.001
6853,Ambarnath,Arunachal Pradesh,India,0.327
6854,Dehri,Rajasthan,India,0.089
6855,Phusro,Arunachal Pradesh,India,0.177
6856,Nagaon,Tamil Nadu,India,0.23
6857,Warangal,Rajasthan,India,0.479
6858,Shahjahanpur,Telangana,India,0.401
6859,Surat,Chhattisgarh,India,0.07
6860,Vellore,Sikkim,India,0.207
6861,Anand,Mizoram,India,0.267
6862,Panvel,Gujarat,India,0.248
6863,Cuttack,Rajasthan,India,0.084
6864,Bhiwani,Madhya Pradesh,India,0.3
6865,Sonipat,Maharashtra,India,0.261
6866,Howrah,Punjab,India,0.105
6867,Malda,Sikkim,India,0.055
6868,Madanapalle,Goa,India,0.25
6869,Khora ,Bihar,India,0.381
6870,Kanpur,Himachal Pradesh,India,0.187
6871,Madanapalle,Tripura,India,0.208
6872,Sri Ganganagar,Uttarakhand,India,0.16
6873,Nandyal,Chhattisgarh,India,0.347
6874,Serampore,Uttar Pradesh,India,0.284
6875,Tiruvottiyur,Assam,India,0.184
6876,Bhimavaram,Maharashtra,India,0.136
6877,Coimbatore,Karnataka,India,0.429
6878,Avadi,Assam,India,0.358
6879,Firozabad,Goa,India,0.551
6880,Jalgaon,Uttarakhand,India,0.155
6881,Purnia,Punjab,India,0.183
6882,Cuttack,Haryana,India,0.385
6883,Bareilly,Madhya Pradesh,India,0.2
6884,Ichalkaranji,Arunachal Pradesh,India,0.431
6885,Orai,Punjab,India,0.343
6886,Chittoor,Uttar Pradesh,India,0.204
6887,Khandwa,Odisha,India,0.265
6888,Kozhikode,Gujarat,India,0.222
6889,Jammu,Uttarakhand,India,0.467
6890,Bongaigaon,Andhra Pradesh,India,0.385
6891,Panipat,Punjab,India,0.206
6892,Unnao,Haryana,India,0.34
6893,Nanded,Chhattisgarh,India,0.524
6894,Rourkela,Tamil Nadu,India,0.202
6895,Bhusawal,Madhya Pradesh,India,0.336
6896,Korba,Kerala,India,0.294
6897,Gandhidham,Maharashtra,India,0.477
6898,Rewa,Goa,India,0.23
6899,Serampore,Punjab,India,0.42
6900,Jamalpur,Mizoram,India,0.164
6901,Siliguri,Meghalaya,India,0.46
6902,Nashik,Maharashtra,India,0.264
6903,Bikaner,Uttarakhand,India,0.154
6904,Kharagpur,Uttar Pradesh,India,0.183
6905,Tiruchirappalli,West Bengal,India,0.215
6906,Kolhapur,Chhattisgarh,India,0.306
6907,Motihari,Tamil Nadu,India,0.449
6908,Avadi,Uttar Pradesh,India,0.37
6909,Bidhannagar,Assam,India,0.106
6910,Tinsukia,Arunachal Pradesh,India,0.134
6911,Narasaraopet,Mizoram,India,0.402
6912,Erode,Rajasthan,India,0.458
6913,Katihar,Rajasthan,India,0.47
6914,Raurkela Industrial Township,Kerala,India,0.644
6915,Giridih,West Bengal,India,0.277
6916,Bulandshahr,Madhya Pradesh,India,0.218
6917,Yamunanagar,Goa,India,0.233
6918,Farrukhabad,Punjab,India,0.121
6919,Cuttack,Meghalaya,India,0.068
6920,Pondicherry,Gujarat,India,0.387
6921,Kolkata,Rajasthan,India,0.184
6922,Akola,Madhya Pradesh,India,0.275
6923,Karaikudi,Goa,India,0.121
6924,Kurnool,Tamil Nadu,India,0.063
6925,Thiruvananthapuram,Goa,India,0.511
6926,Bidhannagar,Karnataka,India,0.091
6927,Bokaro,Assam,India,0.257
6928,Munger,West Bengal,India,0.055
6929,Unnao,Nagaland,India,0.245
6930,Miryalaguda,Arunachal Pradesh,India,0.465
6931,Asansol,Punjab,India,0.101
6932,Jaunpur,Nagaland,India,0.031
6933,Kalyan-Dombivli,Odisha,India,0.167
6934,Eluru,Maharashtra,India,0.186
6935,Rajpur Sonarpur,Haryana,India,0.237
6936,Dibrugarh,Chhattisgarh,India,0.085
6937,Bathinda,Andhra Pradesh,India,0.452
6938,Allahabad,Andhra Pradesh,India,0.335
6939,Alwar,Mizoram,India,0.412
6940,Muzaffarnagar,Tripura,India,0.033
6941,Bulandshahr,Jharkhand,India,0.368
6942,Guna,Tripura,India,0.113
6943,Dewas,Karnataka,India,0.226
6944,Ramgarh,Punjab,India,0.187
6945,Tadepalligudem,Maharashtra,India,0.186
6946,Kottayam,Uttar Pradesh,India,0.33
6947,Junagadh,Chhattisgarh,India,0.304
6948,Jamshedpur,Uttar Pradesh,India,0.174
6949,Bikaner,Jharkhand,India,0.275
6950,Siliguri,Tripura,India,0.218
6951,Loni,Gujarat,India,0.279
6952,Amroha,Telangana,India,0.139
6953,Gudivada,Haryana,India,0.294
6954,Gulbarga,Nagaland,India,0.364
6955,Haridwar,Sikkim,India,0.066
6956,Chittoor,Meghalaya,India,0.571
6957,Kota,Manipur,India,0.279
6958,Jabalpur,Bihar,India,0.449
6959,Bulandshahr,Jharkhand,India,0.37
6960,Kollam,Sikkim,India,0.285
6961,Srinagar,Tripura,India,0.266
6962,Barasat,Karnataka,India,0.37
6963,Thane,Punjab,India,0.194
6964,Tenali,Odisha,India,0.344
6965,Kochi,West Bengal,India,0.544
6966,Tumkur,Rajasthan,India,0.091
6967,Dindigul,Manipur,India,0.331
6968,Mumbai,Arunachal Pradesh,India,0.445
6969,Kulti,Karnataka,India,0.431
6970,Nellore,Himachal Pradesh,India,0.312
6971,Kozhikode,Gujarat,India,0.068
6972,Raebareli,Uttarakhand,India,0.113
6973,Raipur,Uttarakhand,India,0.157
6974,Guwahati,Arunachal Pradesh,India,0.125
6975,Thoothukudi,Punjab,India,0.048
6976,Khora ,Madhya Pradesh,India,0.141
6977,Allahabad,Manipur,India,0.288
6978,Rohtak,Assam,India,0.331
6979,Madhyamgram,Kerala,India,0.257
6980,Amravati,Jharkhand,India,0.323
6981,Naihati,Arunachal Pradesh,India,0.76
6982,Warangal,West Bengal,India,0.372
6983,Panihati,Maharashtra,India,0.159
6984,Raurkela Industrial Township,Tamil Nadu,India,0.303
6985,Guntakal,Sikkim,India,0.536
6986,Ranchi,West Bengal,India,0.341
6987,Dhanbad,Sikkim,India,0.288
6988,Tinsukia,Punjab,India,0.087
6989,Bhilai,Rajasthan,India,0.163
6990,Gorakhpur,Chhattisgarh,India,0.143
6991,Farrukhabad,Chhattisgarh,India,0.162
6992,Panihati,Odisha,India,0.13
6993,Satara,Manipur,India,0.175
6994,Bhiwani,Madhya Pradesh,India,0.429
6995,Ratlam,Odisha,India,0.103
6996,Tezpur,Mizoram,India,0.319
6997,Jehanabad,Jharkhand,India,0.106
6998,Sangli-Miraj & Kupwad,Punjab,India,0.482
6999,Latur,Kerala,India,0.632
7000,Jaunpur,Tamil Nadu,India,0.333
7001,Akola,Uttar Pradesh,India,0.564
7002,Bikaner,Uttarakhand,India,0.527
7003,Proddatur,Uttarakhand,India,0.657
7004,Pallavaram,Kerala,India,0.108
7005,Miryalaguda,West Bengal,India,0.313
7006,Katni,Gujarat,India,0.437
7007,Eluru,Karnataka,India,0.06
7008,Chittoor,Madhya Pradesh,India,0.04
7009,Kolhapur,Jharkhand,India,0.268
7010,Bharatpur,Chhattisgarh,India,0.194
7011,Dibrugarh,Haryana,India,0.481
7012,Surat,Tripura,India,0.371
7013,Anantapuram,Odisha,India,0.266
7014,Sagar,Andhra Pradesh,India,0.481
7015,Delhi,Andhra Pradesh,India,0.16
7016,Ramagundam,Madhya Pradesh,India,0.299
7017,Motihari,Nagaland,India,0.466
7018,Vijayanagaram,Jharkhand,India,0.59
7019,Agartala,Tamil Nadu,India,0.02
7020,Thane,Sikkim,India,0.375
7021,Kanpur,Goa,India,0.186
7022,Bhind,Telangana,India,0.041
7023,Panvel,Chhattisgarh,India,0.365
7024,Gorakhpur,Kerala,India,0.184
7025,Berhampore,Telangana,India,0.225
7026,Katihar,Kerala,India,0.139
7027,Phusro,Jharkhand,India,0.192
7028,Sri Ganganagar,Tripura,India,0.602
7029,Akola,Punjab,India,0.561
7030,Erode,Tamil Nadu,India,0.292
7031,Bulandshahr,Tamil Nadu,India,0.036
7032,South Dumdum,Manipur,India,0.244
7033,Ranchi,Mizoram,India,0.313
7034,Motihari,Nagaland,India,0.326
7035,Kumbakonam,Karnataka,India,0.348
7036,Bhind,Kerala,India,0.476
7037,Rajahmundry,Himachal Pradesh,India,0.133
7038,Kanpur,Himachal Pradesh,India,0.071
7039,Chittoor,Tamil Nadu,India,0.38
7040,Hospet,Uttarakhand,India,0.193
7041,Guntur,Goa,India,0.083
7042,Khammam,Chhattisgarh,India,0.4
7043,Aurangabad,Uttar Pradesh,India,0.446
7044,Surendranagar Dudhrej,Gujarat,India,0.268
7045,Jamshedpur,Arunachal Pradesh,India,0.316
7046,Kozhikode,Gujarat,India,0.34
7047,Ongole,Gujarat,India,0.504
7048,Pudukkottai,Nagaland,India,0.299
7049,Hazaribagh,Meghalaya,India,0.247
7050,Ramagundam,Kerala,India,0.406
7051,Kirari Suleman Nagar,Tamil Nadu,India,0.098
7052,Meerut,Punjab,India,0.209
7053,Bulandshahr,Nagaland,India,0.187
7054,Faridabad,Jharkhand,India,0.264
7055,Karimnagar,Himachal Pradesh,India,0.232
7056,Parbhani,Nagaland,India,0.324
7057,Baranagar,Sikkim,India,0.771
7058,Dibrugarh,Uttar Pradesh,India,0.263
7059,Adoni,Chhattisgarh,India,0.465
7060,Gangtok,Haryana,India,0.265
7061,Danapur,Maharashtra,India,0.264
7062,Naihati,Gujarat,India,0.251
7063,Tirunelveli,Kerala,India,0.133
7064,Danapur,Tripura,India,0.449
7065,Bahraich,Nagaland,India,0.316
7066,Bhatpara,Bihar,India,0.079
7067,Anantapur,Mizoram,India,0.233
7068,Hindupur,Tripura,India,0.23
7069,Madurai,Mizoram,India,0.326
7070,Hazaribagh,Goa,India,0.141
7071,Dehri,Maharashtra,India,0.162
7072,Tenali,Manipur,India,0.054
7073,Mira-Bhayandar,Mizoram,India,0.096
7074,Purnia,Bihar,India,0.054
7075,Chandrapur,Haryana,India,0.39
7076,Vadodara,Kerala,India,0.311
7077,Aizawl,Madhya Pradesh,India,0.242
7078,Jammu,Himachal Pradesh,India,0.366
7079,Khammam,West Bengal,India,0.259
7080,Satara,Uttar Pradesh,India,0.285
7081,Dhanbad,Gujarat,India,0.063
7082,Tadepalligudem,Arunachal Pradesh,India,0.456
7083,Phagwara,Odisha,India,0.508
7084,Mehsana,Haryana,India,0.179
7085,Purnia,Uttarakhand,India,0.522
7086,Vijayanagaram,Tripura,India,0.367
7087,Bijapur,Telangana,India,0.106
7088,Gurgaon,Uttar Pradesh,India,0.305
7089,Mirzapur,Uttarakhand,India,0.08
7090,Bidhannagar,Jharkhand,India,0.113
7091,Solapur,Karnataka,India,0.542
7092,Bilaspur,Tripura,India,0.308
7093,Kota,Karnataka,India,0.153
7094,Malegaon,Madhya Pradesh,India,0.316
7095,Bardhaman,Tamil Nadu,India,0.143
7096,Begusarai,Mizoram,India,0.354
7097,Kottayam,Bihar,India,0.431
7098,Bahraich,Tripura,India,0.096
7099,Karaikudi,Haryana,India,0.432
7100,Sultan Pur Majra,Sikkim,India,0.06
7101,Panvel,Sikkim,India,0.208
7102,Satna,Rajasthan,India,0.205
7103,Kulti,Tamil Nadu,India,0.342
7104,Ongole,Maharashtra,India,0.224
7105,Bhagalpur,Jharkhand,India,0.542
7106,Bhimavaram,Gujarat,India,0.025
7107,Sikar,Odisha,India,0.211
7108,Rourkela,Assam,India,0.49
7109,Bhiwandi,Madhya Pradesh,India,0.291
7110,Udaipur,Haryana,India,0.237
7111,Malda,Rajasthan,India,0.668
7112,Panihati,Nagaland,India,0.053
7113,Rajkot,Mizoram,India,0.325
7114,Gorakhpur,Haryana,India,0.329
7115,Giridih,Goa,India,0.349
7116,Rourkela,Telangana,India,0.335
7117,Bidar,Uttar Pradesh,India,0.36
7118,Satara,Jharkhand,India,0.07
7119,Eluru,Telangana,India,0.208
7120,Jamalpur,Odisha,India,0.315
7121,Jodhpur,Arunachal Pradesh,India,0.196
7122,Bikaner,Sikkim,India,0.097
7123,Coimbatore,Arunachal Pradesh,India,0.256
7124,Visakhapatnam,Punjab,India,0.032
7125,Chapra,Madhya Pradesh,India,0.32
7126,Kolkata,Rajasthan,India,0.581
7127,Maheshtala,Goa,India,0.086
7128,Sagar,Himachal Pradesh,India,0.612
7129,Bhilai,Chhattisgarh,India,0.341
7130,Jaipur,West Bengal,India,0.13
7131,Mangalore,Uttar Pradesh,India,0.535
7132,Pune,Karnataka,India,0.262
7133,Etawah,Himachal Pradesh,India,0.218
7134,Cuttack,Himachal Pradesh,India,0.247
7135,Jodhpur,Rajasthan,India,0.107
7136,Rohtak,Manipur,India,0.24
7137,Katihar,Haryana,India,0.298
7138,Barasat,Assam,India,0.4
7139,Gopalpur,Arunachal Pradesh,India,0.245
7140,Guwahati,Karnataka,India,0.08
7141,Ulhasnagar,Uttarakhand,India,0.31
7142,Jorhat,Haryana,India,0.208
7143,Mysore,Sikkim,India,0.439
7144,Katni,Manipur,India,0.464
7145,Hosur,Karnataka,India,0.403
7146,Yamunanagar,Chhattisgarh,India,0.128
7147,Bokaro,Goa,India,0.104
7148,Bilaspur,Assam,India,0.251
7149,Shivpuri,Chhattisgarh,India,0.222
7150,Dhanbad,Maharashtra,India,0.187
7151,Kottayam,Gujarat,India,0.037
7152,Pallavaram,Rajasthan,India,0.412
7153,Gaya,Assam,India,0.122
7154,Lucknow,Odisha,India,0.164
7155,Belgaum,Gujarat,India,0.279
7156,Surat,Rajasthan,India,0.29
7157,Tiruchirappalli,Haryana,India,0.102
7158,Nagercoil,Mizoram,India,0.517
7159,Bettiah,Tamil Nadu,India,0.59
7160,Morena,Assam,India,0.214
7161,Ranchi,Andhra Pradesh,India,0.227
7162,Madhyamgram,Punjab,India,0.068
7163,Visakhapatnam,Mizoram,India,0.186
7164,Pimpri-Chinchwad,Madhya Pradesh,India,0.472
7165,Sirsa,Punjab,India,0.232
7166,Tadipatri,Goa,India,0.069
7167,Malda,Andhra Pradesh,India,0.473
7168,Pudukkottai,Haryana,India,0.294
7169,Ambattur,Bihar,India,0.217
7170,Kumbakonam,Manipur,India,0.159
7171,Panihati,Madhya Pradesh,India,0.437
7172,Vadodara,Sikkim,India,0.533
7173,Gandhinagar,Tamil Nadu,India,0.278
7174,Hosur,Chhattisgarh,India,0.153
7175,Hazaribagh,Uttarakhand,India,0.454
7176,Siwan,West Bengal,India,0.408
7177,Proddatur,Jharkhand,India,0.175
7178,Gurgaon,Goa,India,0.176
7179,Satna,Telangana,India,0.365
7180,Bathinda,Goa,India,0.45
7181,Gopalpur,Telangana,India,0.387
7182,Jabalpur,Meghalaya,India,0.327
7183,Gangtok,Chhattisgarh,India,0.499
7184,Udupi,Rajasthan,India,0.125
7185,Durg,Manipur,India,0.042
7186,Sonipat,Meghalaya,India,0.257
7187,Jaipur,Manipur,India,0.217
7188,Serampore,Uttarakhand,India,0.261
7189,Dhule,Tripura,India,0.16
7190,Nangloi Jat,Assam,India,0.355
7191,Loni,Nagaland,India,0.367
7192,Nagpur,Bihar,India,0.477
7193,Bhind,Punjab,India,0.143
7194,Tirunelveli,Rajasthan,India,0.207
7195,Udaipur,Gujarat,India,0.094
7196,Mehsana,Himachal Pradesh,India,0.299
7197,Bharatpur,Punjab,India,0.157
7198,Muzaffarpur,Haryana,India,0.349
7199,Kavali,Chhattisgarh,India,0.465
7200,Anantapur,Arunachal Pradesh,India,0.121
7201,Hajipur,Tamil Nadu,India,0.098
7202,Jamnagar,Andhra Pradesh,India,0.391
7203,Giridih,West Bengal,India,0.101
7204,Phusro,Tamil Nadu,India,0.233
7205,Jaipur,Telangana,India,0.048
7206,Nashik,Assam,India,0.262
7207,Bhiwani,Gujarat,India,0.159
7208,Morbi,Mizoram,India,0.158
7209,New Delhi,Jharkhand,India,0.339
7210,Panipat,Punjab,India,0.398
7211,Jhansi,Uttarakhand,India,0.199
7212,Noida,Nagaland,India,0.09
7213,Amaravati,Maharashtra,India,0.588
7214,Bhubaneswar,Nagaland,India,0.132
7215,Thoothukudi,Madhya Pradesh,India,0.789
7216,Amravati,Jharkhand,India,0.568
7217,Kolkata,Tripura,India,0.445
7218,Orai,Telangana,India,0.272
7219,Saharanpur,Maharashtra,India,0.13
7220,Bongaigaon,Manipur,India,0.233
7221,Ichalkaranji,Meghalaya,India,0.397
7222,Jehanabad,Goa,India,0.268
7223,Varanasi,Bihar,India,0.344
7224,Warangal,Goa,India,0.484
7225,Madurai,Tripura,India,0.081
7226,Jaunpur,Tamil Nadu,India,0.332
7227,Bettiah,Madhya Pradesh,India,0.25
7228,Bathinda,Telangana,India,0.07
7229,Howrah,Haryana,India,0.115
7230,Mysore,Chhattisgarh,India,0.443
7231,Mango,Odisha,India,0.486
7232,Madurai,Assam,India,0.149
7233,Bhimavaram,Uttarakhand,India,0.264
7234,Bhavnagar,Karnataka,India,0.142
7235,Ghaziabad,Goa,India,0.612
7236,Ranchi,Madhya Pradesh,India,0.378
7237,Bhind,Rajasthan,India,0.229
7238,Ichalkaranji,Assam,India,0.437
7239,Singrauli,Uttar Pradesh,India,0.148
7240,Morbi,Telangana,India,0.401
7241,Patiala,Sikkim,India,0.19
7242,Kolkata,Tripura,India,0.518
7243,Akola,Tamil Nadu,India,0.263
7244,Mango,Gujarat,India,0.111
7245,Thiruvananthapuram,Uttar Pradesh,India,0.144
7246,Kakinada,West Bengal,India,0.157
7247,Gorakhpur,Assam,India,0.115
7248,Chandigarh,Jharkhand,India,0.055
7249,Proddatur,Kerala,India,0.192
7250,Yamunanagar,Uttar Pradesh,India,0.044
7251,Bhagalpur,Arunachal Pradesh,India,0.274
7252,Bhimavaram,Assam,India,0.385
7253,Vijayanagaram,Kerala,India,0.622
7254,Jalandhar,Tripura,India,0.117
7255,Tiruppur,Andhra Pradesh,India,0.103
7256,Katihar,Nagaland,India,0.131
7257,Imphal,Gujarat,India,0.328
7258,Thiruvananthapuram,Nagaland,India,0.292
7259,Meerut,Jharkhand,India,0.497
7260,Unnao,Sikkim,India,0.551
7261,Korba,Assam,India,0.377
7262,Jhansi,Nagaland,India,0.621
7263,Jorhat,Kerala,India,0.141
7264,Morbi,Mizoram,India,0.16
7265,Gorakhpur,Uttarakhand,India,0.289
7266,Jalandhar,Andhra Pradesh,India,0.58
7267,Mysore,Rajasthan,India,0.566
7268,Motihari,Nagaland,India,0.164
7269,Bulandshahr,Gujarat,India,0.205
7270,Udupi,Gujarat,India,0.516
7271,Sasaram,Manipur,India,0.298
7272,Noida,Tripura,India,0.64
7273,Berhampore,Chhattisgarh,India,0.245
7274,Saharanpur,Maharashtra,India,0.2
7275,Tadipatri,West Bengal,India,0.41
7276,Nangloi Jat,Madhya Pradesh,India,0.23
7277,Bhalswa Jahangir Pur,Manipur,India,0.667
7278,Navi Mumbai,West Bengal,India,0.112
7279,Nagpur,Telangana,India,0.215
7280,Kota,Sikkim,India,0.312
7281,Bharatpur,Uttarakhand,India,0.066
7282,Chandrapur,Tamil Nadu,India,0.185
7283,Maheshtala,Odisha,India,0.184
7284,Indore,Odisha,India,0.201
7285,Alappuzha,Jharkhand,India,0.205
7286,Pondicherry,Goa,India,0.567
7287,Vijayanagaram,Rajasthan,India,0.145
7288,Rourkela,Arunachal Pradesh,India,0.031
7289,Raichur,Meghalaya,India,0.041
7290,Kharagpur,Himachal Pradesh,India,0.671
7291,Gaya,Andhra Pradesh,India,0.069
7292,Ambattur,Karnataka,India,0.568
7293,Mau,Tripura,India,0.312
7294,Shimoga,Kerala,India,0.454
7295,Bahraich,Telangana,India,0.21
7296,Ulhasnagar,Madhya Pradesh,India,0.195
7297,Ambala,West Bengal,India,0.051
7298,Tirunelveli,Kerala,India,0.262
7299,Proddatur,Meghalaya,India,0.267
7300,Berhampore,Himachal Pradesh,India,0.323
7301,Hubli–Dharwad,Bihar,India,0.146
7302,Etawah,Telangana,India,0.254
7303,Kota,Mizoram,India,0.445
7304,Ambarnath,Himachal Pradesh,India,0.512
7305,Nagaon,Arunachal Pradesh,India,0.557
7306,Delhi,Chhattisgarh,India,0.097
7307,Moradabad,Maharashtra,India,0.066
7308,Dehri,Mizoram,India,0.128
7309,Thanjavur,Nagaland,India,0.205
7310,Rajahmundry,Kerala,India,0.136
7311,Meerut,Arunachal Pradesh,India,0.204
7312,Raichur,Meghalaya,India,0.562
7313,Malegaon,Nagaland,India,0.573
7314,Sangli-Miraj & Kupwad,Meghalaya,India,0.222
7315,Patna,Chhattisgarh,India,0.195
7316,Katihar,Tamil Nadu,India,0.369
7317,Dehradun,Chhattisgarh,India,0.697
7318,Imphal,Kerala,India,0.601
7319,Kirari Suleman Nagar,West Bengal,India,0.309
7320,Mira-Bhayandar,Arunachal Pradesh,India,0.112
7321,Ajmer,Rajasthan,India,0.471
7322,Guntur,Goa,India,0.324
7323,Kirari Suleman Nagar,Meghalaya,India,0.4
7324,Siwan,Tamil Nadu,India,0.339
7325,Sirsa,Jharkhand,India,0.057
7326,Satna,Karnataka,India,0.178
7327,Guwahati,Sikkim,India,0.189
7328,Bhatpara,Uttarakhand,India,0.491
7329,Phagwara,Mizoram,India,0.256
7330,Imphal,Andhra Pradesh,India,0.113
7331,Karaikudi,Karnataka,India,0.154
7332,Alappuzha,Assam,India,0.348
7333,Amritsar,Uttar Pradesh,India,0.167
7334,Buxar,Jharkhand,India,0.461
7335,Bettiah,Manipur,India,0.243
7336,Howrah,Madhya Pradesh,India,0.2
7337,Guna,Telangana,India,0.501
7338,Jehanabad,Tripura,India,0.196
7339,Gorakhpur,Haryana,India,0.465
7340,Salem,Tamil Nadu,India,0.595
7341,Delhi,Manipur,India,0.398
7342,Saharsa,Odisha,India,0.33
7343,Nagercoil,Odisha,India,0.093
7344,Kamarhati,Sikkim,India,0.697
7345,Firozabad,Telangana,India,0.246
7346,Tezpur,Mizoram,India,0.266
7347,Karimnagar,Rajasthan,India,0.182
7348,Agartala,Uttar Pradesh,India,0.055
7349,Sagar,Maharashtra,India,0.078
7350,Aurangabad,Telangana,India,0.215
7351,Nizamabad,Telangana,India,0.127
7352,Vasai-Virar,Haryana,India,0.111
7353,Belgaum,Jharkhand,India,0.474
7354,Suryapet,Manipur,India,0.249
7355,Hospet,Andhra Pradesh,India,0.643
7356,Nashik,Karnataka,India,0.398
7357,Ongole,West Bengal,India,0.275
7358,Visakhapatnam,Arunachal Pradesh,India,0.414
7359,Madurai,Kerala,India,0.397
7360,New Delhi,Punjab,India,0.284
7361,Surat,Tamil Nadu,India,0.358
7362,Tiruchirappalli,Chhattisgarh,India,0.155
7363,Moradabad,Bihar,India,0.448
7364,Bhagalpur,Telangana,India,0.663
7365,Dindigul,Assam,India,0.159
7366,Ulhasnagar,Goa,India,0.093
7367,Haldia,Haryana,India,0.086
7368,Guntur,Tamil Nadu,India,0.04
7369,Dewas,Uttarakhand,India,0.317
7370,Chittoor,Nagaland,India,0.216
7371,Siliguri,Odisha,India,0.483
7372,Davanagere,Tamil Nadu,India,0.321
7373,Vadodara,Nagaland,India,0.631
7374,Sangli-Miraj & Kupwad,Rajasthan,India,0.365
7375,Rajpur Sonarpur,Uttar Pradesh,India,0.149
7376,Allahabad,Nagaland,India,0.286
7377,Tenali,Rajasthan,India,0.064
7378,Bathinda,Arunachal Pradesh,India,0.474
7379,Adoni,Assam,India,0.401
7380,Nanded,Haryana,India,0.204
7381,Bathinda,Odisha,India,0.115
7382,Dhule,Odisha,India,0.169
7383,Srinagar,Haryana,India,0.334
7384,Nandyal,Chhattisgarh,India,0.219
7385,Alappuzha,Telangana,India,0.471
7386,Sambalpur,Sikkim,India,0.116
7387,Sonipat,Uttar Pradesh,India,0.325
7388,Bulandshahr,Meghalaya,India,0.047
7389,Indore,Punjab,India,0.201
7390,Sonipat,Kerala,India,0.042
7391,Danapur,Manipur,India,0.32
7392,Jamshedpur,West Bengal,India,0.23
7393,Durgapur,Chhattisgarh,India,0.055
7394,Kochi,Goa,India,0.266
7395,Tiruvottiyur,Arunachal Pradesh,India,0.36
7396,Kadapa,Kerala,India,0.048
7397,Thanjavur,Kerala,India,0.314
7398,Jamnagar,Goa,India,0.385
7399,Rampur,Uttarakhand,India,0.188
7400,Satara,Uttarakhand,India,0.516
7401,Bulandshahr,Haryana,India,0.105
7402,Satna,Assam,India,0.369
7403,Saharsa,Mizoram,India,0.187
7404,Shivpuri,Bihar,India,0.219
7405,Bhilai,Arunachal Pradesh,India,0.093
7406,Pondicherry,Tamil Nadu,India,0.277
7407,Bilaspur,Manipur,India,0.534
7408,Warangal,Himachal Pradesh,India,0.111
7409,Hindupur,Goa,India,0.586
7410,Chennai,Tamil Nadu,India,0.239
7411,New Delhi,Chhattisgarh,India,0.155
7412,Nangloi Jat,Sikkim,India,0.139
7413,Khandwa,Haryana,India,0.347
7414,Shahjahanpur,Manipur,India,0.258
7415,Katihar,Jharkhand,India,0.424
7416,Thiruvananthapuram,Mizoram,India,0.034
7417,Dehradun,Bihar,India,0.417
7418,Kumbakonam,Meghalaya,India,0.304
7419,Mathura,Gujarat,India,0.14
7420,Saharsa,Chhattisgarh,India,0.255
7421,Bhiwani,Odisha,India,0.337
7422,Purnia,Assam,India,0.425
7423,Gandhidham,Telangana,India,0.018
7424,Ahmedabad,Odisha,India,0.336
7425,Bangalore,Odisha,India,0.144
7426,Ajmer,Kerala,India,0.129
7427,Thanjavur,Goa,India,0.224
7428,Rajpur Sonarpur,Goa,India,0.13
7429,Pimpri-Chinchwad,Andhra Pradesh,India,0.209
7430,Chinsurah,Karnataka,India,0.135
7431,Delhi,Gujarat,India,0.172
7432,Asansol,Manipur,India,0.524
7433,Ambala,Maharashtra,India,0.421
7434,Vijayawada,Uttar Pradesh,India,0.155
7435,Ozhukarai,Nagaland,India,0.264
7436,Unnao,West Bengal,India,0.4
7437,Nashik,Karnataka,India,0.283
7438,Agartala,Rajasthan,India,0.108
7439,Silchar,Maharashtra,India,0.096
7440,Asansol,Jharkhand,India,0.366
7441,Solapur,Arunachal Pradesh,India,0.155
7442,Patiala,Uttarakhand,India,0.174
7443,Bihar Sharif,Andhra Pradesh,India,0.314
7444,Agra,Tamil Nadu,India,0.237
7445,Jamalpur,Maharashtra,India,0.283
7446,Ambala,Telangana,India,0.396
7447,Chandrapur,Kerala,India,0.062
7448,Bongaigaon,Bihar,India,0.218
7449,Ambarnath,Tamil Nadu,India,0.206
7450,Udaipur,Madhya Pradesh,India,0.512
7451,Coimbatore,Odisha,India,0.09
7452,Yamunanagar,Uttar Pradesh,India,0.105
7453,Jhansi,Manipur,India,0.469
7454,Shimoga,Telangana,India,0.217
7455,Panchkula,West Bengal,India,0.502
7456,Jaipur,Tripura,India,0.243
7457,Bahraich,Arunachal Pradesh,India,0.274
7458,Deoghar,Meghalaya,India,0.589
7459,Siwan,Punjab,India,0.099
7460,Raiganj,Himachal Pradesh,India,0.235
7461,Bhatpara,Karnataka,India,0.514
7462,Farrukhabad,Chhattisgarh,India,0.279
7463,Pallavaram,Maharashtra,India,0.249
7464,Udaipur,Chhattisgarh,India,0.127
7465,Ballia,Tamil Nadu,India,0.378
7466,Gopalpur,Meghalaya,India,0.549
7467,Nashik,Nagaland,India,0.123
7468,Saharanpur,Andhra Pradesh,India,0.419
7469,Bangalore,Nagaland,India,0.214
7470,Bijapur,Manipur,India,0.204
7471,Fatehpur,Karnataka,India,0.376
7472,Ambala,Punjab,India,0.492
7473,Surendranagar Dudhrej,Maharashtra,India,0.462
7474,Kalyan-Dombivli,Kerala,India,0.462
7475,Chandigarh,Mizoram,India,0.233
7476,Aligarh,Goa,India,0.164
7477,Gandhidham,Meghalaya,India,0.337
7478,Sangli-Miraj & Kupwad,Meghalaya,India,0.357
7479,Bharatpur,Tripura,India,0.375
7480,Shimla,Gujarat,India,0.623
7481,Vijayanagaram,Karnataka,India,0.37
7482,Phagwara,Punjab,India,0.495
7483,Bijapur,Mizoram,India,0.221
7484,Gurgaon,Himachal Pradesh,India,0.069
7485,Vijayanagaram,Telangana,India,0.223
7486,Amaravati,West Bengal,India,0.338
7487,Nashik,Mizoram,India,0.35
7488,Saharsa,Goa,India,0.086
7489,Bikaner,Meghalaya,India,0.247
7490,Pondicherry,Jharkhand,India,0.143
7491,Pimpri-Chinchwad,Telangana,India,0.022
7492,Thane,Haryana,India,0.342
7493,Tiruppur,Maharashtra,India,0.293
7494,Bhagalpur,West Bengal,India,0.165
7495,Raipur,Goa,India,0.176
7496,New Delhi,Mizoram,India,0.282
7497,Phagwara,Telangana,India,0.072
7498,Jaunpur,Uttarakhand,India,0.588
7499,Morena,Punjab,India,0.265
7500,Alappuzha,Maharashtra,India,0.36
7501,South Dumdum,Himachal Pradesh,India,0.124
7502,Thanjavur,Haryana,India,0.185
7503,Ambarnath,Punjab,India,0.196
7504,Thrissur,Nagaland,India,0.433
7505,Nashik,Nagaland,India,0.279
7506,Ambarnath,Tamil Nadu,India,0.106
7507,Kolkata,Manipur,India,0.197
7508,Burhanpur,Punjab,India,0.707
7509,Jorhat,Maharashtra,India,0.501
7510,Nellore,Tripura,India,0.139
7511,Moradabad,Rajasthan,India,0.064
7512,Bhiwandi,Uttar Pradesh,India,0.101
7513,Udaipur,Himachal Pradesh,India,0.423
7514,Durg,Mizoram,India,0.495
7515,Tiruppur,Meghalaya,India,0.037
7516,Ranchi,Andhra Pradesh,India,0.176
7517,Vijayanagaram,Himachal Pradesh,India,0.472
7518,Ghaziabad,Goa,India,0.171
7519,Ujjain,Assam,India,0.388
7520,Rohtak,Himachal Pradesh,India,0.099
7521,Bathinda,Chhattisgarh,India,0.402
7522,Narasaraopet,Jharkhand,India,0.302
7523,Narasaraopet,Odisha,India,0.066
7524,Kadapa,Karnataka,India,0.104
7525,Vasai-Virar,Goa,India,0.314
7526,Lucknow,Meghalaya,India,0.496
7527,Tinsukia,Odisha,India,0.265
7528,Warangal,Manipur,India,0.297
7529,Gangtok,Andhra Pradesh,India,0.029
7530,Bhiwani,Goa,India,0.286
7531,Mangalore,Jharkhand,India,0.129
7532,Ahmedabad,Punjab,India,0.207
7533,Bhagalpur,Telangana,India,0.214
7534,Ambattur,Punjab,India,0.203
7535,Jalna,Nagaland,India,0.134
7536,Howrah,Uttar Pradesh,India,0.294
7537,Saharanpur,Mizoram,India,0.352
7538,Siliguri,Chhattisgarh,India,0.249
7539,Ambala,Manipur,India,0.513
7540,Arrah,Goa,India,0.133
7541,Guntakal,Punjab,India,0.159
7542,Anand,Odisha,India,0.25
7543,Phagwara,Tamil Nadu,India,0.268
7544,Jaipur,Kerala,India,0.179
7545,Kota,Odisha,India,0.426
7546,Thoothukudi,Tripura,India,0.04
7547,Bokaro,Madhya Pradesh,India,0.227
7548,Ratlam,Haryana,India,0.284
7549,Kakinada,Telangana,India,0.055
7550,Saharanpur,Telangana,India,0.066
7551,Akola,Jharkhand,India,0.196
7552,Fatehpur,Haryana,India,0.14
7553,Cuttack,Arunachal Pradesh,India,0.183
7554,Medininagar,Assam,India,0.218
7555,Bettiah,Manipur,India,0.076
7556,Vellore,Kerala,India,0.138
7557,Akola,Andhra Pradesh,India,0.397
7558,Varanasi,Haryana,India,0.317
7559,Siliguri,Assam,India,0.489
7560,Gudivada,Manipur,India,0.205
7561,Bareilly,Assam,India,0.231
7562,Dharmavaram,Assam,India,0.209
7563,Phusro,Sikkim,India,0.195
7564,Satna,Arunachal Pradesh,India,0.062
7565,Shahjahanpur,Nagaland,India,0.377
7566,Dehradun,West Bengal,India,0.283
7567,Ahmednagar,Andhra Pradesh,India,0.153
7568,Miryalaguda,Uttarakhand,India,0.325
7569,Bhimavaram,Assam,India,0.117
7570,Yamunanagar,Tamil Nadu,India,0.351
7571,Ujjain,Punjab,India,0.402
7572,Pallavaram,Karnataka,India,0.067
7573,Sirsa,Bihar,India,0.057
7574,Belgaum,Himachal Pradesh,India,0.588
7575,Satna,Tamil Nadu,India,0.403
7576,Nadiad,Assam,India,0.42
7577,Purnia,Goa,India,0.253
7578,Jalna,Odisha,India,0.247
7579,Anand,Madhya Pradesh,India,0.126
7580,Bhopal,West Bengal,India,0.324
7581,Gaya,Madhya Pradesh,India,0.127
7582,Muzaffarnagar,Madhya Pradesh,India,0.138
7583,Raurkela Industrial Township,Uttar Pradesh,India,0.32
7584,Rourkela,Assam,India,0.116
7585,Kamarhati,Jharkhand,India,0.692
7586,Alappuzha,Haryana,India,0.373
7587,Tiruchirappalli,Meghalaya,India,0.119
7588,Nagaon,Tamil Nadu,India,0.226
7589,Tadepalligudem,Goa,India,0.217
7590,Guntakal,Andhra Pradesh,India,0.174
7591,Jabalpur,Jharkhand,India,0.074
7592,Madhyamgram,Gujarat,India,0.252
7593,Morbi,Haryana,India,0.243
7594,Kharagpur,Meghalaya,India,0.371
7595,Mangalore,Nagaland,India,0.387
7596,Dehradun,Arunachal Pradesh,India,0.325
7597,Ambala,Sikkim,India,0.376
7598,Surat,Uttarakhand,India,0.266
7599,Pondicherry,Chhattisgarh,India,0.18
7600,Belgaum,Assam,India,0.414
7601,Yamunanagar,Tamil Nadu,India,0.462
7602,Muzaffarnagar,Mizoram,India,0.282
7603,Mango,Chhattisgarh,India,0.081
7604,Miryalaguda,Karnataka,India,0.473
7605,Suryapet,Bihar,India,0.108
7606,Surendranagar Dudhrej,Mizoram,India,0.08
7607,Parbhani,Tripura,India,0.128
7608,Silchar,Andhra Pradesh,India,0.561
7609,Jalgaon,Haryana,India,0.221
7610,Anantapur,Telangana,India,0.085
7611,Sagar,Himachal Pradesh,India,0.266
7612,Darbhanga,Assam,India,0.11
7613,Gorakhpur,Telangana,India,0.231
7614,Eluru,Goa,India,0.61
7615,Tumkur,Tripura,India,0.095
7616,Vijayanagaram,Punjab,India,0.14
7617,Hubli–Dharwad,Bihar,India,0.339
7618,Jhansi,Punjab,India,0.315
7619,Bidhannagar,Andhra Pradesh,India,0.436
7620,Gandhinagar,Meghalaya,India,0.023
7621,Amravati,Odisha,India,0.09
7622,North Dumdum,Telangana,India,0.424
7623,Sikar,Telangana,India,0.339
7624,Nangloi Jat,Haryana,India,0.298
7625,Pune,Uttarakhand,India,0.191
7626,Karnal,Meghalaya,India,0.447
7627,Ambala,Haryana,India,0.311
7628,Kolkata,Punjab,India,0.341
7629,Lucknow,Punjab,India,0.307
7630,Amaravati,Mizoram,India,0.275
7631,Arrah,Odisha,India,0.21
7632,Pondicherry,Telangana,India,0.105
7633,Panchkula,Tamil Nadu,India,0.245
7634,Karimnagar,Bihar,India,0.217
7635,Raiganj,Uttar Pradesh,India,0.2
7636,Nellore,West Bengal,India,0.385
7637,Thane,Telangana,India,0.276
7638,Durgapur,Gujarat,India,0.12
7639,Sonipat,Manipur,India,0.155
7640,Miryalaguda,Goa,India,0.095
7641,Pune,Arunachal Pradesh,India,0.614
7642,Tiruchirappalli,Goa,India,0.34
7643,Berhampore,Kerala,India,0.436
7644,Bareilly,Telangana,India,0.075
7645,Shivpuri,Rajasthan,India,0.182
7646,Kishanganj,Jharkhand,India,0.245
7647,Kishanganj,Haryana,India,0.153
7648,Surat,Gujarat,India,0.023
7649,Aizawl,Odisha,India,0.313
7650,Tadepalligudem,Goa,India,0.295
7651,Bokaro,Gujarat,India,0.284
7652,Madhyamgram,Manipur,India,0.302
7653,Guntur,Himachal Pradesh,India,0.08
7654,Ratlam,Assam,India,0.536
7655,Visakhapatnam,Karnataka,India,0.576
7656,Purnia,Goa,India,0.055
7657,Kanpur,Assam,India,0.167
7658,Vasai-Virar,Karnataka,India,0.19
7659,Berhampur,Punjab,India,0.295
7660,Mahbubnagar,Meghalaya,India,0.113
7661,Agartala,Maharashtra,India,0.273
7662,Imphal,Chhattisgarh,India,0.098
7663,Mehsana,Manipur,India,0.14
7664,Jaipur,Goa,India,0.392
7665,Haldia,Rajasthan,India,0.123
7666,Mango,Himachal Pradesh,India,0.193
7667,Ambala,Nagaland,India,0.279
7668,Kottayam,Arunachal Pradesh,India,0.442
7669,Barasat,Arunachal Pradesh,India,0.188
7670,Phusro,Telangana,India,0.354
7671,Nizamabad,Uttar Pradesh,India,0.266
7672,Machilipatnam,Telangana,India,0.637
7673,Guna,Mizoram,India,0.24
7674,Singrauli,Rajasthan,India,0.589
7675,Vellore,Uttar Pradesh,India,0.272
7676,Naihati,Meghalaya,India,0.486
7677,Nadiad,Jharkhand,India,0.387
7678,Malegaon,Meghalaya,India,0.185
7679,Tinsukia,Maharashtra,India,0.275
7680,Kozhikode,Telangana,India,0.195
7681,Bhiwandi,Punjab,India,0.38
7682,Allahabad,Tamil Nadu,India,0.33
7683,Katihar,Telangana,India,0.096
7684,Solapur,Rajasthan,India,0.432
7685,Dibrugarh,Mizoram,India,0.149
7686,Dhanbad,Sikkim,India,0.2
7687,Berhampur,Assam,India,0.268
7688,Nellore,Manipur,India,0.151
7689,Miryalaguda,Uttar Pradesh,India,0.057
7690,Aurangabad,Rajasthan,India,0.553
7691,Bhopal,Uttar Pradesh,India,0.168
7692,Bidar,Mizoram,India,0.099
7693,Shimla,Madhya Pradesh,India,0.579
7694,Sagar,Punjab,India,0.272
7695,Singrauli,West Bengal,India,0.308
7696,Kalyan-Dombivli,Manipur,India,0.262
7697,Singrauli,Mizoram,India,0.477
7698,Bhind,Tripura,India,0.533
7699,Bahraich,Haryana,India,0.121
7700,Farrukhabad,Arunachal Pradesh,India,0.357
7701,Indore,Bihar,India,0.385
7702,Anantapur,Maharashtra,India,0.04
7703,Gorakhpur,Goa,India,0.12
7704,Loni,Jharkhand,India,0.03
7705,Imphal,West Bengal,India,0.372
7706,Malda,Manipur,India,0.316
7707,Thane,Goa,India,0.087
7708,Nashik,Himachal Pradesh,India,0.221
7709,Surendranagar Dudhrej,West Bengal,India,0.319
7710,Guna,Meghalaya,India,0.178
7711,Agartala,Maharashtra,India,0.304
7712,Saharsa,Rajasthan,India,0.122
7713,Ambattur,Maharashtra,India,0.109
7714,Bongaigaon,Nagaland,India,0.214
7715,Delhi,Punjab,India,0.321
7716,Pimpri-Chinchwad,Karnataka,India,0.13
7717,Aligarh,Assam,India,0.367
7718,Rajahmundry,Rajasthan,India,0.6
7719,Coimbatore,Gujarat,India,0.25
7720,Davanagere,Andhra Pradesh,India,0.298
7721,Sangli-Miraj & Kupwad,Uttar Pradesh,India,0.123
7722,Motihari,Himachal Pradesh,India,0.358
7723,Sikar,Arunachal Pradesh,India,0.193
7724,Burhanpur,Maharashtra,India,0.786
7725,Kishanganj,Haryana,India,0.098
7726,Anand,Goa,India,0.262
7727,Orai,Himachal Pradesh,India,0.102
7728,Kumbakonam,Nagaland,India,0.201
7729,Haldia,Rajasthan,India,0.161
7730,Howrah,Uttarakhand,India,0.31
7731,Kavali,Manipur,India,0.277
7732,Tadepalligudem,Tamil Nadu,India,0.245
7733,North Dumdum,Karnataka,India,0.079
7734,Gurgaon,Nagaland,India,0.582
7735,Aligarh,Rajasthan,India,0.422
7736,Dhanbad,Chhattisgarh,India,0.513
7737,Dewas,Goa,India,0.14
7738,Guna,Telangana,India,0.505
7739,Tezpur,Telangana,India,0.306
7740,Morena,Odisha,India,0.294
7741,Bhagalpur,Himachal Pradesh,India,0.159
7742,Singrauli,Bihar,India,0.122
7743,Kamarhati,Chhattisgarh,India,0.474
7744,Bangalore,Karnataka,India,0.533
7745,Karaikudi,Manipur,India,0.201
7746,Pondicherry,Mizoram,India,0.258
7747,Kakinada,Odisha,India,0.115
7748,Buxar,Manipur,India,0.179
7749,Latur,Tamil Nadu,India,0.071
7750,Dewas,Chhattisgarh,India,0.559
7751,Chandigarh,Odisha,India,0.066
7752,Hyderabad,Uttarakhand,India,0.305
7753,Tezpur,Tripura,India,0.243
7754,Panihati,Uttarakhand,India,0.701
7755,Ratlam,Punjab,India,0.412
7756,Ratlam,Nagaland,India,0.548
7757,Tiruppur,Manipur,India,0.303
7758,Hyderabad,Karnataka,India,0.557
7759,Jammu,Tripura,India,0.188
7760,Dharmavaram,Chhattisgarh,India,0.145
7761,Giridih,Chhattisgarh,India,0.205
7762,Kalyan-Dombivli,Bihar,India,0.362
7763,Motihari,Andhra Pradesh,India,0.667
7764,Arrah,Madhya Pradesh,India,0.238
7765,Farrukhabad,Himachal Pradesh,India,0.127
7766,Bhalswa Jahangir Pur,Odisha,India,0.161
7767,Varanasi,West Bengal,India,0.472
7768,Ongole,Haryana,India,0.159
7769,Anantapur,Sikkim,India,0.223
7770,Ballia,Assam,India,0.115
7771,Serampore,Gujarat,India,0.259
7772,Mahbubnagar,Meghalaya,India,0.344
7773,Chandrapur,Goa,India,0.421
7774,Noida,Mizoram,India,0.105
7775,Rewa,Karnataka,India,0.363
7776,Durgapur,Bihar,India,0.265
7777,Bilaspur,Maharashtra,India,0.092
7778,Chennai,Nagaland,India,0.273
7779,Panipat,Punjab,India,0.436
7780,Guwahati,Bihar,India,0.331
7781,Kalyan-Dombivli,Uttarakhand,India,0.198
7782,Cuttack,Rajasthan,India,0.087
7783,Bhatpara,Uttar Pradesh,India,0.355
7784,Patiala,Sikkim,India,0.149
7785,Shahjahanpur,Himachal Pradesh,India,0.496
7786,Hubli–Dharwad,Tamil Nadu,India,0.629
7787,Salem,Bihar,India,0.329
7788,Danapur,Tamil Nadu,India,0.106
7789,Raipur,Mizoram,India,0.234
7790,Purnia,Goa,India,0.094
7791,Ozhukarai,Arunachal Pradesh,India,0.288
7792,Haldia,Arunachal Pradesh,India,0.16
7793,Siwan,Manipur,India,0.271
7794,Mehsana,Himachal Pradesh,India,0.51
7795,Avadi,Kerala,India,0.348
7796,Purnia,Arunachal Pradesh,India,0.3
7797,Khammam,Meghalaya,India,0.13
7798,Bally,Telangana,India,0.352
7799,Munger,Rajasthan,India,0.467
7800,Raipur,Manipur,India,0.125
7801,Kurnool,West Bengal,India,0.35
7802,Pali,Telangana,India,0.22
7803,Chinsurah,Tamil Nadu,India,0.093
7804,Sangli-Miraj & Kupwad,Goa,India,0.318
7805,Kakinada,Nagaland,India,0.288
7806,Saharanpur,Karnataka,India,0.26
7807,Gudivada,Andhra Pradesh,India,0.084
7808,Vasai-Virar,Goa,India,0.176
7809,Aligarh,Sikkim,India,0.211
7810,Sikar,Uttar Pradesh,India,0.242
7811,Bhubaneswar,Andhra Pradesh,India,0.143
7812,Morbi,West Bengal,India,0.134
7813,Dehri,Telangana,India,0.444
7814,Sasaram,Andhra Pradesh,India,0.543
7815,Ulhasnagar,Chhattisgarh,India,0.266
7816,Shimoga,Uttarakhand,India,0.693
7817,Phusro,Odisha,India,0.226
7818,Chittoor,Meghalaya,India,0.392
7819,Gudivada,Chhattisgarh,India,0.321
7820,Ozhukarai,Goa,India,0.434
7821,Nagpur,Himachal Pradesh,India,0.138
7822,Patiala,Maharashtra,India,0.23
7823,Visakhapatnam,Sikkim,India,0.19
7824,Bettiah,Uttarakhand,India,0.645
7825,Bhubaneswar,Rajasthan,India,0.393
7826,Panipat,Sikkim,India,0.251
7827,Aizawl,Sikkim,India,0.236
7828,Madhyamgram,Tripura,India,0.064
7829,Bhusawal,Telangana,India,0.202
7830,New Delhi,Haryana,India,0.1
7831,Anantapur,Andhra Pradesh,India,0.315
7832,Jamnagar,Jharkhand,India,0.097
7833,Bahraich,Rajasthan,India,0.592
7834,Deoghar,Tripura,India,0.097
7835,Uluberia,Haryana,India,0.342
7836,Nagpur,Sikkim,India,0.479
7837,Katihar,Himachal Pradesh,India,0.669
7838,Motihari,Madhya Pradesh,India,0.107
7839,Rajahmundry,Assam,India,0.08
7840,Dehri,Odisha,India,0.139
7841,Purnia,Kerala,India,0.229
7842,Faridabad,Karnataka,India,0.327
7843,Saharanpur,Odisha,India,0.241
7844,Bidhannagar,Sikkim,India,0.243
7845,Purnia,Goa,India,0.179
7846,Jamalpur,Mizoram,India,0.078
7847,Durg,Himachal Pradesh,India,0.402
7848,Hajipur,Rajasthan,India,0.524
7849,Pali,Chhattisgarh,India,0.378
7850,Kolhapur,Uttarakhand,India,0.267
7851,Mirzapur,Karnataka,India,0.558
7852,Kamarhati,Goa,India,0.063
7853,Bardhaman,Tripura,India,0.243
7854,New Delhi,Manipur,India,0.223
7855,Guntakal,Madhya Pradesh,India,0.105
7856,Panipat,Mizoram,India,0.109
7857,Raurkela Industrial Township,Jharkhand,India,0.172
7858,Mango,Mizoram,India,0.167
7859,Jalna,Assam,India,0.141
7860,Nagercoil,Nagaland,India,0.181
7861,Anand,Mizoram,India,0.2
7862,Thrissur,Rajasthan,India,0.306
7863,Raurkela Industrial Township,Meghalaya,India,0.211
7864,Tinsukia,Goa,India,0.135
7865,Gulbarga,Telangana,India,0.153
7866,Srikakulam,Telangana,India,0.294
7867,Guwahati,West Bengal,India,0.21
7868,Nellore,Tamil Nadu,India,0.487
7869,Pudukkottai,Mizoram,India,0.346
7870,Tiruvottiyur,Rajasthan,India,0.305
7871,Latur,Arunachal Pradesh,India,0.193
7872,Nanded,Kerala,India,0.449
7873,Pali,Tamil Nadu,India,0.135
7874,Pudukkottai,Goa,India,0.451
7875,Anand,Tripura,India,0.404
7876,Chinsurah,Manipur,India,0.319
7877,Amroha,Telangana,India,0.715
7878,Pudukkottai,Manipur,India,0.257
7879,Madanapalle,Sikkim,India,0.148
7880,Kavali,Andhra Pradesh,India,0.311
7881,Katni,Telangana,India,0.465
7882,Surendranagar Dudhrej,Uttarakhand,India,0.25
7883,Thane,Sikkim,India,0.56
7884,Haldia,Nagaland,India,0.552
7885,Aurangabad,Haryana,India,0.373
7886,Karimnagar,Goa,India,0.26
7887,Bijapur,Karnataka,India,0.411
7888,Ambattur,Tamil Nadu,India,0.343
7889,Alappuzha,Meghalaya,India,0.191
7890,Dindigul,Telangana,India,0.266
7891,Ahmednagar,Meghalaya,India,0.43
7892,Kollam,Haryana,India,0.178
7893,Khammam,Meghalaya,India,0.21
7894,Sirsa,Goa,India,0.306
7895,Thrissur,Tripura,India,0.356
7896,Loni,Assam,India,0.109
7897,Sambalpur,Uttar Pradesh,India,0.086
7898,Ahmednagar,Haryana,India,0.296
7899,Varanasi,Haryana,India,0.703
7900,Morena,Punjab,India,0.194
7901,Ahmedabad,Uttarakhand,India,0.206
7902,Rajahmundry,Mizoram,India,0.217
7903,Khandwa,Telangana,India,0.202
7904,Sagar,Mizoram,India,0.257
7905,Gandhinagar,Bihar,India,0.3
7906,Burhanpur,Assam,India,0.551
7907,Sagar,Uttar Pradesh,India,0.319
7908,Bijapur,Tripura,India,0.205
7909,Mumbai,Bihar,India,0.363
7910,Sasaram,Sikkim,India,0.252
7911,Orai,Madhya Pradesh,India,0.654
7912,Alwar,Goa,India,0.098
7913,Nizamabad,Odisha,India,0.327
7914,Jaipur,Haryana,India,0.171
7915,Ambattur,Manipur,India,0.192
7916,Pali,Telangana,India,0.048
7917,Bally,Arunachal Pradesh,India,0.446
7918,Secunderabad,Karnataka,India,0.39
7919,Dehri,Kerala,India,0.529
7920,Tezpur,Madhya Pradesh,India,0.121
7921,Dehradun,Chhattisgarh,India,0.079
7922,Mira-Bhayandar,Jharkhand,India,0.361
7923,Chennai,Telangana,India,0.131
7924,Muzaffarnagar,Himachal Pradesh,India,0.109
7925,Tiruvottiyur,Himachal Pradesh,India,0.24
7926,Ahmednagar,Tamil Nadu,India,0.152
7927,Berhampur,Madhya Pradesh,India,0.359
7928,Ambarnath,Madhya Pradesh,India,0.027
7929,Malegaon,Jharkhand,India,0.07
7930,Miryalaguda,Andhra Pradesh,India,0.148
7931,Bardhaman,Telangana,India,0.22
7932,Sasaram,Andhra Pradesh,India,0.171
7933,Patiala,Tripura,India,0.183
7934,Kota,Madhya Pradesh,India,0.184
7935,Gorakhpur,West Bengal,India,0.122
7936,Alappuzha,Uttarakhand,India,0.062
7937,Bidhannagar,Chhattisgarh,India,0.413
7938,Tinsukia,Karnataka,India,0.415
7939,Bally,Maharashtra,India,0.184
7940,Durg,Odisha,India,0.33
7941,Karimnagar,Tamil Nadu,India,0.342
7942,Thanjavur,Tamil Nadu,India,0.175
7943,Jalandhar,Rajasthan,India,0.263
7944,Jalandhar,Odisha,India,0.476
7945,Singrauli,Bihar,India,0.058
7946,Phagwara,Rajasthan,India,0.174
7947,Durgapur,Himachal Pradesh,India,0.159
7948,Saharanpur,Jharkhand,India,0.25
7949,Jehanabad,Karnataka,India,0.194
7950,Karimnagar,Bihar,India,0.157
7951,Udaipur,Uttar Pradesh,India,0.269
7952,Ulhasnagar,Arunachal Pradesh,India,0.299
7953,Bihar Sharif,Bihar,India,0.253
7954,Katni,Kerala,India,0.43
7955,Phusro,Goa,India,0.351
7956,Rourkela,Karnataka,India,0.159
7957,Guntur,Jharkhand,India,0.165
7958,Sikar,Mizoram,India,0.11
7959,Hindupur,Odisha,India,0.135
7960,Nagpur,Maharashtra,India,0.386
7961,Bikaner,Meghalaya,India,0.14
7962,Anantapur,Jharkhand,India,0.451
7963,Ramgarh,Manipur,India,0.107
7964,Nangloi Jat,Kerala,India,0.179
7965,Hospet,Kerala,India,0.103
7966,Jamnagar,Goa,India,0.26
7967,Buxar,Himachal Pradesh,India,0.275
7968,Rourkela,Goa,India,0.498
7969,Raichur,Mizoram,India,0.092
7970,Chennai,Tripura,India,0.062
7971,Kakinada,Nagaland,India,0.387
7972,Saharanpur,Tamil Nadu,India,0.755
7973,Proddatur,West Bengal,India,0.289
7974,Tezpur,Uttarakhand,India,0.189
7975,Patna,Jharkhand,India,0.402
7976,Gopalpur,Kerala,India,0.03
7977,Parbhani,Arunachal Pradesh,India,0.409
7978,Kadapa,Madhya Pradesh,India,0.382
7979,Gandhinagar,Rajasthan,India,0.141
7980,Bhavnagar,Himachal Pradesh,India,0.369
7981,Kharagpur,Punjab,India,0.174
7982,Kirari Suleman Nagar,West Bengal,India,0.341
7983,Coimbatore,Punjab,India,0.38
7984,Sikar,West Bengal,India,0.623
7985,Nandyal,Nagaland,India,0.107
7986,Kakinada,Karnataka,India,0.282
7987,Bharatpur,Bihar,India,0.145
7988,Haridwar,Tripura,India,0.379
7989,Udaipur,Telangana,India,0.185
7990,Kochi,Mizoram,India,0.404
7991,Ajmer,Himachal Pradesh,India,0.351
7992,Kalyan-Dombivli,Tamil Nadu,India,0.248
7993,Mehsana,Maharashtra,India,0.131
7994,Unnao,Jharkhand,India,0.134
7995,Ajmer,Manipur,India,0.38
7996,Rewa,Jharkhand,India,0.33
7997,Bhagalpur,Telangana,India,0.169
7998,Khammam,Odisha,India,0.305
7999,Nagercoil,Sikkim,India,0.337
8000,Muzaffarpur,Assam,India,0.21
8001,Udupi,Karnataka,India,0.289
8002,Avadi,Haryana,India,0.278
8003,Bangalore,Rajasthan,India,0.41
8004,Allahabad,Telangana,India,0.083
8005,Ghaziabad,Rajasthan,India,0.073
8006,Hosur,Uttar Pradesh,India,0.2
8007,Tiruvottiyur,Arunachal Pradesh,India,0.061
8008,Gandhidham,Uttarakhand,India,0.543
8009,Ratlam,Jharkhand,India,0.237
8010,Danapur,Haryana,India,0.146
8011,Anantapuram,Tripura,India,0.412
8012,Jorhat,Arunachal Pradesh,India,0.405
8013,Korba,Manipur,India,0.273
8014,Ujjain,Arunachal Pradesh,India,0.18
8015,Kanpur,Andhra Pradesh,India,0.228
8016,Firozabad,Punjab,India,0.336
8017,Surat,Andhra Pradesh,India,0.35
8018,Bareilly,Andhra Pradesh,India,0.575
8019,South Dumdum,Tripura,India,0.261
8020,Surat,Haryana,India,0.206
8021,Bhavnagar,Punjab,India,0.175
8022,Agra,Punjab,India,0.225
8023,Dibrugarh,Madhya Pradesh,India,0.103
8024,Gopalpur,Nagaland,India,0.372
8025,Navi Mumbai,Tripura,India,0.357
8026,Mangalore,Nagaland,India,0.307
8027,Tumkur,Sikkim,India,0.26
8028,Sultan Pur Majra,Meghalaya,India,0.055
8029,Coimbatore,Meghalaya,India,0.047
8030,Thoothukudi,Kerala,India,0.108
8031,Muzaffarnagar,Assam,India,0.061
8032,Tadepalligudem,Haryana,India,0.253
8033,Motihari,Manipur,India,0.101
8034,Nadiad,Odisha,India,0.176
8035,Pudukkottai,Uttarakhand,India,0.496
8036,Tezpur,Karnataka,India,0.055
8037,Farrukhabad,Nagaland,India,0.3
8038,Chennai,Goa,India,0.541
8039,Mira-Bhayandar,Haryana,India,0.121
8040,Guntakal,Punjab,India,0.189
8041,Secunderabad,Rajasthan,India,0.198
8042,Rajkot,Karnataka,India,0.265
8043,Mehsana,Manipur,India,0.25
8044,Hosur,Bihar,India,0.57
8045,Berhampur,Andhra Pradesh,India,0.286
8046,Anantapur,Meghalaya,India,0.163
8047,Bijapur,Telangana,India,0.379
8048,Farrukhabad,Gujarat,India,0.467
8049,Jaunpur,Tamil Nadu,India,0.47
8050,Chennai,Odisha,India,0.434
8051,Muzaffarnagar,Sikkim,India,0.402
8052,Ballia,Manipur,India,0.275
8053,Jorhat,Tamil Nadu,India,0.211
8054,Dehri,Uttar Pradesh,India,0.279
8055,Machilipatnam,Goa,India,0.57
8056,Eluru,Andhra Pradesh,India,0.22
8057,Jhansi,Maharashtra,India,0.195
8058,Karaikudi,Manipur,India,0.196
8059,Panvel,Tripura,India,0.287
8060,Srinagar,Sikkim,India,0.097
8061,Belgaum,Punjab,India,0.496
8062,Pali,Punjab,India,0.102
8063,Bahraich,Madhya Pradesh,India,0.344
8064,Madurai,Manipur,India,0.147
8065,Panihati,Karnataka,India,0.373
8066,Thiruvananthapuram,Himachal Pradesh,India,0.051
8067,Udupi,Goa,India,0.21
8068,Maheshtala,Jharkhand,India,0.179
8069,Dhanbad,Andhra Pradesh,India,0.205
8070,Patiala,Tamil Nadu,India,0.14
8071,Bidar,Punjab,India,0.09
8072,Kalyan-Dombivli,Rajasthan,India,0.216
8073,Anantapuram,Assam,India,0.098
8074,Ahmedabad,Telangana,India,0.468
8075,Etawah,Uttarakhand,India,0.498
8076,Muzaffarnagar,Telangana,India,0.408
8077,Dhanbad,Odisha,India,0.102
8078,Bhind,Himachal Pradesh,India,0.241
8079,Rajkot,Sikkim,India,0.04
8080,Mau,Chhattisgarh,India,0.266
8081,Chandigarh,Bihar,India,0.321
8082,Tiruvottiyur,Nagaland,India,0.218
8083,Kolhapur,Gujarat,India,0.397
8084,Thrissur,Jharkhand,India,0.319
8085,Saharanpur,West Bengal,India,0.188
8086,Eluru,Haryana,India,0.443
8087,Bijapur,Goa,India,0.002
8088,Bhavnagar,Madhya Pradesh,India,0.588
8089,Madanapalle,Punjab,India,0.048
8090,Jehanabad,Tripura,India,0.271
8091,Pallavaram,Tripura,India,0.33
8092,Sikar,Himachal Pradesh,India,0.483
8093,Delhi,Telangana,India,0.559
8094,Vijayanagaram,Andhra Pradesh,India,0.396
8095,Kulti,Bihar,India,0.211
8096,Karaikudi,West Bengal,India,0.078
8097,Sangli-Miraj & Kupwad,Tripura,India,0.172
8098,Kanpur,Mizoram,India,0.139
8099,Thiruvananthapuram,Telangana,India,0.331
8100,Jalgaon,Meghalaya,India,0.123
8101,Moradabad,Manipur,India,0.277
8102,Pudukkottai,Haryana,India,0.602
8103,Mahbubnagar,Bihar,India,0.048
8104,Guna,Himachal Pradesh,India,0.215
8105,Agartala,Uttar Pradesh,India,0.297
8106,Chinsurah,Uttar Pradesh,India,0.381
8107,Bhilai,Telangana,India,0.107
8108,Nangloi Jat,Jharkhand,India,0.158
8109,Patna,Uttar Pradesh,India,0.222
8110,Davanagere,Bihar,India,0.143
8111,Bettiah,Odisha,India,0.181
8112,Bhilai,Sikkim,India,0.134
8113,Secunderabad,Meghalaya,India,0.446
8114,Madanapalle,Chhattisgarh,India,0.191
8115,Maheshtala,West Bengal,India,0.205
8116,Ghaziabad,Bihar,India,0.061
8117,Rajkot,Maharashtra,India,0.409
8118,Karaikudi,Assam,India,0.172
8119,Bareilly,Goa,India,0.303
8120,Giridih,Haryana,India,0.077
8121,Tezpur,Bihar,India,0.477
8122,Guntakal,Arunachal Pradesh,India,0.163
8123,Ghaziabad,Assam,India,0.075
8124,Rewa,Uttar Pradesh,India,0.106
8125,Jamnagar,Tamil Nadu,India,0.071
8126,Agra,Bihar,India,0.5
8127,Coimbatore,Rajasthan,India,0.445
8128,Pune,Nagaland,India,0.271
8129,Indore,Meghalaya,India,0.137
8130,Morena,Uttar Pradesh,India,0.369
8131,Bellary,Telangana,India,0.149
8132,Bhagalpur,Karnataka,India,0.283
8133,Morena,Gujarat,India,0.29
8134,Udaipur,Uttarakhand,India,0.015
8135,Jalgaon,Meghalaya,India,0.124
8136,Bhusawal,Uttarakhand,India,0.572
8137,Latur,Uttarakhand,India,0.188
8138,Etawah,Goa,India,0.644
8139,Vijayanagaram,Mizoram,India,0.35
8140,Machilipatnam,Gujarat,India,0.56
8141,Fatehpur,Kerala,India,0.341
8142,Thoothukudi,Jharkhand,India,0.002
8143,Nandyal,Madhya Pradesh,India,0.119
8144,Jalna,Uttarakhand,India,0.161
8145,Nashik,Andhra Pradesh,India,0.122
8146,Buxar,Odisha,India,0.568
8147,Secunderabad,Arunachal Pradesh,India,0.274
8148,Bareilly,Rajasthan,India,0.309
8149,Suryapet,Gujarat,India,0.315
8150,Amaravati,Odisha,India,0.201
8151,Mirzapur,Tripura,India,0.362
8152,Medininagar,Madhya Pradesh,India,0.448
8153,Orai,Odisha,India,0.833
8154,Jaipur,Rajasthan,India,0.355
8155,Tumkur,Andhra Pradesh,India,0.13
8156,Hindupur,Gujarat,India,0.511
8157,Patna,Chhattisgarh,India,0.489
8158,Ludhiana,Punjab,India,0.168
8159,Chandrapur,Arunachal Pradesh,India,0.173
8160,Surat,Assam,India,0.58
8161,Tiruvottiyur,Maharashtra,India,0.116
8162,Morena,Manipur,India,0.142
8163,Ratlam,Telangana,India,0.218
8164,Guntur,Karnataka,India,0.511
8165,Danapur,Punjab,India,0.192
8166,Gangtok,West Bengal,India,0.382
8167,Jaipur,Goa,India,0.109
8168,Navi Mumbai,Goa,India,0.322
8169,Gopalpur,Tamil Nadu,India,0.091
8170,Gangtok,Arunachal Pradesh,India,0.191
8171,Gangtok,Meghalaya,India,0.424
8172,Nangloi Jat,Nagaland,India,0.309
8173,Karawal Nagar,Uttarakhand,India,0.502
8174,Morena,Telangana,India,0.387
8175,Hosur,Tripura,India,0.376
8176,Buxar,Karnataka,India,0.629
8177,South Dumdum,Uttarakhand,India,0.306
8178,Varanasi,Assam,India,0.03
8179,Vadodara,Manipur,India,0.381
8180,Serampore,Chhattisgarh,India,0.283
8181,Bhind,Odisha,India,0.095
8182,Dindigul,Andhra Pradesh,India,0.44
8183,Guntur,Assam,India,0.534
8184,Ichalkaranji,Tripura,India,0.362
8185,Kishanganj,Rajasthan,India,0.147
8186,Phusro,Mizoram,India,0.457
8187,Jamalpur,Nagaland,India,0.363
8188,Avadi,Arunachal Pradesh,India,0.608
8189,Chandigarh,Uttar Pradesh,India,0.209
8190,Patiala,Telangana,India,0.476
8191,Vasai-Virar,Manipur,India,0.34
8192,Jalna,Himachal Pradesh,India,0.399
8193,Raipur,Gujarat,India,0.274
8194,Thiruvananthapuram,Tripura,India,0.126
8195,Patna,Chhattisgarh,India,0.046
8196,Rampur,Uttarakhand,India,0.297
8197,Chittoor,Maharashtra,India,0.358
8198,Giridih,Goa,India,0.042
8199,Gandhidham,Manipur,India,0.303
8200,Berhampur,Assam,India,0.395
8201,Firozabad,Punjab,India,0.736
8202,Thoothukudi,Himachal Pradesh,India,0.418
8203,Pondicherry,Karnataka,India,0.29
8204,Shimoga,Jharkhand,India,0.379
8205,Ahmedabad,West Bengal,India,0.151
8206,Sagar,Manipur,India,0.092
8207,Rourkela,Chhattisgarh,India,0.243
8208,Buxar,Andhra Pradesh,India,0.555
8209,Asansol,Haryana,India,0.201
8210,Tadepalligudem,Odisha,India,0.078
8211,Uluberia,Jharkhand,India,0.244
8212,Kulti,Andhra Pradesh,India,0.256
8213,Bhilai,Jharkhand,India,0.217
8214,Hyderabad,Maharashtra,India,0.374
8215,Allahabad,Nagaland,India,0.296
8216,Ballia,Nagaland,India,0.107
8217,Motihari,Arunachal Pradesh,India,0.03
8218,Ulhasnagar,Uttar Pradesh,India,0.169
8219,Kishanganj,Haryana,India,0.192
8220,Jaipur,Madhya Pradesh,India,0.315
8221,Surat,Arunachal Pradesh,India,0.232
8222,Jalgaon,Kerala,India,0.12
8223,Guwahati,Mizoram,India,0.305
8224,North Dumdum,Himachal Pradesh,India,0.285
8225,Dehradun,Sikkim,India,0.143
8226,Firozabad,Bihar,India,0.359
8227,Dehradun,Mizoram,India,0.26
8228,Saharsa,Punjab,India,0.232
8229,Rohtak,Tripura,India,0.5
8230,Madanapalle,Karnataka,India,0.017
8231,Tadipatri,Gujarat,India,0.291
8232,Sikar,Telangana,India,0.464
8233,Surat,West Bengal,India,0.206
8234,Tezpur,Goa,India,0.119
8235,Ichalkaranji,Meghalaya,India,0.037
8236,Pudukkottai,Assam,India,0.087
8237,Kavali,Goa,India,0.358
8238,Anantapur,Mizoram,India,0.158
8239,Mango,Gujarat,India,0.606
8240,Bhopal,Sikkim,India,0.175
8241,Mango,Goa,India,0.176
8242,Bhimavaram,Odisha,India,0.23
8243,Gorakhpur,Madhya Pradesh,India,0.449
8244,Barasat,Meghalaya,India,0.244
8245,Kollam,Meghalaya,India,0.301
8246,Madhyamgram,Goa,India,0.095
8247,Hapur,Bihar,India,0.13
8248,Erode,Chhattisgarh,India,0.253
8249,Ichalkaranji,Goa,India,0.045
8250,Kolkata,Assam,India,0.124
8251,Belgaum,Assam,India,0.485
8252,Khandwa,Tamil Nadu,India,0.191
8253,Mau,Kerala,India,0.424
8254,Nanded,Odisha,India,0.09
8255,Nagpur,Rajasthan,India,0.13
8256,Jamalpur,Mizoram,India,0.152
8257,Darbhanga,Odisha,India,0.411
8258,Thoothukudi,Himachal Pradesh,India,0.397
8259,Chinsurah,Assam,India,0.111
8260,Nangloi Jat,Jharkhand,India,0.166
8261,Vasai-Virar,West Bengal,India,0.363
8262,Chinsurah,Meghalaya,India,0.155
8263,Tadipatri,Andhra Pradesh,India,0.619
8264,Rajpur Sonarpur,Punjab,India,0.286
8265,Anantapur,Haryana,India,0.483
8266,Jamshedpur,Mizoram,India,0.037
8267,Berhampur,Goa,India,0.349
8268,Ballia,Odisha,India,0.469
8269,Pimpri-Chinchwad,Haryana,India,0.196
8270,Siliguri,Rajasthan,India,0.747
8271,Kota,Madhya Pradesh,India,0.349
8272,Shivpuri,Gujarat,India,0.448
8273,Bidar,Meghalaya,India,0.211
8274,Raebareli,Gujarat,India,0.185
8275,Gandhidham,Manipur,India,0.51
8276,Patna,Sikkim,India,0.201
8277,Aurangabad,Madhya Pradesh,India,0.149
8278,Giridih,Bihar,India,0.187
8279,Sambhal,Rajasthan,India,0.209
8280,Dhanbad,Sikkim,India,0.173
8281,Kochi,Mizoram,India,0.476
8282,Raiganj,Bihar,India,0.137
8283,Suryapet,Sikkim,India,0.284
8284,Rampur,Jharkhand,India,0.111
8285,Tirunelveli,Nagaland,India,0.309
8286,Yamunanagar,West Bengal,India,0.286
8287,Eluru,Mizoram,India,0.241
8288,Bidhannagar,Meghalaya,India,0.178
8289,Gangtok,Haryana,India,0.136
8290,Loni,Nagaland,India,0.151
8291,Chinsurah,Goa,India,0.312
8292,Tinsukia,Maharashtra,India,0.21
8293,Tiruchirappalli,Chhattisgarh,India,0.346
8294,Hazaribagh,Tripura,India,0.57
8295,Aizawl,Mizoram,India,0.233
8296,Buxar,Haryana,India,0.427
8297,Mysore,Nagaland,India,0.359
8298,Kolkata,Odisha,India,0.173
8299,Bidhannagar,Andhra Pradesh,India,0.074
8300,Rourkela,West Bengal,India,0.657
8301,Delhi,Mizoram,India,0.445
8302,Panchkula,Punjab,India,0.536
8303,Sirsa,Karnataka,India,0.367
8304,Bidhannagar,Sikkim,India,0.476
8305,Satara,Arunachal Pradesh,India,0.174
8306,Kurnool,Haryana,India,0.101
8307,Silchar,Odisha,India,0.257
8308,Patna,Himachal Pradesh,India,0.133
8309,Arrah,Punjab,India,0.643
8310,North Dumdum,Chhattisgarh,India,0.354
8311,Muzaffarpur,Maharashtra,India,0.351
8312,Amaravati,Telangana,India,0.635
8313,Burhanpur,Tripura,India,0.551
8314,Jamnagar,Himachal Pradesh,India,0.189
8315,Nadiad,Uttarakhand,India,0.282
8316,Thanjavur,Assam,India,0.469
8317,Berhampore,Rajasthan,India,0.14
8318,Anantapur,Haryana,India,0.205
8319,Uluberia,Andhra Pradesh,India,0.143
8320,Rajahmundry,Goa,India,0.358
8321,Korba,Jharkhand,India,0.231
8322,Bhatpara,Madhya Pradesh,India,0.045
8323,Khandwa,Uttar Pradesh,India,0.046
8324,Panihati,Rajasthan,India,0.266
8325,Ujjain,Karnataka,India,0.342
8326,Sikar,Jharkhand,India,0.17
8327,Orai,West Bengal,India,0.099
8328,Darbhanga,Himachal Pradesh,India,0.579
8329,Deoghar,Kerala,India,0.306
8330,Noida,Assam,India,0.43
8331,Fatehpur,Meghalaya,India,0.069
8332,Katihar,Bihar,India,0.492
8333,Chittoor,Punjab,India,0.506
8334,Junagadh,Manipur,India,0.125
8335,Rampur,Arunachal Pradesh,India,0.244
8336,Patna,Tamil Nadu,India,0.198
8337,Bhubaneswar,Madhya Pradesh,India,0.499
8338,Yamunanagar,Bihar,India,0.176
8339,Jorhat,Uttarakhand,India,0.611
8340,Mysore,Assam,India,0.311
8341,Danapur,Goa,India,0.081
8342,Warangal,Uttarakhand,India,0.135
8343,Warangal,Tamil Nadu,India,0.154
8344,Allahabad,Tripura,India,0.288
8345,Sri Ganganagar,West Bengal,India,0.268
8346,Baranagar,Andhra Pradesh,India,0.373
8347,Parbhani,Chhattisgarh,India,0.34
8348,Munger,Bihar,India,0.12
8349,Sikar,Arunachal Pradesh,India,0.333
8350,Thrissur,Uttar Pradesh,India,0.268
8351,Jalna,Uttarakhand,India,0.164
8352,Bhiwandi,Gujarat,India,0.071
8353,Jehanabad,Bihar,India,0.076
8354,Tinsukia,Manipur,India,0.523
8355,Arrah,Meghalaya,India,0.647
8356,Nagpur,Telangana,India,0.246
8357,Guntakal,Gujarat,India,0.239
8358,Ludhiana,Nagaland,India,0.384
8359,Mysore,Odisha,India,0.055
8360,Kolkata,Tamil Nadu,India,0.098
8361,Bhusawal,Goa,India,0.242
8362,Bellary,Madhya Pradesh,India,0.315
8363,Noida,Maharashtra,India,0.292
8364,Tezpur,Haryana,India,0.065
8365,Thiruvananthapuram,Goa,India,0.083
8366,Giridih,Chhattisgarh,India,0.022
8367,Agra,Rajasthan,India,0.237
8368,Raichur,Karnataka,India,0.655
8369,Bettiah,Meghalaya,India,0.3
8370,North Dumdum,Goa,India,0.453
8371,Bongaigaon,Nagaland,India,0.303
8372,Tadepalligudem,Andhra Pradesh,India,0.575
8373,Gaya,Manipur,India,0.225
8374,Ratlam,Bihar,India,0.383
8375,Eluru,Jharkhand,India,0.054
8376,Kanpur,Maharashtra,India,0.528
8377,Kulti,Chhattisgarh,India,0.133
8378,Kavali,Uttar Pradesh,India,0.105
8379,Guntur,Tripura,India,0.387
8380,Bhiwandi,Odisha,India,0.212
8381,Serampore,Chhattisgarh,India,0.082
8382,Warangal,Tamil Nadu,India,0.373
8383,Chandrapur,Assam,India,0.18
8384,Kamarhati,Tripura,India,0.27
8385,Rewa,Nagaland,India,0.217
8386,Navi Mumbai,Rajasthan,India,0.437
8387,Chapra,Haryana,India,0.456
8388,Barasat,Arunachal Pradesh,India,0.382
8389,Bijapur,Bihar,India,0.393
8390,Kollam,Meghalaya,India,0.36
8391,Avadi,Arunachal Pradesh,India,0.35
8392,Nangloi Jat,Haryana,India,0.102
8393,Vasai-Virar,Jharkhand,India,0.374
8394,Pondicherry,Tamil Nadu,India,0.188
8395,Gandhidham,Gujarat,India,0.377
8396,Bhimavaram,Karnataka,India,0.456
8397,Gulbarga,Chhattisgarh,India,0.122
8398,Phagwara,Bihar,India,0.25
8399,Karawal Nagar,Maharashtra,India,0.213
8400,Ulhasnagar,Telangana,India,0.25
8401,Kurnool,Tripura,India,0.186
8402,Mehsana,Manipur,India,0.097
8403,Guntakal,Karnataka,India,0.058
8404,Kirari Suleman Nagar,Uttarakhand,India,0.164
8405,Thane,Goa,India,0.087
8406,Nagaon,Nagaland,India,0.569
8407,Kishanganj,Gujarat,India,0.832
8408,Ozhukarai,Arunachal Pradesh,India,0.043
8409,Sambhal,Tamil Nadu,India,0.127
8410,Surat,Haryana,India,0.176
8411,Erode,Gujarat,India,0.305
8412,Parbhani,Himachal Pradesh,India,0.194
8413,Panvel,Kerala,India,0.102
8414,Tinsukia,Sikkim,India,0.114
8415,Purnia,Assam,India,0.345
8416,Imphal,Odisha,India,0.083
8417,Panihati,Sikkim,India,0.166
8418,Jodhpur,Nagaland,India,0.174
8419,Nagpur,Rajasthan,India,0.146
8420,Visakhapatnam,Rajasthan,India,0.327
8421,Bhatpara,Gujarat,India,0.123
8422,Khora ,Tamil Nadu,India,0.395
8423,Parbhani,Telangana,India,0.339
8424,Faridabad,Goa,India,0.295
8425,Dehradun,Manipur,India,0.193
8426,Madhyamgram,West Bengal,India,0.329
8427,Patna,Gujarat,India,0.49
8428,Kurnool,Manipur,India,0.401
8429,Jalgaon,West Bengal,India,0.145
8430,Karnal,Arunachal Pradesh,India,0.292
8431,Kollam,Himachal Pradesh,India,0.58
8432,Siwan,Maharashtra,India,0.313
8433,Nandyal,Odisha,India,0.165
8434,Sasaram,Karnataka,India,0.423
8435,Amravati,Uttar Pradesh,India,0.313
8436,Gandhidham,Maharashtra,India,0.349
8437,Aligarh,Arunachal Pradesh,India,0.382
8438,Kadapa,Goa,India,0.218
8439,Ulhasnagar,Uttarakhand,India,0.386
8440,Kishanganj,Goa,India,0.707
8441,Bharatpur,Jharkhand,India,0.469
8442,Anand,Assam,India,0.445
8443,Karimnagar,Manipur,India,0.436
8444,Anand,Sikkim,India,0.447
8445,Thoothukudi,Mizoram,India,0.231
8446,Buxar,Mizoram,India,0.218
8447,Cuttack,Himachal Pradesh,India,0.553
8448,Bhavnagar,Nagaland,India,0.658
8449,Malegaon,Haryana,India,0.277
8450,Alwar,Andhra Pradesh,India,0.176
8451,Nangloi Jat,Himachal Pradesh,India,0.114
8452,Bongaigaon,Tamil Nadu,India,0.244
8453,Ambala,Sikkim,India,0.215
8454,Kanpur,Sikkim,India,0.151
8455,Mirzapur,Gujarat,India,0.258
8456,Siwan,Goa,India,0.163
8457,Hosur,Andhra Pradesh,India,0.263
8458,Katihar,Mizoram,India,0.204
8459,North Dumdum,Kerala,India,0.212
8460,Hubli–Dharwad,Jharkhand,India,0.128
8461,Alappuzha,Sikkim,India,0.262
8462,Durgapur,Telangana,India,0.312
8463,Malegaon,Punjab,India,0.041
8464,Malda,Rajasthan,India,0.069
8465,Ghaziabad,Manipur,India,0.59
8466,Khora ,Bihar,India,0.337
8467,Durgapur,Arunachal Pradesh,India,0.376
8468,Gwalior,Nagaland,India,0.47
8469,Bulandshahr,Telangana,India,0.248
8470,Aizawl,Maharashtra,India,0.407
8471,Kochi,West Bengal,India,0.223
8472,Hindupur,Kerala,India,0.133
8473,Kozhikode,Manipur,India,0.041
8474,Thanjavur,Haryana,India,0.248
8475,Bathinda,Madhya Pradesh,India,0.355
8476,Hosur,Assam,India,0.361
8477,Solapur,Maharashtra,India,0.061
8478,Guna,Tripura,India,0.32
8479,Jamshedpur,Telangana,India,0.226
8480,Ahmedabad,Meghalaya,India,0.347
8481,Mysore,Arunachal Pradesh,India,0.051
8482,Durgapur,Punjab,India,0.473
8483,Shivpuri,Chhattisgarh,India,0.513
8484,Naihati,Himachal Pradesh,India,0.44
8485,Kolkata,Manipur,India,0.135
8486,Bhind,Punjab,India,0.206
8487,Satara,Nagaland,India,0.123
8488,Haridwar,Arunachal Pradesh,India,0.324
8489,Latur,Nagaland,India,0.033
8490,Gwalior,Nagaland,India,0.364
8491,Barasat,Telangana,India,0.395
8492,Bathinda,Mizoram,India,0.292
8493,Bhubaneswar,Manipur,India,0.459
8494,Munger,Chhattisgarh,India,0.139
8495,Bhatpara,Chhattisgarh,India,0.176
8496,Morena,Odisha,India,0.549
8497,Vijayawada,Chhattisgarh,India,0.026
8498,Bidhannagar,Jharkhand,India,0.098
8499,Bokaro,Nagaland,India,0.229
8500,Allahabad,Madhya Pradesh,India,0.311
8501,Pali,Madhya Pradesh,India,0.423
8502,Mehsana,Mizoram,India,0.107
8503,Phagwara,Mizoram,India,0.277
8504,Rajpur Sonarpur,Himachal Pradesh,India,0.176
8505,Nagaon,Sikkim,India,0.34
8506,Adoni,Meghalaya,India,0.23
8507,Khammam,Maharashtra,India,0.099
8508,Medininagar,Jharkhand,India,0.561
8509,Nadiad,Uttar Pradesh,India,0.071
8510,Sambalpur,Assam,India,0.113
8511,Bangalore,Nagaland,India,0.073
8512,Ajmer,Tamil Nadu,India,0.128
8513,Hazaribagh,Odisha,India,0.302
8514,Bidar,Rajasthan,India,0.142
8515,Bidar,Kerala,India,0.339
8516,Bhimavaram,Tripura,India,0.186
8517,Bongaigaon,Assam,India,0.142
8518,Ghaziabad,Uttar Pradesh,India,0.072
8519,Howrah,Odisha,India,0.471
8520,Nellore,Jharkhand,India,0.233
8521,Srikakulam,Meghalaya,India,0.22
8522,Bally,Assam,India,0.378
8523,Saharsa,Uttar Pradesh,India,0.042
8524,Kozhikode,Uttarakhand,India,0.198
8525,Jalandhar,Assam,India,0.384
8526,Siliguri,Andhra Pradesh,India,0.377
8527,Shimla,Nagaland,India,0.366
8528,Etawah,Madhya Pradesh,India,0.296
8529,Kakinada,Uttarakhand,India,0.138
8530,Yamunanagar,Arunachal Pradesh,India,0.193
8531,Sangli-Miraj & Kupwad,Andhra Pradesh,India,0.194
8532,Thane,Telangana,India,0.384
8533,Jabalpur,Karnataka,India,0.422
8534,Bhavnagar,Punjab,India,0.148
8535,Jorhat,Kerala,India,0.038
8536,Dibrugarh,Haryana,India,0.174
8537,Siwan,Nagaland,India,0.072
8538,Navi Mumbai,Himachal Pradesh,India,0.187
8539,Kanpur,Assam,India,0.332
8540,Howrah,Jharkhand,India,0.326
8541,Rajkot,Bihar,India,0.449
8542,Tadipatri,Meghalaya,India,0.14
8543,Rohtak,Jharkhand,India,0.545
8544,Nagercoil,Uttar Pradesh,India,0.091
8545,Sambalpur,Bihar,India,0.446
8546,Nagaon,Gujarat,India,0.388
8547,Kamarhati,Manipur,India,0.252
8548,Kota,Kerala,India,0.442
8549,Secunderabad,Himachal Pradesh,India,0.302
8550,Pune,Kerala,India,0.346
8551,Rajpur Sonarpur,Gujarat,India,0.274
8552,Surendranagar Dudhrej,Kerala,India,0.35
8553,Ramgarh,Assam,India,0.413
8554,Cuttack,Haryana,India,0.172
8555,Nadiad,Assam,India,0.187
8556,Bathinda,Haryana,India,0.345
8557,Aligarh,Tripura,India,0.233
8558,Mahbubnagar,Manipur,India,0.318
8559,Kavali,Uttar Pradesh,India,0.22
8560,Kota,Uttar Pradesh,India,0.085
8561,Navi Mumbai,Kerala,India,0.133
8562,Purnia,Manipur,India,0.156
8563,Kottayam,Maharashtra,India,0.222
8564,Kozhikode,Karnataka,India,0.143
8565,Serampore,Himachal Pradesh,India,0.644
8566,South Dumdum,Himachal Pradesh,India,0.153
8567,Phusro,Nagaland,India,0.251
8568,Jabalpur,Meghalaya,India,0.416
8569,Chapra,Andhra Pradesh,India,0.176
8570,Jaipur,Punjab,India,0.372
8571,Tadepalligudem,Uttarakhand,India,0.63
8572,Nagpur,Rajasthan,India,0.354
8573,Burhanpur,Manipur,India,0.488
8574,Aizawl,Nagaland,India,0.552
8575,Anantapuram,Tripura,India,0.375
8576,Madanapalle,Maharashtra,India,0.321
8577,Avadi,Maharashtra,India,0.23
8578,Salem,Bihar,India,0.582
8579,Belgaum,Gujarat,India,0.097
8580,Ongole,Tamil Nadu,India,0.241
8581,Saharanpur,Bihar,India,0.371
8582,Jammu,Goa,India,0.221
8583,Tadipatri,Mizoram,India,0.316
8584,Panchkula,Arunachal Pradesh,India,0.274
8585,Junagadh,Telangana,India,0.048
8586,Jodhpur,Maharashtra,India,0.294
8587,Ghaziabad,Goa,India,0.119
8588,Gangtok,Manipur,India,0.379
8589,Unnao,Assam,India,0.174
8590,Sambalpur,Manipur,India,0.069
8591,Jalgaon,Gujarat,India,0.252
8592,Durg,Manipur,India,0.339
8593,Bhiwani,Punjab,India,0.035
8594,Berhampore,Jharkhand,India,0.041
8595,Etawah,Himachal Pradesh,India,0.418
8596,Ambattur,Himachal Pradesh,India,0.245
8597,Jamnagar,Karnataka,India,0.211
8598,Surat,Bihar,India,0.454
8599,Tenali,Uttarakhand,India,0.514
8600,Silchar,Mizoram,India,0.632
8601,Bhilai,Punjab,India,0.142
8602,Guna,Nagaland,India,0.436
8603,Yamunanagar,Karnataka,India,0.052
8604,Davanagere,West Bengal,India,0.311
8605,North Dumdum,Madhya Pradesh,India,0.132
8606,Nandyal,Uttar Pradesh,India,0.28
8607,Madurai,Manipur,India,0.017
8608,Dehri,Tripura,India,0.172
8609,Madurai,Rajasthan,India,0.08
8610,Coimbatore,Goa,India,0.437
8611,Tiruppur,Kerala,India,0.231
8612,Ahmedabad,Punjab,India,0.267
8613,Hindupur,Telangana,India,0.729
8614,Morena,Gujarat,India,0.348
8615,Adoni,Punjab,India,0.08
8616,Gandhinagar,Chhattisgarh,India,0.426
8617,Tiruvottiyur,Madhya Pradesh,India,0.087
8618,Ramgarh,Uttar Pradesh,India,0.397
8619,Gwalior,Manipur,India,0.129
8620,Rourkela,Jharkhand,India,0.067
8621,Chinsurah,Gujarat,India,0.318
8622,Asansol,Himachal Pradesh,India,0.013
8623,Kishanganj,Mizoram,India,0.285
8624,Maheshtala,Haryana,India,0.115
8625,Tumkur,Jharkhand,India,0.302
8626,Bharatpur,Uttar Pradesh,India,0.228
8627,Madhyamgram,Madhya Pradesh,India,0.054
8628,Thiruvananthapuram,Gujarat,India,0.225
8629,Kumbakonam,Chhattisgarh,India,0.28
8630,Bangalore,Sikkim,India,0.441
8631,Indore,Maharashtra,India,0.034
8632,Arrah,Uttar Pradesh,India,0.356
8633,Bongaigaon,Assam,India,0.183
8634,Varanasi,Himachal Pradesh,India,0.433
8635,Dharmavaram,Sikkim,India,0.317
8636,Akola,Himachal Pradesh,India,0.262
8637,Surendranagar Dudhrej,Punjab,India,0.362
8638,Jhansi,Bihar,India,0.174
8639,Saharanpur,Gujarat,India,0.342
8640,Tiruppur,Arunachal Pradesh,India,0.101
8641,Ujjain,Sikkim,India,0.083
8642,Jalna,Himachal Pradesh,India,0.261
8643,Raebareli,Kerala,India,0.369
8644,Rampur,Telangana,India,0.552
8645,Muzaffarpur,Tamil Nadu,India,0.236
8646,Nangloi Jat,Bihar,India,0.159
8647,Kishanganj,Haryana,India,0.475
8648,Ujjain,Bihar,India,0.256
8649,Surat,Manipur,India,0.087
8650,Ozhukarai,Kerala,India,0.304
8651,Arrah,Karnataka,India,0.684
8652,Kurnool,Uttarakhand,India,0.37
8653,Jalgaon,Manipur,India,0.158
8654,Deoghar,Karnataka,India,0.398
8655,Ahmedabad,Odisha,India,0.28
8656,Aurangabad,Rajasthan,India,0.636
8657,Rohtak,Chhattisgarh,India,0.161
8658,Dehri,Rajasthan,India,0.41
8659,Agartala,Goa,India,0.115
8660,Nellore,Meghalaya,India,0.249
8661,Sangli-Miraj & Kupwad,Karnataka,India,0.408
8662,Bhusawal,Jharkhand,India,0.309
8663,Bellary,Goa,India,0.78
8664,Bijapur,West Bengal,India,0.241
8665,Ajmer,Haryana,India,0.142
8666,Hospet,Madhya Pradesh,India,0.225
8667,Satna,Sikkim,India,0.285
8668,Belgaum,Nagaland,India,0.334
8669,Warangal,Haryana,India,0.586
8670,Suryapet,Sikkim,India,0.419
8671,Bardhaman,Uttar Pradesh,India,0.156
8672,Gulbarga,Maharashtra,India,0.251
8673,Faridabad,Madhya Pradesh,India,0.497
8674,Ahmedabad,Rajasthan,India,0.511
8675,Kumbakonam,Assam,India,0.186
8676,Bardhaman,Gujarat,India,0.505
8677,Anand,Nagaland,India,0.308
8678,Dindigul,Arunachal Pradesh,India,0.61
8679,Farrukhabad,Gujarat,India,0.433
8680,Vasai-Virar,Haryana,India,0.234
8681,Kolkata,Karnataka,India,0.104
8682,Akola,Chhattisgarh,India,0.111
8683,Chandrapur,Arunachal Pradesh,India,0.38
8684,Munger,Punjab,India,0.585
8685,Ratlam,Andhra Pradesh,India,0.314
8686,Nizamabad,Assam,India,0.078
8687,Gudivada,Chhattisgarh,India,0.178
8688,Jalna,Rajasthan,India,0.371
8689,South Dumdum,Telangana,India,0.159
8690,Raebareli,Kerala,India,0.199
8691,Latur,Manipur,India,0.171
8692,Haridwar,Madhya Pradesh,India,0.253
8693,Rajahmundry,Tripura,India,0.162
8694,Bilaspur,Uttar Pradesh,India,0.24
8695,Agartala,Bihar,India,0.209
8696,Kollam,Assam,India,0.308
8697,Bhiwandi,Tripura,India,0.461
8698,Bahraich,Goa,India,0.302
8699,Jamnagar,Andhra Pradesh,India,0.233
8700,Amritsar,Bihar,India,0.095
8701,Yamunanagar,Himachal Pradesh,India,0.272
8702,Chandigarh,Tamil Nadu,India,0.371
8703,Ratlam,Maharashtra,India,0.481
8704,Uluberia,Uttarakhand,India,0.105
8705,Tinsukia,Himachal Pradesh,India,0.144
8706,Udupi,Tamil Nadu,India,0.461
8707,Vasai-Virar,Jharkhand,India,0.49
8708,Latur,Punjab,India,0.139
8709,Raipur,Kerala,India,0.417
8710,Bhilai,Mizoram,India,0.02
8711,Tiruvottiyur,Jharkhand,India,0.31
8712,Satara,Telangana,India,0.273
8713,Bhimavaram,Bihar,India,0.488
8714,Bhusawal,Tripura,India,0.178
8715,Kottayam,Kerala,India,0.469
8716,Agartala,Punjab,India,0.054
8717,Pudukkottai,Uttarakhand,India,0.174
8718,Gurgaon,Karnataka,India,0.242
8719,Panipat,Tripura,India,0.267
8720,Cuttack,Tamil Nadu,India,0.299
8721,Tiruppur,Himachal Pradesh,India,0.034
8722,Bikaner,Rajasthan,India,0.422
8723,Mehsana,Manipur,India,0.135
8724,Bhiwani,Haryana,India,0.195
8725,Ludhiana,Andhra Pradesh,India,0.329
8726,Panipat,Karnataka,India,0.556
8727,Amravati,Nagaland,India,0.197
8728,Barasat,Nagaland,India,0.382
8729,Unnao,Himachal Pradesh,India,0.179
8730,Ramagundam,Sikkim,India,0.67
8731,Ludhiana,Himachal Pradesh,India,0.121
8732,Alappuzha,Sikkim,India,0.599
8733,Gangtok,Goa,India,0.445
8734,Guna,Andhra Pradesh,India,0.231
8735,Bokaro,Jharkhand,India,0.5
8736,Kurnool,Jharkhand,India,0.275
8737,Nadiad,Chhattisgarh,India,0.295
8738,Hazaribagh,Uttarakhand,India,0.189
8739,Ramgarh,Kerala,India,0.397
8740,Katni,Karnataka,India,0.329
8741,Bathinda,Odisha,India,0.247
8742,Danapur,Madhya Pradesh,India,0.188
8743,Kollam,Sikkim,India,0.227
8744,Mangalore,Kerala,India,0.479
8745,Amravati,Madhya Pradesh,India,0.195
8746,Etawah,Tamil Nadu,India,0.048
8747,Anantapuram,Tripura,India,0.552
8748,Machilipatnam,Punjab,India,0.072
8749,Rohtak,West Bengal,India,0.281
8750,Haridwar,Goa,India,0.086
8751,Orai,West Bengal,India,0.212
8752,Sambhal,Sikkim,India,0.365
8753,Jodhpur,Jharkhand,India,0.447
8754,Fatehpur,Nagaland,India,0.473
8755,Kamarhati,Odisha,India,0.092
8756,Gaya,Telangana,India,0.164
8757,Miryalaguda,Tripura,India,0.028
8758,Bangalore,Sikkim,India,0.109
8759,Junagadh,Kerala,India,0.126
8760,Pali,Arunachal Pradesh,India,0.25
8761,Dhanbad,Assam,India,0.463
8762,Morbi,Chhattisgarh,India,0.314
8763,Maheshtala,West Bengal,India,0.125
8764,Ramagundam,Tripura,India,0.147
8765,Bally,Himachal Pradesh,India,0.306
8766,Anantapur,Tripura,India,0.321
8767,Salem,Karnataka,India,0.362
8768,Yamunanagar,Tripura,India,0.6
8769,Ahmedabad,Uttar Pradesh,India,0.216
8770,Siwan,Assam,India,0.366
8771,Haridwar,Telangana,India,0.059
8772,Gudivada,Odisha,India,0.098
8773,Bilaspur,Manipur,India,0.116
8774,Saharsa,Maharashtra,India,0.462
8775,Ahmednagar,Himachal Pradesh,India,0.262
8776,Mathura,Sikkim,India,0.177
8777,Giridih,Mizoram,India,0.167
8778,Lucknow,Nagaland,India,0.293
8779,Raebareli,Goa,India,0.144
8780,Ongole,West Bengal,India,0.378
8781,Raebareli,Arunachal Pradesh,India,0.562
8782,Rajkot,Meghalaya,India,0.454
8783,Panvel,Assam,India,0.148
8784,Sagar,Telangana,India,0.507
8785,Rampur,Nagaland,India,0.187
8786,Narasaraopet,Uttar Pradesh,India,0.233
8787,Thanjavur,Bihar,India,0.246
8788,Rohtak,Mizoram,India,0.178
8789,Hindupur,Rajasthan,India,0.482
8790,Bhagalpur,Punjab,India,0.066
8791,Kurnool,Chhattisgarh,India,0.201
8792,Kollam,Kerala,India,0.48
8793,Burhanpur,Uttar Pradesh,India,0.441
8794,Suryapet,Bihar,India,0.127
8795,Uluberia,Odisha,India,0.155
8796,Mirzapur,Andhra Pradesh,India,0.311
8797,Imphal,Uttarakhand,India,0.413
8798,Srinagar,Kerala,India,0.099
8799,Etawah,Tripura,India,0.393
8800,Nangloi Jat,Maharashtra,India,0.299
8801,Kumbakonam,Maharashtra,India,0.143
8802,Singrauli,Kerala,India,0.577
8803,Tinsukia,Sikkim,India,0.3
8804,Ghaziabad,Madhya Pradesh,India,0.432
8805,Kolhapur,Manipur,India,0.224
8806,Alappuzha,Madhya Pradesh,India,0.184
8807,Sambalpur,Karnataka,India,0.176
8808,Ghaziabad,Kerala,India,0.24
8809,Jamshedpur,Meghalaya,India,0.329
8810,Vadodara,Uttar Pradesh,India,0.45
8811,Srinagar,Maharashtra,India,0.103
8812,Ozhukarai,Mizoram,India,0.486
8813,Katihar,West Bengal,India,0.337
8814,Tadepalligudem,Himachal Pradesh,India,0.556
8815,Belgaum,Rajasthan,India,0.293
8816,Visakhapatnam,Assam,India,0.292
8817,Ozhukarai,Uttarakhand,India,0.472
8818,Sambalpur,Madhya Pradesh,India,0.391
8819,Jorhat,Uttar Pradesh,India,0.128
8820,Varanasi,Mizoram,India,0.073
8821,Nashik,Gujarat,India,0.222
8822,Gandhinagar,Meghalaya,India,0.311
8823,Burhanpur,Odisha,India,0.204
8824,Berhampore,Odisha,India,0.185
8825,Deoghar,Manipur,India,0.172
8826,Jabalpur,Karnataka,India,0.036
8827,Pune,Assam,India,0.408
8828,Bhiwandi,Bihar,India,0.624
8829,Nashik,Tripura,India,0.254
8830,Morbi,Uttarakhand,India,0.36
8831,Firozabad,Bihar,India,0.171
8832,Kamarhati,Uttar Pradesh,India,0.321
8833,Gurgaon,Bihar,India,0.228
8834,Thrissur,Telangana,India,0.065
8835,Amravati,Goa,India,0.255
8836,Mirzapur,West Bengal,India,0.466
8837,Imphal,Kerala,India,0.353
8838,Rohtak,Himachal Pradesh,India,0.209
8839,Jorhat,Assam,India,0.393
8840,Uluberia,Gujarat,India,0.378
8841,North Dumdum,Kerala,India,0.194
8842,Ozhukarai,Sikkim,India,0.204
8843,Tiruppur,Jharkhand,India,0.547
8844,Tadipatri,Arunachal Pradesh,India,0.161
8845,Kolhapur,Nagaland,India,0.308
8846,Varanasi,Mizoram,India,0.266
8847,Bhopal,Bihar,India,0.656
8848,Bhopal,Mizoram,India,0.425
8849,Solapur,Rajasthan,India,0.435
8850,Mathura,Himachal Pradesh,India,0.052
8851,Gopalpur,Mizoram,India,0.208
8852,Dibrugarh,Karnataka,India,0.239
8853,Dharmavaram,Goa,India,0.203
8854,Muzaffarpur,West Bengal,India,0.096
8855,Akola,Odisha,India,0.367
8856,Unnao,Gujarat,India,0.123
8857,Rajpur Sonarpur,Manipur,India,0.155
8858,Madhyamgram,Gujarat,India,0.165
8859,Yamunanagar,Chhattisgarh,India,0.167
8860,Jalgaon,Tamil Nadu,India,0.421
8861,Sasaram,West Bengal,India,0.139
8862,Dibrugarh,Sikkim,India,0.237
8863,Ballia,Nagaland,India,0.187
8864,Serampore,Maharashtra,India,0.131
8865,Amravati,Uttar Pradesh,India,0.501
8866,Jaunpur,Mizoram,India,0.221
8867,Nadiad,Punjab,India,0.301
8868,Allahabad,Odisha,India,0.336
8869,Dhanbad,Nagaland,India,0.231
8870,Bangalore,Assam,India,0.196
8871,Sambhal,Gujarat,India,0.108
8872,Ballia,Assam,India,0.571
8873,Nanded,Andhra Pradesh,India,0.32
8874,Phusro,Maharashtra,India,0.307
8875,Bhopal,Goa,India,0.102
8876,Latur,Sikkim,India,0.489
8877,Sambalpur,Odisha,India,0.261
8878,Farrukhabad,Karnataka,India,0.463
8879,Dehri,Chhattisgarh,India,0.122
8880,Ichalkaranji,Himachal Pradesh,India,0.327
8881,Erode,Telangana,India,0.09
8882,Kamarhati,Manipur,India,0.095
8883,Bhagalpur,Andhra Pradesh,India,0.139
8884,Naihati,Madhya Pradesh,India,0.048
8885,Patna,Manipur,India,0.1
8886,Tirunelveli,Sikkim,India,0.049
8887,Dewas,Kerala,India,0.339
8888,Allahabad,Uttarakhand,India,0.257
8889,Bardhaman,Sikkim,India,0.216
8890,Tirunelveli,Arunachal Pradesh,India,0.159
8891,Guna,Tripura,India,0.136
8892,Mahbubnagar,Goa,India,0.199
8893,Etawah,Andhra Pradesh,India,0.143
8894,Shahjahanpur,Sikkim,India,0.627
8895,Varanasi,Manipur,India,0.337
8896,Tiruchirappalli,West Bengal,India,0.239
8897,Guwahati,Tripura,India,0.552
8898,Haridwar,Uttar Pradesh,India,0.203
8899,Srinagar,Uttar Pradesh,India,0.172
8900,Shimoga,Tamil Nadu,India,0.692
8901,Jamnagar,Rajasthan,India,0.279
8902,Ludhiana,Maharashtra,India,0.429
8903,Kakinada,Madhya Pradesh,India,0.223
8904,Chittoor,Kerala,India,0.107
8905,Aurangabad,Madhya Pradesh,India,0.427
8906,Nangloi Jat,Chhattisgarh,India,0.559
8907,Indore,Telangana,India,0.162
8908,Silchar,Chhattisgarh,India,0.297
8909,Bareilly,Goa,India,0.198
8910,Nanded,Odisha,India,0.163
8911,Bahraich,Chhattisgarh,India,0.252
8912,Kadapa,Uttar Pradesh,India,0.163
8913,Korba,Arunachal Pradesh,India,0.625
8914,Vijayanagaram,Telangana,India,0.352
8915,Phagwara,Telangana,India,0.177
8916,Bhubaneswar,Karnataka,India,0.379
8917,Berhampore,Uttar Pradesh,India,0.303
8918,Kulti,Tamil Nadu,India,0.313
8919,Bhimavaram,Himachal Pradesh,India,0.27
8920,Ballia,Meghalaya,India,0.272
8921,Rajahmundry,Mizoram,India,0.27
8922,Sikar,Sikkim,India,0.221
8923,Erode,Bihar,India,0.087
8924,Howrah,Uttarakhand,India,0.201
8925,Amravati,Meghalaya,India,0.376
8926,Etawah,Nagaland,India,0.447
8927,Kozhikode,Uttar Pradesh,India,0.192
8928,Junagadh,Haryana,India,0.283
8929,Solapur,Rajasthan,India,0.324
8930,Meerut,Tripura,India,0.068
8931,Bharatpur,Meghalaya,India,0.454
8932,Bellary,Maharashtra,India,0.142
8933,Mirzapur,Gujarat,India,0.389
8934,Faridabad,Goa,India,0.224
8935,Jalgaon,West Bengal,India,0.418
8936,Panipat,Odisha,India,0.401
8937,Giridih,Uttarakhand,India,0.538
8938,Mangalore,Haryana,India,0.254
8939,Bhiwani,Punjab,India,0.543
8940,Delhi,Haryana,India,0.438
8941,Bareilly,Kerala,India,0.258
8942,Loni,Rajasthan,India,0.208
8943,Amroha,Uttar Pradesh,India,0.155
8944,Sasaram,Uttarakhand,India,0.262
8945,Tenali,Rajasthan,India,0.121
8946,Bhalswa Jahangir Pur,Kerala,India,0.098
8947,Dharmavaram,Tripura,India,0.197
8948,Amaravati,Arunachal Pradesh,India,0.382
8949,Rajkot,Himachal Pradesh,India,0.041
8950,Bokaro,Assam,India,0.5
8951,Karawal Nagar,Gujarat,India,0.203
8952,Sasaram,Haryana,India,0.1
8953,Durgapur,West Bengal,India,0.217
8954,Kulti,Bihar,India,0.329
8955,Amritsar,Mizoram,India,0.385
8956,Hajipur,Madhya Pradesh,India,0.654
8957,Agra,Telangana,India,0.113
8958,Haridwar,Rajasthan,India,0.312
8959,Warangal,Rajasthan,India,0.113
8960,Rewa,Jharkhand,India,0.629
8961,Sonipat,Tripura,India,0.148
8962,North Dumdum,Himachal Pradesh,India,0.308
8963,Muzaffarnagar,West Bengal,India,0.378
8964,Khandwa,Sikkim,India,0.432
8965,Secunderabad,Odisha,India,0.276
8966,Guntur,Jharkhand,India,0.27
8967,Raichur,Uttar Pradesh,India,0.279
8968,Munger,Tamil Nadu,India,0.334
8969,Udupi,Nagaland,India,0.46
8970,Anantapur,Haryana,India,0.311
8971,Mau,Nagaland,India,0.316
8972,Avadi,Punjab,India,0.24
8973,Jorhat,Meghalaya,India,0.366
8974,Korba,Jharkhand,India,0.468
8975,Amravati,Mizoram,India,0.352
8976,Allahabad,Odisha,India,0.332
8977,Raichur,Haryana,India,0.051
8978,Kottayam,Tamil Nadu,India,0.167
8979,Solapur,Jharkhand,India,0.143
8980,Korba,Gujarat,India,0.131
8981,Vellore,Arunachal Pradesh,India,0.558
8982,Thoothukudi,Himachal Pradesh,India,0.206
8983,Rajahmundry,Odisha,India,0.031
8984,Akola,Manipur,India,0.502
8985,Sonipat,Karnataka,India,0.471
8986,Kota,Uttar Pradesh,India,0.748
8987,Bareilly,Kerala,India,0.246
8988,Latur,Odisha,India,0.378
8989,Amaravati,Manipur,India,0.107
8990,Surat,Meghalaya,India,0.237
8991,Pimpri-Chinchwad,Tripura,India,0.338
8992,Siwan,Rajasthan,India,0.313
8993,Bareilly,Haryana,India,0.579
8994,Gopalpur,West Bengal,India,0.075
8995,Madhyamgram,Karnataka,India,0.35
8996,Hajipur,West Bengal,India,0.426
8997,Kumbakonam,Rajasthan,India,0.179
8998,Jammu,Assam,India,0.311
8999,Rampur,Arunachal Pradesh,India,0.172
9000,Pudukkottai,Uttarakhand,India,0.246
9001,Bhiwani,Meghalaya,India,0.194
9002,Bhavnagar,Mizoram,India,0.36
9003,Bhatpara,Nagaland,India,0.551
9004,Berhampur,Meghalaya,India,0.475
9005,Surendranagar Dudhrej,Nagaland,India,0.123
9006,Aurangabad,Tripura,India,0.555
9007,Mirzapur,Jharkhand,India,0.139
9008,Meerut,Rajasthan,India,0.253
9009,Karimnagar,Kerala,India,0.229
9010,Ozhukarai,Assam,India,0.583
9011,Bijapur,Haryana,India,0.085
9012,Singrauli,Mizoram,India,0.214
9013,Giridih,Kerala,India,0.201
9014,Pudukkottai,Chhattisgarh,India,0.052
9015,Danapur,Mizoram,India,0.463
9016,Loni,Haryana,India,0.345
9017,Bongaigaon,Haryana,India,0.348
9018,Indore,Himachal Pradesh,India,0.129
9019,Raiganj,Haryana,India,0.085
9020,Jaipur,Karnataka,India,0.049
9021,Giridih,Maharashtra,India,0.353
9022,Madurai,Meghalaya,India,0.274
9023,Haridwar,Himachal Pradesh,India,0.395
9024,Kharagpur,Telangana,India,0.237
9025,Dindigul,Assam,India,0.585
9026,Thane,Nagaland,India,0.133
9027,Kalyan-Dombivli,Kerala,India,0.406
9028,Tinsukia,Mizoram,India,0.278
9029,Katihar,Meghalaya,India,0.44
9030,Karawal Nagar,Kerala,India,0.201
9031,Vijayawada,Uttarakhand,India,0.214
9032,Guna,Gujarat,India,0.26
9033,Bharatpur,Haryana,India,0.151
9034,Shahjahanpur,Manipur,India,0.183
9035,Suryapet,Uttarakhand,India,0.298
9036,Lucknow,Sikkim,India,0.204
9037,Mathura,Odisha,India,0.48
9038,Eluru,West Bengal,India,0.155
9039,Silchar,Jharkhand,India,0.447
9040,Muzaffarpur,Tripura,India,0.451
9041,Jamalpur,Manipur,India,0.07
9042,Meerut,Punjab,India,0.25
9043,Singrauli,Karnataka,India,0.495
9044,Ballia,Jharkhand,India,0.401
9045,Delhi,Tamil Nadu,India,0.389
9046,Ratlam,Arunachal Pradesh,India,0.268
9047,Gudivada,Maharashtra,India,0.171
9048,Bhusawal,Arunachal Pradesh,India,0.462
9049,Begusarai,Tripura,India,0.497
9050,Ichalkaranji,West Bengal,India,0.248
9051,Proddatur,Kerala,India,0.03
9052,Unnao,Odisha,India,0.148
9053,Haldia,Assam,India,0.058
9054,Bhavnagar,Kerala,India,0.446
9055,Firozabad,Uttar Pradesh,India,0.242
9056,Tiruchirappalli,Nagaland,India,0.29
9057,Shimla,Bihar,India,0.178
9058,Bhimavaram,Andhra Pradesh,India,0.261
9059,Gorakhpur,Manipur,India,0.388
9060,Panchkula,Nagaland,India,0.239
9061,Tadepalligudem,Tripura,India,0.104
9062,Gandhidham,Assam,India,0.351
9063,Pune,Assam,India,0.468
9064,Uluberia,Uttar Pradesh,India,0.03
9065,Agra,Assam,India,0.136
9066,Burhanpur,Goa,India,0.039
9067,Asansol,Nagaland,India,0.079
9068,Tumkur,Nagaland,India,0.626
9069,Anantapur,Tamil Nadu,India,0.233
9070,Mango,Uttar Pradesh,India,0.154
9071,Coimbatore,Bihar,India,0.518
9072,Satara,Meghalaya,India,0.228
9073,Dharmavaram,Jharkhand,India,0.063
9074,Ranchi,Haryana,India,0.231
9075,Bidhannagar,Chhattisgarh,India,0.153
9076,Rohtak,Goa,India,0.076
9077,Ulhasnagar,Gujarat,India,0.219
9078,Khora ,Bihar,India,0.157
9079,Kolhapur,Andhra Pradesh,India,0.188
9080,Srinagar,West Bengal,India,0.297
9081,Dehradun,Arunachal Pradesh,India,0.054
9082,Pimpri-Chinchwad,Tripura,India,0.182
9083,Phagwara,Telangana,India,0.121
9084,Madurai,Goa,India,0.207
9085,Korba,Tripura,India,0.083
9086,Jalgaon,Manipur,India,0.487
9087,Bhiwandi,Sikkim,India,0.136
9088,Bhatpara,Odisha,India,0.035
9089,Shahjahanpur,Rajasthan,India,0.189
9090,Kozhikode,Meghalaya,India,0.272
9091,Warangal,Arunachal Pradesh,India,0.573
9092,Surendranagar Dudhrej,Himachal Pradesh,India,0.152
9093,Gaya,Sikkim,India,0.189
9094,Hyderabad,Bihar,India,0.21
9095,Rampur,West Bengal,India,0.244
9096,Bathinda,West Bengal,India,0.223
9097,Gaya,Himachal Pradesh,India,0.529
9098,Avadi,Rajasthan,India,0.301
9099,Hubli–Dharwad,Assam,India,0.404
9100,Gwalior,Odisha,India,0.379
9101,Hosur,Andhra Pradesh,India,0.285
9102,Sambhal,Sikkim,India,0.383
9103,Fatehpur,Madhya Pradesh,India,0.27
9104,Ahmednagar,West Bengal,India,0.269
9105,Sirsa,Sikkim,India,0.284
9106,Kottayam,Gujarat,India,0.345
9107,Vasai-Virar,Tamil Nadu,India,0.339
9108,Tadipatri,Himachal Pradesh,India,0.408
9109,Karawal Nagar,Uttarakhand,India,0.376
9110,Jamshedpur,Chhattisgarh,India,0.075
9111,Agartala,Andhra Pradesh,India,0.191
9112,Amaravati,Karnataka,India,0.378
9113,Panihati,Chhattisgarh,India,0.305
9114,Bally,Meghalaya,India,0.325
9115,Bhiwandi,Maharashtra,India,0.278
9116,Tiruvottiyur,Chhattisgarh,India,0.231
9117,Karawal Nagar,Telangana,India,0.258
9118,Katihar,Andhra Pradesh,India,0.194
9119,Agartala,Haryana,India,0.213
9120,Kollam,Arunachal Pradesh,India,0.026
9121,Bokaro,Gujarat,India,0.246
9122,Cuttack,Chhattisgarh,India,0.235
9123,Rewa,Jharkhand,India,0.157
9124,Panihati,Chhattisgarh,India,0.135
9125,Tumkur,Chhattisgarh,India,0.075
9126,Bongaigaon,Karnataka,India,0.22
9127,Guntur,Bihar,India,0.551
9128,Bhilwara,Chhattisgarh,India,0.525
9129,Saharsa,Himachal Pradesh,India,0.327
9130,Nashik,Manipur,India,0.183
9131,Kirari Suleman Nagar,Rajasthan,India,0.026
9132,Sangli-Miraj & Kupwad,Andhra Pradesh,India,0.218
9133,Udaipur,Manipur,India,0.359
9134,Kulti,Assam,India,0.212
9135,Jabalpur,West Bengal,India,0.312
9136,Kota,Tamil Nadu,India,0.439
9137,Madhyamgram,Madhya Pradesh,India,0.337
9138,Dibrugarh,Jharkhand,India,0.402
9139,Aligarh,Uttarakhand,India,0.113
9140,Cuttack,Jharkhand,India,0.339
9141,Suryapet,Maharashtra,India,0.197
9142,Panipat,Assam,India,0.109
9143,Jaipur,Rajasthan,India,0.11
9144,Parbhani,Nagaland,India,0.567
9145,Gudivada,Tamil Nadu,India,0.233
9146,Gulbarga,Chhattisgarh,India,0.182
9147,Chittoor,Goa,India,0.528
9148,Hyderabad,Uttarakhand,India,0.39
9149,Hospet,Karnataka,India,0.485
9150,Tirupati,Gujarat,India,0.755
9151,Jalandhar,Telangana,India,0.476
9152,Jamalpur,Uttarakhand,India,0.136
9153,Bhagalpur,Tripura,India,0.685
9154,Ahmedabad,Arunachal Pradesh,India,0.449
9155,Nangloi Jat,Haryana,India,0.303
9156,Faridabad,Madhya Pradesh,India,0.266
9157,Katihar,Karnataka,India,0.286
9158,Gudivada,Tamil Nadu,India,0.383
9159,Miryalaguda,Haryana,India,0.118
9160,Nashik,Uttar Pradesh,India,0.066
9161,Avadi,Odisha,India,0.622
9162,Kadapa,Arunachal Pradesh,India,0.35
9163,Jamalpur,Chhattisgarh,India,0.255
9164,Jalandhar,Madhya Pradesh,India,0.11
9165,Jalgaon,Sikkim,India,0.241
9166,Ramagundam,Telangana,India,0.046
9167,Faridabad,Telangana,India,0.084
9168,Fatehpur,Punjab,India,0.346
9169,Surendranagar Dudhrej,Assam,India,0.126
9170,Udupi,Meghalaya,India,0.432
9171,Patiala,Jharkhand,India,0.538
9172,Rourkela,Bihar,India,0.183
9173,Visakhapatnam,Madhya Pradesh,India,0.056
9174,Shimoga,Gujarat,India,0.206
9175,Burhanpur,Madhya Pradesh,India,0.269
9176,Ulhasnagar,Odisha,India,0.452
9177,Ghaziabad,Meghalaya,India,0.434
9178,Secunderabad,West Bengal,India,0.042
9179,Raebareli,Telangana,India,0.276
9180,Hajipur,West Bengal,India,0.284
9181,Ramagundam,Andhra Pradesh,India,0.215
9182,Satara,Uttar Pradesh,India,0.126
9183,Orai,Nagaland,India,0.245
9184,Lucknow,Manipur,India,0.242
9185,Sirsa,Manipur,India,0.114
9186,Korba,Tamil Nadu,India,0.569
9187,Gulbarga,Rajasthan,India,0.369
9188,Avadi,Uttar Pradesh,India,0.195
9189,Bhilai,Arunachal Pradesh,India,0.158
9190,Bhiwani,Uttarakhand,India,0.176
9191,Khandwa,Andhra Pradesh,India,0.133
9192,Kamarhati,Telangana,India,0.335
9193,Thane,Karnataka,India,0.384
9194,Salem,Madhya Pradesh,India,0.164
9195,Loni,Chhattisgarh,India,0.221
9196,Eluru,Meghalaya,India,0.057
9197,Hazaribagh,Tripura,India,0.031
9198,New Delhi,Madhya Pradesh,India,0.177
9199,Siwan,Sikkim,India,0.651
9200,Silchar,Meghalaya,India,0.152
9201,Solapur,Haryana,India,0.137
9202,Jamshedpur,Madhya Pradesh,India,0.315
9203,Korba,West Bengal,India,0.498
9204,Madanapalle,Punjab,India,0.188
9205,Gulbarga,Haryana,India,0.291
9206,Anantapur,Haryana,India,0.376
9207,Amroha,Gujarat,India,0.323
9208,Surat,Madhya Pradesh,India,0.172
9209,Dhule,Andhra Pradesh,India,0.122
9210,Chinsurah,Arunachal Pradesh,India,0.238
9211,Nizamabad,Kerala,India,0.129
9212,Tiruppur,Assam,India,0.402
9213,Imphal,Punjab,India,0.615
9214,Giridih,Odisha,India,0.504
9215,Jamalpur,Manipur,India,0.809
9216,Bhilai,Odisha,India,0.231
9217,Thanjavur,Punjab,India,0.283
9218,Medininagar,Punjab,India,0.223
9219,Panipat,Kerala,India,0.09
9220,Burhanpur,Andhra Pradesh,India,0.17
9221,Bijapur,Rajasthan,India,0.214
9222,Naihati,Rajasthan,India,0.38
9223,Vijayanagaram,Himachal Pradesh,India,0.457
9224,Machilipatnam,Punjab,India,0.186
9225,Thoothukudi,Arunachal Pradesh,India,0.432
9226,Jamnagar,Uttarakhand,India,0.236
9227,Gurgaon,Haryana,India,0.022
9228,Madurai,Sikkim,India,0.375
9229,Ambattur,Manipur,India,0.126
9230,Solapur,Chhattisgarh,India,0.595
9231,Agartala,Manipur,India,0.645
9232,Varanasi,Nagaland,India,0.574
9233,Rampur,Maharashtra,India,0.075
9234,Satna,Telangana,India,0.689
9235,Madhyamgram,Uttar Pradesh,India,0.424
9236,Bhavnagar,Maharashtra,India,0.214
9237,Bokaro,Arunachal Pradesh,India,0.2
9238,Amaravati,Uttarakhand,India,0.085
9239,Nangloi Jat,Nagaland,India,0.287
9240,Raebareli,Arunachal Pradesh,India,0.354
9241,Bidar,Telangana,India,0.256
9242,Imphal,Sikkim,India,0.151
9243,Gurgaon,Jharkhand,India,0.124
9244,Jorhat,Himachal Pradesh,India,0.121
9245,Vijayanagaram,Rajasthan,India,0.538
9246,Rampur,Andhra Pradesh,India,0.192
9247,Chinsurah,Chhattisgarh,India,0.483
9248,Ichalkaranji,Maharashtra,India,0.072
9249,Madanapalle,Odisha,India,0.548
9250,Nagercoil,Tripura,India,0.25
9251,Kavali,Madhya Pradesh,India,0.041
9252,Tezpur,Sikkim,India,0.624
9253,Gudivada,Gujarat,India,0.261
9254,Loni,Uttar Pradesh,India,0.384
9255,Ludhiana,Madhya Pradesh,India,0.125
9256,Madanapalle,Punjab,India,0.276
9257,Jehanabad,Assam,India,0.409
9258,Mahbubnagar,Tamil Nadu,India,0.152
9259,Siwan,Uttarakhand,India,0.051
9260,Bhatpara,Haryana,India,0.327
9261,Bidhannagar,Mizoram,India,0.208
9262,Shimla,Bihar,India,0.092
9263,Belgaum,Karnataka,India,0.143
9264,Ahmedabad,Telangana,India,0.262
9265,Karawal Nagar,Nagaland,India,0.468
9266,Mangalore,Assam,India,0.208
9267,Dehradun,Rajasthan,India,0.175
9268,Eluru,Andhra Pradesh,India,0.059
9269,Kolkata,Tamil Nadu,India,0.497
9270,Asansol,Meghalaya,India,0.126
9271,Siwan,Uttar Pradesh,India,0.302
9272,Darbhanga,Punjab,India,0.512
9273,Bongaigaon,Odisha,India,0.334
9274,Bikaner,Kerala,India,0.123
9275,Sambhal,Chhattisgarh,India,0.395
9276,Ambala,Jharkhand,India,0.335
9277,Bhubaneswar,Madhya Pradesh,India,0.317
9278,Panihati,Telangana,India,0.391
9279,Motihari,Punjab,India,0.181
9280,Chandigarh,Goa,India,0.126
9281,Hindupur,Odisha,India,0.188
9282,Chapra,Madhya Pradesh,India,0.189
9283,Navi Mumbai,West Bengal,India,0.244
9284,Mumbai,Haryana,India,0.428
9285,Bardhaman,Gujarat,India,0.364
9286,Gulbarga,Assam,India,0.233
9287,Bhiwani,Meghalaya,India,0.151
9288,Danapur,Bihar,India,0.198
9289,Sangli-Miraj & Kupwad,Odisha,India,0.113
9290,Dewas,Uttarakhand,India,0.24
9291,Ambala,Manipur,India,0.312
9292,Panihati,Telangana,India,0.215
9293,Darbhanga,Uttar Pradesh,India,0.126
9294,Gopalpur,Kerala,India,0.071
9295,Chittoor,Chhattisgarh,India,0.234
9296,Mysore,Bihar,India,0.103
9297,Jabalpur,Meghalaya,India,0.195
9298,Giridih,Assam,India,0.351
9299,Mathura,Uttarakhand,India,0.547
9300,Proddatur,Bihar,India,0.249
9301,Korba,Odisha,India,0.471
9302,Tirupati,Mizoram,India,0.064
9303,Nanded,Rajasthan,India,0.054
9304,Kolkata,Gujarat,India,0.083
9305,Sonipat,Assam,India,0.096
9306,Raurkela Industrial Township,Karnataka,India,0.056
9307,Munger,Karnataka,India,0.593
9308,Bathinda,Jharkhand,India,0.293
9309,Mangalore,Odisha,India,0.174
9310,Alappuzha,Uttarakhand,India,0.114
9311,Malda,Nagaland,India,0.103
9312,Nellore,Telangana,India,0.49
9313,Jehanabad,Gujarat,India,0.279
9314,Panipat,Karnataka,India,0.246
9315,Rajpur Sonarpur,West Bengal,India,0.073
9316,Bhusawal,Goa,India,0.377
9317,Gulbarga,Andhra Pradesh,India,0.427
9318,Baranagar,Gujarat,India,0.193
9319,Uluberia,Telangana,India,0.119
9320,Bulandshahr,Chhattisgarh,India,0.367
9321,Bhatpara,West Bengal,India,0.256
9322,Aligarh,Uttarakhand,India,0.236
9323,Jaunpur,Chhattisgarh,India,0.616
9324,Sri Ganganagar,West Bengal,India,0.322
9325,Nandyal,Andhra Pradesh,India,0.25
9326,Saharsa,Assam,India,0.32
9327,Mira-Bhayandar,Gujarat,India,0.085
9328,Ghaziabad,Telangana,India,0.259
9329,Bhagalpur,Uttarakhand,India,0.079
9330,Jalgaon,Jharkhand,India,0.277
9331,Tiruppur,Sikkim,India,0.494
9332,Bidhannagar,West Bengal,India,0.321
9333,Tirunelveli,Manipur,India,0.201
9334,Jalna,Mizoram,India,0.304
9335,Ujjain,Odisha,India,0.383
9336,Meerut,Madhya Pradesh,India,0.233
9337,Bettiah,Meghalaya,India,0.285
9338,Jaunpur,Uttar Pradesh,India,0.146
9339,Sambalpur,Jharkhand,India,0.291
9340,Tirunelveli,Madhya Pradesh,India,0.143
9341,Berhampur,Gujarat,India,0.111
9342,Deoghar,Uttar Pradesh,India,0.06
9343,Kottayam,West Bengal,India,0.415
9344,Davanagere,Tripura,India,0.309
9345,Vijayawada,Tripura,India,0.164
9346,Sonipat,Karnataka,India,0.199
9347,Guntakal,Goa,India,0.024
9348,Kavali,Madhya Pradesh,India,0.301
9349,Bally,Manipur,India,0.526
9350,Nizamabad,Manipur,India,0.364
9351,Bhimavaram,Mizoram,India,0.257
9352,Haridwar,Goa,India,0.343
9353,Alwar,Arunachal Pradesh,India,0.318
9354,Nellore,Andhra Pradesh,India,0.394
9355,Bokaro,Haryana,India,0.562
9356,Vellore,Himachal Pradesh,India,0.276
9357,Noida,Arunachal Pradesh,India,0.035
9358,Bahraich,Manipur,India,0.195
9359,Ajmer,Manipur,India,0.321
9360,Naihati,Tamil Nadu,India,0.347
9361,Jamnagar,Rajasthan,India,0.49
9362,Tirupati,Gujarat,India,0.387
9363,Secunderabad,Punjab,India,0.481
9364,Aurangabad,Punjab,India,0.427
9365,Gurgaon,Uttarakhand,India,0.094
9366,Bhimavaram,West Bengal,India,0.202
9367,Nadiad,Mizoram,India,0.145
9368,Avadi,Manipur,India,0.094
9369,Aligarh,Manipur,India,0.073
9370,Rewa,West Bengal,India,0.146
9371,Ahmednagar,Telangana,India,0.406
9372,Etawah,Bihar,India,0.53
9373,Deoghar,Rajasthan,India,0.191
9374,Aligarh,Rajasthan,India,0.257
9375,Thiruvananthapuram,Meghalaya,India,0.091
9376,Mangalore,Telangana,India,0.509
9377,Ulhasnagar,Goa,India,0.23
9378,Aligarh,Manipur,India,0.179
9379,Agra,Odisha,India,0.252
9380,Kishanganj,Karnataka,India,0.047
9381,Bijapur,Uttarakhand,India,0.413
9382,Panipat,Gujarat,India,0.415
9383,Bareilly,Sikkim,India,0.264
9384,Kalyan-Dombivli,Karnataka,India,0.365
9385,Bulandshahr,Meghalaya,India,0.084
9386,Medininagar,Nagaland,India,0.563
9387,Chittoor,Nagaland,India,0.415
9388,Amaravati,Tamil Nadu,India,0.333
9389,Aurangabad,Mizoram,India,0.146
9390,Chapra,Maharashtra,India,0.565
9391,Vasai-Virar,Nagaland,India,0.485
9392,Dehri,Andhra Pradesh,India,0.383
9393,Jodhpur,Andhra Pradesh,India,0.234
9394,Sikar,Karnataka,India,0.039
9395,Rajpur Sonarpur,Uttarakhand,India,0.265
9396,Ramgarh,Andhra Pradesh,India,0.473
9397,Arrah,Meghalaya,India,0.216
9398,Bally,Sikkim,India,0.227
9399,Berhampur,Odisha,India,0.415
9400,Mehsana,Sikkim,India,0.283
9401,Buxar,Maharashtra,India,0.137
9402,Thiruvananthapuram,Arunachal Pradesh,India,0.061
9403,Ujjain,Maharashtra,India,0.432
9404,Varanasi,Telangana,India,0.409
9405,Tumkur,Meghalaya,India,0.186
9406,Phusro,Nagaland,India,0.235
9407,Bhiwani,Mizoram,India,0.266
9408,Ahmedabad,Punjab,India,0.414
9409,Thanjavur,Uttar Pradesh,India,0.208
9410,Tadipatri,Tamil Nadu,India,0.348
9411,Burhanpur,West Bengal,India,0.437
9412,Warangal,Madhya Pradesh,India,0.303
9413,Noida,Haryana,India,0.374
9414,Delhi,Bihar,India,0.241
9415,Amaravati,Goa,India,0.12
9416,Serampore,Madhya Pradesh,India,0.125
9417,Ulhasnagar,Arunachal Pradesh,India,0.11
9418,Bihar Sharif,Tripura,India,0.185
9419,Guwahati,Uttarakhand,India,0.234
9420,Hapur,Goa,India,0.262
9421,Gandhidham,Maharashtra,India,0.221
9422,Tadipatri,Manipur,India,0.233
9423,Sambhal,Meghalaya,India,0.213
9424,Singrauli,Punjab,India,0.067
9425,Aurangabad,Andhra Pradesh,India,0.462
9426,Surendranagar Dudhrej,Karnataka,India,0.23
9427,Ballia,Madhya Pradesh,India,0.134
9428,Chandrapur,Kerala,India,0.371
9429,New Delhi,Tamil Nadu,India,0.386
9430,Bihar Sharif,Andhra Pradesh,India,0.356
9431,Mangalore,Uttar Pradesh,India,0.054
9432,Rewa,Tamil Nadu,India,0.506
9433,Motihari,Tripura,India,0.261
9434,Patna,Manipur,India,0.145
9435,Bidhannagar,Punjab,India,0.369
9436,Suryapet,Rajasthan,India,0.474
9437,Kurnool,Mizoram,India,0.353
9438,Deoghar,Manipur,India,0.255
9439,Amritsar,Kerala,India,0.288
9440,Raichur,Andhra Pradesh,India,0.387
9441,Kollam,Punjab,India,0.279
9442,Berhampur,Manipur,India,0.054
9443,Bangalore,Bihar,India,0.489
9444,Durgapur,Maharashtra,India,0.144
9445,Korba,Kerala,India,0.243
9446,Purnia,Punjab,India,0.055
9447,Nashik,Assam,India,0.1
9448,Amroha,Tamil Nadu,India,0.184
9449,Bihar Sharif,Arunachal Pradesh,India,0.201
9450,Haridwar,Odisha,India,0.327
9451,Bijapur,Arunachal Pradesh,India,0.306
9452,Karawal Nagar,Rajasthan,India,0.457
9453,Deoghar,Manipur,India,0.005
9454,Pune,Goa,India,0.409
9455,Alappuzha,Uttarakhand,India,0.323
9456,Satna,Assam,India,0.059
9457,Maheshtala,Odisha,India,0.357
9458,Tirupati,Punjab,India,0.277
9459,Mira-Bhayandar,Sikkim,India,0.152
9460,Vasai-Virar,Assam,India,0.126
9461,Satna,Maharashtra,India,0.197
9462,Thrissur,Rajasthan,India,0.089
9463,Tumkur,Bihar,India,0.24
9464,Motihari,Assam,India,0.049
9465,Hubli–Dharwad,Goa,India,0.179
9466,Chennai,Sikkim,India,0.397
9467,Jhansi,Maharashtra,India,0.408
9468,Bardhaman,Arunachal Pradesh,India,0.341
9469,Thoothukudi,Tripura,India,0.034
9470,Bareilly,Tamil Nadu,India,0.199
9471,Firozabad,Odisha,India,0.449
9472,Dibrugarh,Chhattisgarh,India,0.174
9473,Bhubaneswar,Assam,India,0.282
9474,Tadipatri,Punjab,India,0.142
9475,Fatehpur,Nagaland,India,0.623
9476,Moradabad,Uttarakhand,India,0.235
9477,Tiruvottiyur,Bihar,India,0.135
9478,Pallavaram,Bihar,India,0.446
9479,Morbi,Maharashtra,India,0.19
9480,Mumbai,Assam,India,0.4
9481,Bardhaman,Nagaland,India,0.342
9482,Rewa,Jharkhand,India,0.212
9483,Nizamabad,Uttarakhand,India,0.276
9484,Baranagar,Sikkim,India,0.551
9485,Thiruvananthapuram,Madhya Pradesh,India,0.536
9486,Purnia,Mizoram,India,0.433
9487,Gangtok,Nagaland,India,0.028
9488,Bikaner,Mizoram,India,0.12
9489,Nagercoil,Bihar,India,0.392
9490,Buxar,Kerala,India,0.344
9491,Bareilly,Goa,India,0.265
9492,Vijayanagaram,Goa,India,0.019
9493,Loni,Goa,India,0.351
9494,Kharagpur,Gujarat,India,0.08
9495,Bhagalpur,Nagaland,India,0.318
9496,Anand,Assam,India,0.263
9497,Amaravati,Punjab,India,0.399
9498,Berhampore,Jharkhand,India,0.384
9499,Ahmedabad,Punjab,India,0.322
9500,Gudivada,Odisha,India,0.159
9501,Korba,Punjab,India,0.391
9502,Guna,Gujarat,India,0.216
9503,Karnal,Uttar Pradesh,India,0.373
9504,Uluberia,Arunachal Pradesh,India,0.119
9505,Imphal,Meghalaya,India,0.096
9506,Bally,Madhya Pradesh,India,0.451
9507,Hazaribagh,Chhattisgarh,India,0.087
9508,Pallavaram,Manipur,India,0.262
9509,Hosur,Punjab,India,0.178
9510,Sangli-Miraj & Kupwad,Maharashtra,India,0.438
9511,Bhusawal,Uttarakhand,India,0.132
9512,Begusarai,Gujarat,India,0.169
9513,Raipur,Kerala,India,0.154
9514,Siliguri,Goa,India,0.056
9515,Raiganj,Punjab,India,0.113
9516,Miryalaguda,Tamil Nadu,India,0.338
9517,Medininagar,Assam,India,0.362
9518,Jodhpur,Maharashtra,India,0.31
9519,Udupi,Tamil Nadu,India,0.181
9520,Ambala,Haryana,India,0.101
9521,Panvel,Kerala,India,0.037
9522,Dhanbad,Rajasthan,India,0.242
9523,Vadodara,Kerala,India,0.012
9524,Meerut,Odisha,India,0.167
9525,Katni,Gujarat,India,0.565
9526,Mangalore,Assam,India,0.511
9527,Hindupur,Andhra Pradesh,India,0.318
9528,Ambala,Gujarat,India,0.36
9529,Anantapuram,Arunachal Pradesh,India,0.314
9530,Ambala,Assam,India,0.054
9531,Ranchi,Tamil Nadu,India,0.267
9532,Dharmavaram,Telangana,India,0.53
9533,Visakhapatnam,Maharashtra,India,0.242
9534,Shahjahanpur,Tamil Nadu,India,0.168
9535,Bahraich,Tamil Nadu,India,0.182
9536,Bangalore,Chhattisgarh,India,0.233
9537,Surendranagar Dudhrej,Bihar,India,0.557
9538,Bhusawal,Odisha,India,0.451
9539,Dibrugarh,West Bengal,India,0.308
9540,Thanjavur,Haryana,India,0.209
9541,Sikar,Tamil Nadu,India,0.566
9542,Sasaram,Rajasthan,India,0.047
9543,Farrukhabad,Uttarakhand,India,0.094
9544,Rewa,Odisha,India,0.697
9545,Chandigarh,Uttar Pradesh,India,0.195
9546,Kulti,Assam,India,0.091
9547,Hazaribagh,Gujarat,India,0.312
9548,Secunderabad,Arunachal Pradesh,India,0.552
9549,Bangalore,Karnataka,India,0.347
9550,Yamunanagar,Uttar Pradesh,India,0.139
9551,Ambala,Meghalaya,India,0.23
9552,Tiruchirappalli,Meghalaya,India,0.464
9553,Berhampur,Tripura,India,0.183
9554,Proddatur,Tamil Nadu,India,0.376
9555,Dehri,Madhya Pradesh,India,0.071
9556,Kavali,Andhra Pradesh,India,0.064
9557,Ramagundam,Odisha,India,0.303
9558,Chandrapur,Kerala,India,0.119
9559,Kolkata,Haryana,India,0.512
9560,Dindigul,Gujarat,India,0.01
9561,Bhavnagar,Gujarat,India,0.344
9562,Karawal Nagar,Uttar Pradesh,India,0.613
9563,Hajipur,Karnataka,India,0.225
9564,Salem,Assam,India,0.066
9565,Unnao,Telangana,India,0.047
9566,Satna,Arunachal Pradesh,India,0.278
9567,Berhampur,Telangana,India,0.138
9568,Agartala,Andhra Pradesh,India,0.262
9569,Kozhikode,Meghalaya,India,0.385
9570,Gandhinagar,Uttarakhand,India,0.218
9571,Hazaribagh,Gujarat,India,0.268
9572,Kakinada,Haryana,India,0.266
9573,Kottayam,Maharashtra,India,0.349
9574,Bhusawal,Karnataka,India,0.148
9575,Adoni,Uttarakhand,India,0.514
9576,Nellore,Telangana,India,0.284
9577,Ahmednagar,Odisha,India,0.541
9578,Miryalaguda,Gujarat,India,0.19
9579,Chennai,Maharashtra,India,0.231
9580,Bhagalpur,Chhattisgarh,India,0.36
9581,Jaipur,Rajasthan,India,0.324
9582,Bally,Rajasthan,India,0.417
9583,Katihar,Maharashtra,India,0.31
9584,Chandrapur,Karnataka,India,0.573
9585,Kamarhati,Rajasthan,India,0.743
9586,Srinagar,Uttar Pradesh,India,0.539
9587,Raebareli,Maharashtra,India,0.142
9588,Allahabad,Manipur,India,0.253
9589,Jaunpur,Maharashtra,India,0.304
9590,Bhopal,Tamil Nadu,India,0.07
9591,Ahmednagar,Uttar Pradesh,India,0.139
9592,Nanded,Madhya Pradesh,India,0.236
9593,Bangalore,Nagaland,India,0.174
9594,Buxar,Himachal Pradesh,India,0.418
9595,Bidar,Kerala,India,0.362
9596,Jaipur,Uttar Pradesh,India,0.353
9597,Machilipatnam,Punjab,India,0.288
9598,Indore,Tripura,India,0.252
9599,Sonipat,Karnataka,India,0.087
9600,Bahraich,West Bengal,India,0.048
9601,Thane,Himachal Pradesh,India,0.222
9602,Gurgaon,Maharashtra,India,0.386
9603,Rajkot,Arunachal Pradesh,India,0.095
9604,Agartala,Punjab,India,0.353
9605,Ichalkaranji,Mizoram,India,0.282
9606,Kanpur,Telangana,India,0.26
9607,Ahmednagar,Mizoram,India,0.314
9608,Davanagere,Uttarakhand,India,0.179
9609,Kakinada,Bihar,India,0.398
9610,Malda,Gujarat,India,0.256
9611,Gulbarga,Uttarakhand,India,0.444
9612,Adoni,Nagaland,India,0.217
9613,Kottayam,Mizoram,India,0.626
9614,Thoothukudi,Manipur,India,0.601
9615,Visakhapatnam,Punjab,India,0.247
9616,Kavali,Karnataka,India,0.593
9617,Katni,Mizoram,India,0.092
9618,Jabalpur,Andhra Pradesh,India,0.158
9619,Bidar,Andhra Pradesh,India,0.197
9620,Kalyan-Dombivli,Meghalaya,India,0.277
9621,Bellary,West Bengal,India,0.091
9622,Kurnool,Andhra Pradesh,India,0.33
9623,Karawal Nagar,Jharkhand,India,0.214
9624,Patna,Tamil Nadu,India,0.11
9625,Rewa,Haryana,India,0.235
9626,Rajpur Sonarpur,Meghalaya,India,0.231
9627,Mangalore,Telangana,India,0.263
9628,Burhanpur,Assam,India,0.61
9629,Navi Mumbai,West Bengal,India,0.46
9630,Tiruvottiyur,Karnataka,India,0.327
9631,Baranagar,Odisha,India,0.386
9632,Mangalore,Nagaland,India,0.218
9633,Nagpur,Goa,India,0.487
9634,Chapra,Maharashtra,India,0.264
9635,Shimla,Mizoram,India,0.167
9636,Shahjahanpur,Mizoram,India,0.096
9637,Bhiwani,Maharashtra,India,0.26
9638,Siwan,Meghalaya,India,0.479
9639,Tadipatri,Karnataka,India,0.159
9640,Agartala,Uttar Pradesh,India,0.161
9641,Solapur,Gujarat,India,0.334
9642,Uluberia,Haryana,India,0.243
9643,Tiruppur,Odisha,India,0.389
9644,Dharmavaram,West Bengal,India,0.566
9645,Hindupur,Andhra Pradesh,India,0.461
9646,Sonipat,Kerala,India,0.369
9647,Vijayawada,Uttar Pradesh,India,0.199
9648,Hajipur,Karnataka,India,0.3
9649,Ballia,Maharashtra,India,0.362
9650,Nizamabad,Tripura,India,0.026
9651,Satara,Uttarakhand,India,0.071
9652,Jalgaon,Telangana,India,0.176
9653,Barasat,Gujarat,India,0.278
9654,Tirupati,Mizoram,India,0.223
9655,Avadi,Karnataka,India,0.116
9656,Shimla,West Bengal,India,0.524
9657,Gwalior,Uttarakhand,India,0.064
9658,Siliguri,Telangana,India,0.518
9659,Akola,Nagaland,India,0.281
9660,Ahmednagar,Goa,India,0.133
9661,Bharatpur,Bihar,India,0.484
9662,Vadodara,Nagaland,India,0.374
9663,Gwalior,Manipur,India,0.419
9664,Ichalkaranji,Jharkhand,India,0.134
9665,Madanapalle,Meghalaya,India,0.236
9666,Anantapuram,Andhra Pradesh,India,0.147
9667,Mira-Bhayandar,Gujarat,India,0.145
9668,Silchar,Punjab,India,0.359
9669,Kirari Suleman Nagar,Jharkhand,India,0.265
9670,Bhubaneswar,Karnataka,India,0.219
9671,Mirzapur,Jharkhand,India,0.252
9672,Bhopal,Mizoram,India,0.254
9673,Berhampur,Himachal Pradesh,India,0.171
9674,Hajipur,Chhattisgarh,India,0.276
9675,Secunderabad,Himachal Pradesh,India,0.307
9676,Jaunpur,Maharashtra,India,0.292
9677,Amaravati,Arunachal Pradesh,India,0.23
9678,Sultan Pur Majra,Sikkim,India,0.291
9679,Kota,Mizoram,India,0.162
9680,Kirari Suleman Nagar,Sikkim,India,0.231
9681,Hajipur,Punjab,India,0.29
9682,Raiganj,Sikkim,India,0.305
9683,Tezpur,Chhattisgarh,India,0.295
9684,Satna,Assam,India,0.24
9685,Sagar,Haryana,India,0.152
9686,Panchkula,Manipur,India,0.412
9687,Ahmednagar,Madhya Pradesh,India,0.346
9688,Bhiwandi,Meghalaya,India,0.198
9689,Berhampore,Sikkim,India,0.62
9690,Hubli–Dharwad,Telangana,India,0.007
9691,Vijayanagaram,Tripura,India,0.591
9692,Asansol,Jharkhand,India,0.162
9693,Avadi,Kerala,India,0.175
9694,Durgapur,Jharkhand,India,0.405
9695,Tezpur,Nagaland,India,0.061
9696,Mirzapur,Meghalaya,India,0.101
9697,Davanagere,Himachal Pradesh,India,0.613
9698,Thoothukudi,Haryana,India,0.176
9699,Srinagar,Odisha,India,0.591
9700,Bhiwandi,Bihar,India,0.157
9701,Karnal,Uttar Pradesh,India,0.243
9702,Muzaffarpur,Sikkim,India,0.25
9703,Kota,Uttar Pradesh,India,0.33
9704,Nagpur,Arunachal Pradesh,India,0.06
9705,Satna,Mizoram,India,0.313
9706,Bikaner,Tamil Nadu,India,0.174
9707,Kolkata,Madhya Pradesh,India,0.409
9708,Kamarhati,Mizoram,India,0.416
9709,Aligarh,Uttar Pradesh,India,0.135
9710,Dibrugarh,Meghalaya,India,0.123
9711,Mango,Andhra Pradesh,India,0.209
9712,Imphal,Kerala,India,0.217
9713,Coimbatore,Tripura,India,0.289
9714,Secunderabad,Assam,India,0.01
9715,Farrukhabad,Tamil Nadu,India,0.563
9716,Nangloi Jat,Goa,India,0.197
9717,Tiruppur,Bihar,India,0.202
9718,Jabalpur,Telangana,India,0.536
9719,Bhind,Bihar,India,0.248
9720,Baranagar,Andhra Pradesh,India,0.316
9721,Ozhukarai,Tamil Nadu,India,0.151
9722,Dehri,Maharashtra,India,0.144
9723,Firozabad,Punjab,India,0.472
9724,Dehri,Bihar,India,0.624
9725,Panvel,Mizoram,India,0.543
9726,Vasai-Virar,Tamil Nadu,India,0.197
9727,Secunderabad,Arunachal Pradesh,India,0.297
9728,Agra,Andhra Pradesh,India,0.253
9729,Srinagar,Meghalaya,India,0.433
9730,Tumkur,Manipur,India,0.262
9731,Mau,Bihar,India,0.238
9732,Kozhikode,Haryana,India,0.175
9733,Alappuzha,Uttarakhand,India,0.26
9734,Hajipur,Uttar Pradesh,India,0.314
9735,Malegaon,Tripura,India,0.39
9736,Shivpuri,Uttarakhand,India,0.354
9737,Shivpuri,Sikkim,India,0.346
9738,Loni,Jharkhand,India,0.171
9739,Bhavnagar,Gujarat,India,0.203
9740,Kottayam,Odisha,India,0.263
9741,Bongaigaon,Punjab,India,0.142
9742,Begusarai,Madhya Pradesh,India,0.642
9743,Kolhapur,Goa,India,0.479
9744,Bokaro,Rajasthan,India,0.27
9745,Jalandhar,Rajasthan,India,0.043
9746,Thane,Meghalaya,India,0.146
9747,Ujjain,Kerala,India,0.113
9748,Phagwara,Goa,India,0.359
9749,Tumkur,Himachal Pradesh,India,0.538
9750,Jorhat,Mizoram,India,0.317
9751,Ulhasnagar,Manipur,India,0.106
9752,Nizamabad,Assam,India,0.421
9753,Ratlam,Mizoram,India,0.247
9754,Bokaro,Uttar Pradesh,India,0.061
9755,Siliguri,Rajasthan,India,0.639
9756,Patiala,Maharashtra,India,0.082
9757,Saharanpur,Punjab,India,0.613
9758,Kirari Suleman Nagar,Maharashtra,India,0.087
9759,Tumkur,Manipur,India,0.438
9760,Secunderabad,Odisha,India,0.099
9761,Ajmer,Tripura,India,0.388
9762,Saharanpur,Bihar,India,0.249
9763,Nanded,Odisha,India,0.427
9764,Ramgarh,Tamil Nadu,India,0.138
9765,Chennai,Meghalaya,India,0.634
9766,Deoghar,Tripura,India,0.209
9767,Ambarnath,Punjab,India,0.035
9768,Vadodara,Assam,India,0.152
9769,Parbhani,Bihar,India,0.519
9770,Chinsurah,Bihar,India,0.136
9771,Raurkela Industrial Township,Assam,India,0.293
9772,Mumbai,Himachal Pradesh,India,0.587
9773,Srikakulam,Telangana,India,0.031
9774,Kamarhati,Odisha,India,0.271
9775,Raebareli,Uttarakhand,India,0.25
9776,Nagercoil,Sikkim,India,0.467
9777,Durg,Nagaland,India,0.413
9778,Tiruvottiyur,Kerala,India,0.424
9779,Tirunelveli,Chhattisgarh,India,0.132
9780,Rewa,Haryana,India,0.482
9781,Jalgaon,Karnataka,India,0.303
9782,Gwalior,Jharkhand,India,0.278
9783,Muzaffarnagar,Manipur,India,0.258
9784,Ambarnath,Himachal Pradesh,India,0.471
9785,Jamshedpur,Bihar,India,0.117
9786,Sultan Pur Majra,Karnataka,India,0.185
9787,Begusarai,Arunachal Pradesh,India,0.075
9788,Kumbakonam,Goa,India,0.111
9789,Raurkela Industrial Township,Haryana,India,0.115
9790,Hyderabad,Uttar Pradesh,India,0.087
9791,Anand,Tripura,India,0.113
9792,Ahmedabad,Kerala,India,0.227
9793,Nagpur,Andhra Pradesh,India,0.309
9794,Nashik,Punjab,India,0.139
9795,Sagar,Maharashtra,India,0.346
9796,Burhanpur,Manipur,India,0.332
9797,Bidar,Maharashtra,India,0.1
9798,Vijayawada,Manipur,India,0.54
9799,Kumbakonam,Himachal Pradesh,India,0.744
9800,Jaipur,Nagaland,India,0.218
9801,Tinsukia,Andhra Pradesh,India,0.799
9802,Bikaner,Haryana,India,0.077
9803,Hosur,West Bengal,India,0.222
9804,Sagar,Himachal Pradesh,India,0.17
9805,Amravati,West Bengal,India,0.311
9806,Miryalaguda,Rajasthan,India,0.179
9807,Ratlam,Meghalaya,India,0.296
9808,Rajpur Sonarpur,Rajasthan,India,0.106
9809,Ambarnath,Uttarakhand,India,0.06
9810,Tirupati,Gujarat,India,0.222
9811,Arrah,Haryana,India,0.144
9812,Surat,Karnataka,India,0.348
9813,Kollam,Tripura,India,0.21
9814,Karimnagar,Himachal Pradesh,India,0.244
9815,Rajahmundry,Himachal Pradesh,India,0.462
9816,Raebareli,West Bengal,India,0.149
9817,Bikaner,Bihar,India,0.152
9818,Tiruppur,Arunachal Pradesh,India,0.155
9819,Sasaram,Maharashtra,India,0.075
9820,Jaunpur,Mizoram,India,0.111
9821,Sambhal,Andhra Pradesh,India,0.659
9822,Kulti,Gujarat,India,0.268
9823,Nagaon,Maharashtra,India,0.192
9824,Aurangabad,Haryana,India,0.342
9825,Thrissur,Meghalaya,India,0.269
9826,Ongole,Chhattisgarh,India,0.165
9827,Mehsana,Himachal Pradesh,India,0.059
9828,Eluru,Arunachal Pradesh,India,0.102
9829,Dehri,Assam,India,0.155
9830,Khora ,Sikkim,India,0.303
9831,Madhyamgram,Tripura,India,0.043
9832,Kumbakonam,Haryana,India,0.16
9833,Ramgarh,Maharashtra,India,0.278
9834,Bidhannagar,Meghalaya,India,0.272
9835,Madurai,Mizoram,India,0.064
9836,Hubli–Dharwad,Haryana,India,0.099
9837,Kavali,West Bengal,India,0.271
9838,Bongaigaon,Rajasthan,India,0.565
9839,Bokaro,Assam,India,0.301
9840,Thanjavur,Nagaland,India,0.595
9841,Ambala,Mizoram,India,0.155
9842,Imphal,Telangana,India,0.542
9843,Udaipur,Meghalaya,India,0.135
9844,Satna,Bihar,India,0.716
9845,Machilipatnam,Meghalaya,India,0.113
9846,Machilipatnam,Karnataka,India,0.464
9847,Dhanbad,Kerala,India,0.434
9848,Kolhapur,Jharkhand,India,0.087
9849,Chandigarh,Manipur,India,0.283
9850,Chittoor,Tripura,India,0.396
9851,Varanasi,Uttarakhand,India,0.085
9852,Durgapur,Tripura,India,0.095
9853,Ballia,Maharashtra,India,0.102
9854,Meerut,Telangana,India,0.203
9855,Bihar Sharif,Rajasthan,India,0.365
9856,Nangloi Jat,Himachal Pradesh,India,0.638
9857,Raiganj,Goa,India,0.156
9858,Sagar,Gujarat,India,0.143
9859,Munger,Kerala,India,0.179
9860,Hindupur,Odisha,India,0.304
9861,Hyderabad,Meghalaya,India,0.128
9862,Warangal,Jharkhand,India,0.123
9863,Motihari,Punjab,India,0.121
9864,Ghaziabad,Meghalaya,India,0.452
9865,Bhusawal,Bihar,India,0.167
9866,Chennai,West Bengal,India,0.201
9867,Parbhani,Gujarat,India,0.19
9868,Bhilwara,Telangana,India,0.568
9869,Thanjavur,Kerala,India,0.274
9870,Munger,Arunachal Pradesh,India,0.177
9871,Thane,Tripura,India,0.225
9872,Tirupati,Haryana,India,0.257
9873,Hubli–Dharwad,Odisha,India,0.172
9874,Bhatpara,Manipur,India,0.404
9875,Sultan Pur Majra,Telangana,India,0.06
9876,Lucknow,Meghalaya,India,0.555
9877,Guntur,Andhra Pradesh,India,0.057
9878,Machilipatnam,Haryana,India,0.567
9879,Mangalore,Haryana,India,0.273
9880,Hyderabad,Madhya Pradesh,India,0.422
9881,Bhilai,Jharkhand,India,0.319
9882,Bhatpara,Meghalaya,India,0.178
9883,Kumbakonam,Maharashtra,India,0.402
9884,Karimnagar,Tamil Nadu,India,0.137
9885,Ulhasnagar,Chhattisgarh,India,0.02
9886,Ajmer,Odisha,India,0.069
9887,Kumbakonam,Gujarat,India,0.14
9888,Meerut,Meghalaya,India,0.151
9889,Loni,Himachal Pradesh,India,0.241
9890,Amritsar,Telangana,India,0.281
9891,Mahbubnagar,Odisha,India,0.388
9892,Latur,Assam,India,0.111
9893,Bhilai,Mizoram,India,0.279
9894,Chandrapur,Karnataka,India,0.312
9895,Satara,West Bengal,India,0.377
9896,Firozabad,Manipur,India,0.338
9897,Bokaro,Madhya Pradesh,India,0.667
9898,Jammu,Chhattisgarh,India,0.199
9899,Pudukkottai,Tamil Nadu,India,0.363
9900,Asansol,Manipur,India,0.51
9901,Bettiah,Karnataka,India,0.587
9902,Bhusawal,Arunachal Pradesh,India,0.2
9903,Anantapur,Haryana,India,0.471
9904,Shivpuri,Assam,India,0.578
9905,Sultan Pur Majra,Bihar,India,0.128
9906,Dehradun,Goa,India,0.032
9907,Khora ,Telangana,India,0.265
9908,Mahbubnagar,Uttar Pradesh,India,0.642
9909,Ramagundam,Mizoram,India,0.118
9910,Mehsana,Himachal Pradesh,India,0.211
9911,Jorhat,Karnataka,India,0.212
9912,Bhalswa Jahangir Pur,Odisha,India,0.292
9913,Rajahmundry,Assam,India,0.556
9914,Dindigul,Jharkhand,India,0.607
9915,Tezpur,Madhya Pradesh,India,0.144
9916,Nizamabad,Himachal Pradesh,India,0.125
9917,Nellore,Nagaland,India,0.329
9918,Anantapuram,Tripura,India,0.702
9919,Sultan Pur Majra,Odisha,India,0.194
9920,Karaikudi,Sikkim,India,0.269
9921,Navi Mumbai,Tripura,India,0.181
9922,Anand,Himachal Pradesh,India,0.445
9923,Narasaraopet,Gujarat,India,0.253
9924,Asansol,Tripura,India,0.184
9925,Ludhiana,West Bengal,India,0.227
9926,Maheshtala,Kerala,India,0.086
9927,Surendranagar Dudhrej,Jharkhand,India,0.34
9928,Erode,Gujarat,India,0.16
9929,Bidhannagar,Uttar Pradesh,India,0.392
9930,Tiruppur,Gujarat,India,0.104
9931,Farrukhabad,Manipur,India,0.186
9932,Hyderabad,Telangana,India,0.029
9933,Bhagalpur,Assam,India,0.354
9934,Panchkula,West Bengal,India,0.258
9935,Cuttack,Arunachal Pradesh,India,0.3
9936,Mango,Jharkhand,India,0.125
9937,Allahabad,Chhattisgarh,India,0.214
9938,Jorhat,Tamil Nadu,India,0.218
9939,Solapur,Kerala,India,0.302
9940,Bidar,Odisha,India,0.054
9941,Bharatpur,Tamil Nadu,India,0.097
9942,Vijayanagaram,Bihar,India,0.132
9943,Ichalkaranji,West Bengal,India,0.224
9944,Rourkela,Madhya Pradesh,India,0.352
9945,Thoothukudi,Andhra Pradesh,India,0.75
9946,Ozhukarai,Goa,India,0.329
9947,Chittoor,Telangana,India,0.397
9948,Chennai,West Bengal,India,0.277
9949,Kulti,West Bengal,India,0.668
9950,Kollam,Assam,India,0.093
9951,Secunderabad,Arunachal Pradesh,India,0.533
9952,Bongaigaon,Chhattisgarh,India,0.542
9953,Patna,Jharkhand,India,0.147
9954,Bhopal,Goa,India,0.234
9955,Berhampore,Tripura,India,0.479
9956,Kollam,Uttarakhand,India,0.612
9957,Aurangabad,Rajasthan,India,0.299
9958,Tinsukia,Jharkhand,India,0.033
9959,Kozhikode,Himachal Pradesh,India,0.196
9960,Pudukkottai,Kerala,India,0.669
9961,Mysore,Madhya Pradesh,India,0.31
9962,Nellore,West Bengal,India,0.087
9963,Kadapa,Uttar Pradesh,India,0.13
9964,Bilaspur,Telangana,India,0.624
9965,Rajkot,Bihar,India,0.357
9966,Baranagar,Sikkim,India,0.132
9967,Asansol,Goa,India,0.186
9968,Purnia,Manipur,India,0.45
9969,Parbhani,Jharkhand,India,0.494
9970,Thane,West Bengal,India,0.417
9971,Erode,Manipur,India,0.206
9972,Mysore,Telangana,India,0.084
9973,Bardhaman,Arunachal Pradesh,India,0.504
9974,Bokaro,Arunachal Pradesh,India,0.171
9975,Kharagpur,Himachal Pradesh,India,0.071
9976,Kirari Suleman Nagar,Uttarakhand,India,0.277
9977,Ambarnath,Karnataka,India,0.628
9978,Panihati,Meghalaya,India,0.117
9979,Vasai-Virar,Karnataka,India,0.141
9980,Rajpur Sonarpur,Tripura,India,0.295
9981,Srikakulam,Meghalaya,India,0.048
9982,Surat,Tripura,India,0.074
9983,Junagadh,Tamil Nadu,India,0.402
9984,Nizamabad,Andhra Pradesh,India,0.195
9985,Patiala,Odisha,India,0.193
9986,Mathura,Goa,India,0.599
9987,Ballia,Maharashtra,India,0.189
9988,Berhampore,Sikkim,India,0.184
9989,Ramgarh,Bihar,India,0.068
9990,Maheshtala,Arunachal Pradesh,India,0.134
9991,Bhatpara,Tamil Nadu,India,0.174
9992,Hubli–Dharwad,Mizoram,India,0.344
9993,Malegaon,Gujarat,India,0.354
9994,Lucknow,Manipur,India,0.108
9995,Srinagar,Maharashtra,India,0.344
9996,Patiala,West Bengal,India,0.632
9997,Gandhinagar,Maharashtra,India,0.249
9998,Naihati,Sikkim,India,0.353
9999,Nellore,Odisha,India,0.292
